-- phpMyAdmin SQL Dump
-- version 4.4.10
-- http://www.phpmyadmin.net
--
-- Host: localhost:8889
-- Generation Time: 2016 年 7 月 07 日 13:05
-- サーバのバージョン： 5.5.42-log
-- PHP Version: 5.6.10

SET SQL_MODE = "NO_AUTO_VALUE_ON_ZERO";
SET time_zone = "+00:00";


/*!40101 SET @OLD_CHARACTER_SET_CLIENT=@@CHARACTER_SET_CLIENT */;
/*!40101 SET @OLD_CHARACTER_SET_RESULTS=@@CHARACTER_SET_RESULTS */;
/*!40101 SET @OLD_COLLATION_CONNECTION=@@COLLATION_CONNECTION */;
/*!40101 SET NAMES utf8mb4 */;

--
-- Database: `mamazon`
--
CREATE DATABASE IF NOT EXISTS `mamazon` DEFAULT CHARACTER SET utf8 COLLATE utf8_general_ci;
USE `mamazon`;

-- --------------------------------------------------------

--
-- テーブルの構造 `brand`
--

DROP TABLE IF EXISTS `brand`;
CREATE TABLE `brand` (
  `id` tinyint(3) unsigned zerofill NOT NULL,
  `japanese_name` varchar(20) NOT NULL,
  `chinese_name` varchar(20) NOT NULL,
  `english_name` varchar(20) NOT NULL
) ENGINE=InnoDB AUTO_INCREMENT=45 DEFAULT CHARSET=utf8;

--
-- テーブルのデータのダンプ `brand`
--

INSERT INTO `brand` (`id`, `japanese_name`, `chinese_name`, `english_name`) VALUES
(001, '花王', '花王', 'KAO'),
(015, 'ユニチャーム', '尤尼佳', 'MOONY'),
(016, 'グーン', '大王', 'GOON'),
(017, '明治', '明治', 'MEIJI'),
(018, 'アイクレオ', '固力果', 'ICREO'),
(019, '和光堂', '和光堂', 'WAKODO'),
(020, '森永', '森永', 'MORINAGA'),
(021, 'ベッタ', '贝塔', 'BETTA'),
(022, '犬印', '犬印', 'INUJIRUSHI'),
(023, 'ピジョン', '贝亲', 'PIGEON'),
(024, 'DACCO', '三洋', 'DACCO'),
(025, '龍角散', '龙角散', ' '),
(026, '小林製薬', '小林制药', ' '),
(027, '太田胃散', '太田胃散', ' '),
(028, '大正製薬', '大正制药', ' '),
(029, '佐藤製薬', '佐藤制药', ' '),
(030, '久光製薬', '久光制药', ' '),
(031, '救心製薬', '救心制药', ' '),
(032, 'ハーバー', 'HABA', ' '),
(033, 'FANCL', '芳珂', 'FANCL'),
(034, 'mama&kids', 'mama&kids', ' '),
(035, 'サーモス', '膳魔师', 'THERMOS'),
(036, 'タイガー', '虎牌', 'TIGER'),
(037, '象印', '象印', 'ZOJIRUSHI'),
(038, 'アトピコ', '阿B哥', 'ATOPICO'),
(039, 'ビオレ', '碧柔', 'BIORE'),
(040, '資生堂', '资生堂', 'SHISEIDO'),
(041, 'ワコール', '华歌尔', 'WACOAL'),
(042, '丸栄バイオファーマ', '丸荣', ' '),
(043, 'パンパース', '帮宝适', 'PAMPERS'),
(044, 'BELLE MAISON', '千趣会', 'SENSHUKAI');

-- --------------------------------------------------------

--
-- テーブルの構造 `customer`
--

DROP TABLE IF EXISTS `customer`;
CREATE TABLE `customer` (
  `id` int(10) unsigned zerofill NOT NULL,
  `name` varchar(10) NOT NULL,
  `state` tinyint(2) unsigned zerofill NOT NULL,
  `address` varchar(40) NOT NULL,
  `tel` varchar(11) NOT NULL,
  `rank` tinyint(1) unsigned zerofill NOT NULL,
  `create_time` datetime NOT NULL,
  `update_time` datetime NOT NULL
) ENGINE=InnoDB DEFAULT CHARSET=utf8;

-- --------------------------------------------------------

--
-- テーブルの構造 `item`
--

DROP TABLE IF EXISTS `item`;
CREATE TABLE `item` (
  `id` int(10) unsigned zerofill NOT NULL,
  `brand` tinyint(3) unsigned zerofill DEFAULT NULL,
  `japanese_name` varchar(50) NOT NULL,
  `chinese_name` varchar(50) NOT NULL,
  `ship` tinyint(4) NOT NULL DEFAULT '2',
  `weight` smallint(5) unsigned zerofill NOT NULL,
  `check_weight` enum('0','1') NOT NULL DEFAULT '0',
  `price_in` int(11) NOT NULL DEFAULT '0',
  `rate` float DEFAULT '1',
  `price_out` int(11) NOT NULL DEFAULT '0',
  `shop` tinyint(3) NOT NULL DEFAULT '1',
  `link` varchar(100) DEFAULT NULL,
  `descripe` varchar(200) DEFAULT '@@',
  `kind` tinyint(3) unsigned zerofill DEFAULT NULL,
  `create_time` datetime NOT NULL,
  `update_time` datetime NOT NULL
) ENGINE=InnoDB AUTO_INCREMENT=201 DEFAULT CHARSET=utf8;

--
-- テーブルのデータのダンプ `item`
--

INSERT INTO `item` (`id`, `brand`, `japanese_name`, `chinese_name`, `ship`, `weight`, `check_weight`, `price_in`, `rate`, `price_out`, `shop`, `link`, `descripe`, `kind`, `create_time`, `update_time`) VALUES
(0000000001, 001, 'メリーズ テープ 新生児 90枚', '尿不湿 新生儿/NB(～5kg) 90枚', 5, 01800, '0', 1325, 1.35, 0, 2, NULL, '@@', NULL, '2016-05-07 16:33:58', '2016-05-14 14:32:02'),
(0000000002, 001, 'メリーズ テープ  S 82枚', '尿不湿 S(4～8kg) 82枚', 5, 02000, '0', 1410, 1.25, 0, 1, NULL, '@@', NULL, '2016-05-09 16:25:59', '2016-05-14 14:32:39'),
(0000000003, 001, 'メリーズ テープ  M 64枚', '尿不湿 M(6～11kg) 64枚', 5, 01900, '0', 1428, 1.35, 0, 3, NULL, '@@', NULL, '2016-05-09 16:29:04', '2016-05-14 11:38:39'),
(0000000004, 015, 'エアフィット S 84枚', '尿不湿 S(4～8kg) 84枚', 5, 02300, '0', 1360, 1.25, 0, 1, NULL, '@@', NULL, '2016-05-11 10:49:41', '2016-05-14 10:37:05'),
(0000000005, 015, 'エアフィット 新生児 90枚', '尿不湿 新生儿/NB(～5kg) 90枚', 5, 01800, '0', 1360, 1.25, 0, 1, NULL, '@@', NULL, '2016-05-11 11:22:19', '2016-05-14 10:37:33'),
(0000000006, 015, 'エアフィット M 64枚', '尿不湿 M(6～11kg) 64枚', 5, 02100, '0', 1390, 1.25, 0, 1, NULL, '@@', NULL, '2016-05-11 11:35:52', '2016-05-14 10:38:02'),
(0000000007, 015, 'エアフィット L 54枚', '尿不湿 L(9～14kg) 54枚', 5, 01800, '0', 1360, 1.25, 0, 1, NULL, '@@', NULL, '2016-05-11 11:59:09', '2016-05-14 10:38:31'),
(0000000008, 001, 'メリーズ パンツ M 58枚', '拉拉裤 M(6～11kg) 58枚', 5, 02200, '0', 1410, 1.25, 0, 1, NULL, '@@', NULL, '2016-05-14 12:13:57', '2016-06-27 15:16:52'),
(0000000009, 001, 'メリーズ パンツ L 44枚', '拉拉裤 L(9～14kg) 44枚', 5, 01500, '0', 1410, 1.25, 0, 1, NULL, '@@', NULL, '2016-05-14 12:16:34', '2016-06-27 15:15:45'),
(0000000010, 016, '天使の産着 新生児 62枚', '天使 尿不湿 新生儿/NB(～5kg) 62枚', 5, 01500, '0', 1480, 1.35, 0, 2, NULL, '@@', NULL, '2016-05-14 14:23:20', '2016-05-14 14:29:12'),
(0000000011, 016, '天使の産着 S 58枚', '天使 尿不湿 S(4～8kg) 58枚', 5, 01500, '0', 1480, 1.35, 0, 2, NULL, '@@', NULL, '2016-05-14 14:31:17', '2016-05-14 14:31:17'),
(0000000012, 016, '天使の産着 M 46枚', '天使 尿不湿 M(6～11kg) 46枚', 5, 01400, '0', 1780, 1.35, 0, 2, NULL, '@@', NULL, '2016-05-14 14:36:35', '2016-06-27 13:16:48'),
(0000000013, 016, '天使の産着 L 38枚', '天使 尿不湿 L(9～14kg) 38枚', 5, 01300, '0', 2380, 1.35, 0, 2, NULL, '@@', NULL, '2016-05-14 14:38:58', '2016-05-14 14:38:58'),
(0000000014, 017, '明治 ほほえみ 800g', '奶粉 一段/1段(～1岁) 800克', 5, 01000, '0', 2170, 0.9, 0, 1, NULL, '@@', NULL, '2016-05-14 15:05:51', '2016-06-17 11:10:13'),
(0000000015, 017, '明治 ステップ 820g', '奶粉 二段/2段(1～3岁) 820克', 5, 01000, '0', 1690, 0.9, 0, 1, NULL, '@@', NULL, '2016-05-14 15:07:48', '2016-06-17 09:55:53'),
(0000000016, 018, 'アイクレオ バランスミルク 800g', '奶粉 一段/1段(～9个月) 800克', 5, 01000, '0', 2690, 1.25, 0, 1, NULL, '@@', NULL, '2016-05-14 15:14:38', '2016-05-14 15:14:38'),
(0000000017, 018, 'アイクレオ フォローアップミルク 820g', '奶粉 二段/2段(9个月～3岁) 820克', 5, 01000, '0', 2030, 1.25, 0, 1, NULL, '@@', NULL, '2016-05-14 15:16:37', '2016-05-14 15:16:37'),
(0000000018, 019, 'はいはい 850g', '奶粉 一段/1段(～9个月) 850克', 5, 01100, '0', 1970, 0.9, 0, 1, NULL, '@@', NULL, '2016-05-14 15:24:02', '2016-06-19 07:10:24'),
(0000000019, 019, 'ぐんぐん 850g', '奶粉 二段/2段(9个月～3岁) 850克', 5, 01100, '0', 1351, 1, 0, 6, NULL, '@@', NULL, '2016-05-14 15:27:04', '2016-06-21 09:39:09'),
(0000000020, 020, '森永はぐくみ 810g', '奶粉 一段/1段(～1岁) 810克', 5, 01000, '0', 2055, 1.35, 0, 6, NULL, '@@', NULL, '2016-05-14 15:37:06', '2016-05-17 16:36:31'),
(0000000021, 020, '森永 チルミル 820g', '奶粉 二段/2段(1～3岁) 820克', 5, 01000, '0', 1548, 1.35, 0, 6, NULL, '@@', NULL, '2016-05-14 15:38:47', '2016-05-17 16:32:40'),
(0000000022, 021, 'ブレイン S2‐Botanical セット', '智能PPSU奶瓶套装', 2, 00600, '0', 9100, 1.3, 0, 4, NULL, '(1,智能PPSUl240ml奶瓶 2,智能PPSU120m奶瓶l 3,betta专用马毛瓶刷2件套 4,替换奶瓶盖 5,漏斗 6,奶瓶保温套（随机,8色可选,请留言备注） 7,奶瓶清洗液150ml)@@', NULL, '2016-05-14 16:01:32', '2016-05-15 10:55:00'),
(0000000023, 021, 'ブレイン  PPSU発売記念セット', '智能PPSU奶瓶套装', 2, 00600, '0', 7700, 1.3, 0, 4, NULL, '(1,智能PPSUl240ml奶瓶 2,智能PPSU120m奶瓶 3,betta专用马毛瓶刷2件套 4,智能O型奶嘴2枚盒装 5,漏斗 6,奶瓶保温套（随机,8色可选,请留言备注))@@', NULL, '2016-05-14 16:17:52', '2016-05-15 10:55:38'),
(0000000024, 021, 'ジュエル ママパパ安心 セット', '钻石玻璃+PPSU奶瓶套装', 2, 00800, '0', 12900, 1.3, 0, 4, NULL, '(1,钻石玻璃150ml奶瓶 2,钻石PPSU240ml奶瓶 3,钻石PPSU120ml奶瓶 4,专用马毛瓶刷2件套 5,奶瓶 清洗液150ML瓶装 6,钻石×型奶嘴2枚盒装 7,漏斗 8,替换奶盖 9,奶瓶保温套（13色可选, 不留言则随机发货))@@', NULL, '2016-05-15 10:48:01', '2016-05-15 10:48:01'),
(0000000025, 021, 'ジュエル S2-Bee セット', '宝石PPSU奶瓶套装', 2, 00600, '0', 8700, 1.3, 0, 4, NULL, '(1,宝石PPSUl240ml奶瓶 2,宝石PPSU120m奶瓶l 3,专用马毛瓶刷2件套 4,替换奶瓶盖 5,漏斗 6,奶瓶保温套（随机,8色可选,请留言备注） 7,奶瓶清洗液150ml)@@', NULL, '2016-05-15 10:54:09', '2016-05-15 10:56:07'),
(0000000026, 021, 'ジュエル  PPSU セット', '宝石PPSU奶瓶套装', 2, 00600, '0', 7400, 1.3, 0, 4, NULL, '(1,宝石PPSUl240ml奶瓶 2,宝石PPSU120m奶瓶 3,专用马毛瓶刷2件套 4,宝石x型奶嘴2枚盒装 5,漏斗 6,奶瓶保温套（随机,8色可选,请留言备注))@@', NULL, '2016-05-15 10:58:31', '2016-05-15 10:58:31'),
(0000000027, 022, 'S3054', '产后束腹收腹带 S3054 3L', 2, 00200, '0', 3456, 1.35, 0, 5, NULL, '顺产剖腹产兼用 第一阶段 产后立即使用 @粉色,黑色 ＠M,L,2L,3L', NULL, '2016-05-15 11:37:07', '2016-06-22 14:46:18'),
(0000000028, 022, 'G4508', '产后束腹收腹带 G4508 ', 2, 00200, '0', 4860, 1.35, 0, 5, NULL, '第三阶段 产后一个月开始使用 @肉色,黑色 ＠M,L,2L', NULL, '2016-05-15 11:47:13', '2016-05-15 12:01:33'),
(0000000029, 022, 'N3810', '产后骨盆矫正恢复带 N3810 2L,3L', 2, 00200, '0', 4320, 1.35, 0, 5, NULL, '加强型收胯提臀 ＠＠M,L,2L,3L', NULL, '2016-05-15 11:50:28', '2016-06-22 17:30:27'),
(0000000030, 022, 'HB8055', '孕妇产前托腹保胎子宫保暖带 HB8055', 2, 00200, '0', 3888, 1.35, 0, 5, NULL, '＠＠M,L,2L,3L', NULL, '2016-05-15 11:57:19', '2016-05-15 12:02:42'),
(0000000031, 022, 'BR1569', '孕妇哺乳文胸 BR1569', 2, 00200, '0', 2484, 1.35, 0, 5, NULL, '无钢圈 @粉色,黑色 ＠M,L,2L,3L,4L,5L', NULL, '2016-05-15 12:07:27', '2016-05-16 17:06:21'),
(0000000032, 023, '母乳実感 乳首', '奶嘴 1盒2个', 2, 00100, '0', 1020, 1.25, 0, 1, NULL, 'SS(出生～) S(1个月～) M(3个月～) L(6个月～) @ ＠SS,S,M,L', NULL, '2016-05-16 16:27:14', '2016-05-16 16:32:26'),
(0000000033, 023, '母乳実感 哺乳びん ガラス 160ml', '玻璃奶瓶 160ml (出生～) ', 2, 00200, '0', 1910, 1.25, 0, 1, NULL, '@黄色,绿色＠', NULL, '2016-05-16 16:38:18', '2016-05-16 16:40:13'),
(0000000034, 023, '母乳実感 哺乳びん ガラス 240ml', '玻璃奶瓶 240ml (3个月～) ', 2, 00300, '0', 2110, 1.25, 0, 1, NULL, '@黄色,绿色＠', NULL, '2016-05-16 16:41:15', '2016-05-16 17:08:23'),
(0000000035, 023, '母乳実感 哺乳びん プラスチック 160ml', '树脂奶瓶 160ml (出生～) ', 2, 00100, '0', 1730, 1.25, 0, 1, NULL, '@黄色,绿色＠', NULL, '2016-05-16 16:49:15', '2016-05-16 16:49:15'),
(0000000036, 023, '母乳実感 哺乳びん プラスチック 240ml', '树脂奶瓶 240ml (3个月～) ', 2, 00100, '0', 1675, 1.35, 0, 2, NULL, '@黄色,绿色＠', NULL, '2016-05-16 16:50:35', '2016-05-16 17:12:13'),
(0000000037, 023, '母乳実感 哺乳びん プラスチック 160ml', '树脂奶瓶 160ml (出生～) ', 2, 00100, '0', 1830, 1.25, 0, 1, NULL, '@黄色,绿色,红色,粉色＠', NULL, '2016-05-16 16:51:55', '2016-05-16 16:51:55'),
(0000000038, 023, '母乳実感 哺乳びん プラスチック 240ml', '树脂奶瓶 240ml (3个月～) ', 2, 00100, '0', 1910, 1.25, 0, 1, NULL, '@黄色,绿色,红色,粉色＠', NULL, '2016-05-16 16:53:29', '2016-05-16 17:14:24'),
(0000000040, 023, 'ピジョン スポンジブラシ', '树脂奶瓶专用刷子', 2, 00100, '0', 432, 1.25, 0, 1, NULL, '@@', NULL, '2016-05-17 09:28:12', '2016-05-17 09:28:12'),
(0000000041, 023, 'ピジョン ナイロンブラシ', '玻璃奶瓶专用刷子', 2, 00100, '0', 424, 1.25, 0, 1, NULL, '@@', NULL, '2016-05-17 09:29:52', '2016-05-17 09:29:52'),
(0000000042, 023, 'ピジョン さく乳器 電動', '电动吸奶器/榨乳器', 2, 00600, '0', 6080, 1.25, 0, 1, NULL, '@@', NULL, '2016-05-17 09:43:17', '2016-05-17 09:43:17'),
(0000000043, 023, 'ピジョン さく乳器 手動', '手动吸奶器/榨乳器', 2, 00400, '0', 3450, 1.25, 0, 1, NULL, '@@', NULL, '2016-05-17 09:45:34', '2016-05-17 09:45:34'),
(0000000044, 023, 'ピジョン びんポーチ', '奶瓶专用袋子', 2, 00200, '0', 1380, 1.25, 0, 1, NULL, '@白色,黑色@', NULL, '2016-05-17 09:59:58', '2016-05-17 10:05:47'),
(0000000045, 021, 'ジュエル  GC3-150', '宝石/钻石 玻璃奶瓶 GC3-150 150ML', 2, 00300, '0', 2700, 1.35, 0, 4, NULL, '@@', NULL, '2016-05-17 10:22:20', '2016-05-17 10:22:20'),
(0000000046, 021, 'ジュエル  240ML', '宝石/钻石 PPSU树脂奶瓶 240ML', 2, 00100, '0', 2200, 1.35, 0, 4, NULL, '@蜜蜂,普通@', NULL, '2016-05-17 10:25:12', '2016-05-17 10:25:12'),
(0000000047, 021, 'ジュエル  120ML', '宝石/钻石 PPSU树脂奶瓶 120ML', 2, 00100, '0', 2100, 1.35, 0, 4, NULL, '@蜜蜂,普通@', NULL, '2016-05-17 10:26:26', '2016-05-17 10:26:26'),
(0000000048, 021, 'ブレイン  GF4-150', '智能/智慧 玻璃奶瓶 GF4-150 150ML', 2, 00300, '0', 2800, 1.35, 0, 4, NULL, '@@', NULL, '2016-05-17 10:28:29', '2016-05-17 10:28:29'),
(0000000049, 021, 'ブレイン  240ML', '智能/智慧 PPSU树脂奶瓶 240ML', 2, 00100, '0', 2500, 1.35, 0, 4, NULL, '@枫叶,普通@', NULL, '2016-05-17 10:30:19', '2016-05-17 10:30:19'),
(0000000050, 021, 'ブレイン  120ML', '智能/智慧 PPSU树脂奶瓶 120ML', 2, 00100, '0', 2400, 1.35, 0, 4, NULL, '@枫叶,普通@', NULL, '2016-05-17 10:31:00', '2016-05-17 10:31:00'),
(0000000051, 021, 'ブレイン替乳首', '智能/智慧  婴儿硅胶奶嘴 2个装', 2, 00100, '0', 920, 1.35, 89, 4, NULL, '@十字,圆孔@', NULL, '2016-05-17 10:35:08', '2016-06-20 07:01:53'),
(0000000052, 021, 'スタンダード替乳首', '宝石/钻石 婴儿硅胶奶嘴 2个装', 2, 00100, '0', 760, 1.35, 79, 4, NULL, '@十字,圆孔@', NULL, '2016-05-17 10:36:34', '2016-06-20 07:01:24'),
(0000000053, 021, 'ミルクケース', '奶粉盒', 2, 00100, '0', 1800, 1.35, 169, 4, NULL, '@粉色,绿色@', NULL, '2016-05-17 10:38:53', '2016-06-20 06:47:59'),
(0000000054, 021, '専用ブラシセット', '纯天然白马毛奶瓶奶嘴刷套装', 2, 00100, '0', 1100, 1.35, 99, 4, NULL, '@@', NULL, '2016-05-17 10:40:11', '2016-06-20 06:58:03'),
(0000000055, 021, 'ロート・フラワー', '花型奶粉奶瓶漏斗', 2, 00100, '0', 460, 1.35, 49, 4, NULL, '@深粉,浅粉@', NULL, '2016-05-17 10:42:06', '2016-06-20 06:52:25'),
(0000000056, 021, '保温ポーチ', '奶瓶保温袋', 2, 00200, '0', 2400, 1.35, 0, 4, NULL, '@@', NULL, '2016-05-17 10:46:38', '2016-05-17 10:46:38'),
(0000000057, 021, '保温ポーチ', '奶瓶保温袋', 2, 00200, '0', 2600, 1.35, 0, 4, NULL, '@绿色,蓝色@', NULL, '2016-05-17 10:47:17', '2016-05-17 10:48:25'),
(0000000058, 021, 'シュガーウォッシュ 150ml', '纯天然奶瓶洗涤清洗清洁剂 150ml', 2, 00200, '0', 1600, 1.35, 149, 4, NULL, '@@', NULL, '2016-05-17 10:50:30', '2016-06-20 06:39:45'),
(0000000059, 021, 'シュガーウォッシュ 280ml', '纯天然奶瓶洗涤清洗清洁剂 280ml', 2, 00300, '0', 2200, 1.35, 199, 4, NULL, '@@', NULL, '2016-05-17 10:51:23', '2016-06-20 06:41:00'),
(0000000060, 021, 'シュガーウォッシュ 400ml', '纯天然奶瓶洗涤清洗清洁剂 400ml', 2, 00500, '0', 3000, 1.35, 269, 4, NULL, '@@', NULL, '2016-05-17 10:52:50', '2016-06-20 06:41:42'),
(0000000061, 021, 'シュガーウォッシュ詰替用 400ml', '纯天然奶瓶洗涤清洗清洁剂 400ml 袋装', 2, 00500, '0', 2400, 1.35, 209, 4, NULL, '@@', NULL, '2016-05-17 10:54:11', '2016-06-20 06:42:24'),
(0000000062, 022, 'HB8149', '产前产后骨盆矫正恢复带 HB8149 2L', 2, 00200, '0', 5076, 1.35, 0, 5, NULL, '加强型收胯提臀 ＠黑色,粉色＠M,L,2L', NULL, '2016-05-17 16:17:56', '2016-06-22 17:29:41'),
(0000000063, 024, 'ウエストニッパー', '产后束腹收腹带', 2, 00200, '0', 3240, 1.35, 0, 2, NULL, '加强型收胯提臀 ＠＠SS,S,M,L,2L3L', NULL, '2016-05-18 11:14:17', '2016-05-18 11:19:47'),
(0000000064, 024, 'ダッコ キュッとベルト', '产后骨盆矫正恢复带 ', 2, 00200, '0', 3390, 1.25, 0, 1, NULL, '均码 ＠＠', NULL, '2016-05-18 11:18:09', '2016-05-18 11:18:39'),
(0000000065, 024, 'ウエストニッパー ＋ キュッとベルト', '产后束腹收腹带＋骨盆带', 2, 00300, '0', 6180, 1.35, 0, 2, NULL, '＠＠SS,S,M,L,2L3L', NULL, '2016-05-18 11:23:18', '2016-05-18 11:23:55'),
(0000000066, 023, 'ピジョン さく乳器 電動', '电动静音吸奶器/榨乳器', 2, 00800, '0', 9590, 1.15, 0, 1, NULL, '@@', NULL, '2016-05-20 12:41:56', '2016-05-20 12:42:52'),
(0000000067, 001, 'スリムガード', '卫生巾 乐尔雅LAURIER ', 2, 00200, '0', 386, 1.25, 0, 1, NULL, '17/20.5/25/30/35CM@@', NULL, '2016-05-20 13:23:24', '2016-05-20 14:24:16'),
(0000000068, 023, 'ピジョン おしゃぶり', '安抚奶嘴 ', 2, 00100, '0', 565, 1.25, 0, 1, NULL, 'S(0个月～) M(3个月～) L(6个月～) @米奇,米妮 ＠S,M,L', NULL, '2016-05-20 13:31:29', '2016-05-20 13:32:27'),
(0000000069, 023, 'ピジョン ストローボトル トール', '带手柄吸管杯 330ml', 2, 00200, '0', 790, 1.25, 0, 1, NULL, '@黄色,蓝色,粉色 ＠', NULL, '2016-05-20 13:38:02', '2016-05-20 13:38:02'),
(0000000070, 019, 'シッカロールナチュラル', '爽身粉新生婴幼儿宝宝痱子粉', 2, 00200, '0', 496, 1.25, 0, 1, NULL, '纯天然植物0刺激120克 @@', NULL, '2016-05-20 14:04:01', '2016-05-20 14:05:07'),
(0000000071, 025, '龍角散 ダイレクト', '止咳化痰润喉 16包', 2, 00100, '0', 592, 1.25, 0, 1, NULL, '@蓝色,粉色 ＠', NULL, '2016-05-20 14:09:49', '2016-05-20 14:10:19'),
(0000000072, 023, 'ベビークリアオイル', '纯天然婴儿植物精油按摩油 80ml', 2, 00100, '0', 440, 1.25, 0, 1, NULL, '@＠', NULL, '2016-05-20 14:13:45', '2016-05-20 14:13:45'),
(0000000073, 026, '小林製薬 熱さまシート', '婴儿儿童退热贴退烧贴', 2, 00300, '0', 475, 1.25, 0, 1, NULL, '粉色12片（0-2岁）, 蓝色16片（2岁以上）@蓝色,粉色 ＠', NULL, '2016-05-20 14:22:47', '2016-05-20 14:25:15'),
(0000000074, 027, '太田胃散分包 16包', '太田胃散 16包', 2, 00100, '0', 523, 1.25, 0, 1, NULL, '@＠', NULL, '2016-05-20 14:29:37', '2016-05-20 14:29:37'),
(0000000075, 027, '太田胃散分包 32包', '太田胃散 32包', 2, 00100, '0', 995, 1.25, 0, 1, NULL, '@＠', NULL, '2016-05-20 14:30:18', '2016-05-20 14:30:18'),
(0000000076, 027, '太田胃散分包 48包', '太田胃散 48包', 2, 00100, '0', 1220, 1.25, 0, 1, NULL, '@＠', NULL, '2016-05-20 14:31:01', '2016-05-20 14:31:01'),
(0000000077, 028, 'パブロンゴールドA<微粒>', '综合感冒药 44包', 2, 00200, '0', 1499, 1.35, 0, 2, NULL, '@＠', NULL, '2016-05-20 14:41:14', '2016-05-20 14:41:14'),
(0000000078, 028, 'パブロンゴールドA<微粒>', '综合感冒药 28包', 2, 00100, '0', 1048, 1.35, 0, 2, NULL, '@＠', NULL, '2016-05-20 14:42:15', '2016-05-20 14:42:15'),
(0000000079, 029, 'ナザール「スプレー」 ポンプ ', '鼻炎喷剂 30毫升', 2, 00100, '0', 440, 1.25, 0, 1, NULL, '@＠', NULL, '2016-05-20 14:46:05', '2016-05-20 14:46:05'),
(0000000080, 030, 'サロンパスAe 140枚 ', '萨隆巴斯 镇痛贴140枚', 2, 00200, '0', 698, 1.35, 0, 7, NULL, '@＠', NULL, '2016-05-20 14:51:30', '2016-05-20 14:54:05'),
(0000000081, 026, '小林製薬 ニノキュア ', '胳膊手大腿去鸡皮去角质软化毛囊膏', 2, 00100, '0', 1030, 1.25, 0, 1, NULL, '30g @蓝色,粉色 ＠', NULL, '2016-05-20 15:00:15', '2016-05-20 15:00:15'),
(0000000082, 026, '小林製薬 命の母A 420錠 ', '命之母', 2, 00200, '0', 1900, 1.25, 0, 1, NULL, '改善调理女性保健更年期障害 420粒 每日3次 每次4粒 35日量 @蓝色,粉色 ＠', NULL, '2016-05-20 15:07:10', '2016-05-20 15:15:20'),
(0000000083, 026, '小林製薬 命の母A 840錠 ', '命之母', 2, 00400, '0', 3650, 1.25, 0, 1, NULL, '改善调理女性保健更年期障害 840粒 每日3次 每次4粒 70日量 @＠', NULL, '2016-05-20 15:18:28', '2016-05-20 15:22:46'),
(0000000084, 026, '小林製薬 命の母A 252錠 ', '命之母', 2, 00200, '0', 1490, 1.25, 0, 1, NULL, '改善调理女性保健更年期障害 252粒 每日3次 每次4粒 21日量 @＠', NULL, '2016-05-20 15:22:17', '2016-05-20 15:23:08'),
(0000000085, 026, 'サカムケア ', '防水液体创可贴', 2, 00100, '0', 753, 1.25, 0, 1, NULL, '10g @＠', NULL, '2016-05-20 15:25:55', '2016-05-20 15:25:55'),
(0000000086, 028, '口内炎パッチ大正A ', '口腔溃疡贴口内炎贴 10片', 2, 00100, '0', 720, 1.35, 0, 2, NULL, '@＠', NULL, '2016-05-20 15:35:30', '2016-05-20 15:35:30'),
(0000000087, 029, 'ポリベビー 50g', '婴儿护臀膏宝宝儿童湿疹膏 50g', 2, 00100, '0', 665, 1.25, 0, 1, NULL, '@＠', NULL, '2016-05-20 15:42:34', '2016-06-03 13:49:45'),
(0000000088, 031, '救心 30粒', '救心丸 30粒', 2, 00100, '0', 2030, 1.25, 0, 1, NULL, '@＠', NULL, '2016-05-20 15:54:10', '2016-05-20 15:54:10'),
(0000000089, 031, '救心 60粒', '救心丸 60粒', 2, 00100, '0', 3790, 1.25, 0, 1, NULL, '@＠', NULL, '2016-05-20 15:55:07', '2016-05-20 15:55:07'),
(0000000090, 031, '救心 120粒', '救心丸 120粒', 2, 00100, '0', 6890, 1.25, 0, 1, NULL, '@＠', NULL, '2016-05-20 15:55:48', '2016-05-20 15:55:48'),
(0000000091, 032, 'Gローション 180ml', 'G露G-LOTION润泽保湿柔肤水180ml', 2, 00300, '0', 1944, 1.25, 0, 8, NULL, '@＠', NULL, '2016-05-25 15:02:14', '2016-05-25 15:02:14'),
(0000000092, 032, '薬用VCローション 180ml', '润白柔肤水VC补水保湿180ml', 2, 00300, '0', 3456, 1.25, 0, 8, NULL, '@＠', NULL, '2016-05-25 15:04:05', '2016-05-25 15:04:05'),
(0000000093, 032, 'スクワラン 15ml', '无添加鲨烷美白美容油 15ml', 2, 00100, '0', 1512, 1.25, 0, 8, NULL, '@＠', NULL, '2016-05-25 15:06:42', '2016-05-25 15:07:16'),
(0000000094, 032, 'スクワラン 30ml', '无添加鲨烷美白美容油 30ml', 2, 00100, '0', 2700, 1.25, 0, 8, NULL, '@＠', NULL, '2016-05-25 15:08:08', '2016-05-25 15:08:08'),
(0000000095, 032, 'スクワラン 60ml', '无添加鲨烷美白美容油 60ml', 2, 00100, '0', 4968, 1.25, 0, 8, NULL, '@＠', NULL, '2016-05-25 15:08:53', '2016-05-25 15:08:53'),
(0000000096, 032, 'スクワラン 120ml', '无添加鲨烷美白美容油 120ml', 2, 00200, '0', 9180, 1.2, 0, 8, NULL, '@＠', NULL, '2016-05-25 15:09:45', '2016-05-25 15:09:45'),
(0000000097, 032, '薬用ホワイトニングスクワラン 15ml', '无添加鲨烷美白美容油 15ml', 2, 00100, '0', 1728, 1.25, 0, 8, NULL, '@＠', NULL, '2016-05-25 15:12:39', '2016-05-30 18:05:56'),
(0000000098, 032, '薬用ホワイトニングスクワラン 30ml', '无添加鲨烷美白美容油 30ml', 2, 00100, '0', 3240, 1.25, 0, 8, NULL, '@＠', NULL, '2016-05-25 15:13:26', '2016-05-30 18:05:26'),
(0000000099, 032, '薬用ホワイトニングスクワラン 60ml', '无添加鲨烷美白美容油 60ml', 2, 00100, '0', 6048, 1.2, 0, 8, NULL, '@＠', NULL, '2016-05-25 15:13:59', '2016-05-30 18:08:51'),
(0000000100, 032, '薬用ホワイトレディ 10ml', '美白淡斑提亮肤色精华美容液 10ml', 2, 00100, '0', 1512, 1.25, 0, 8, NULL, '@＠', NULL, '2016-05-30 18:04:20', '2016-05-30 18:04:20'),
(0000000101, 032, '薬用ホワイトレディ 30ml', '美白淡斑提亮肤色精华美容液 30ml', 2, 00100, '0', 3888, 1.25, 0, 8, NULL, '@＠', NULL, '2016-05-30 18:07:06', '2016-05-30 18:07:06'),
(0000000102, 032, '薬用ホワイトレディ 60ml', '美白淡斑提亮肤色精华美容液 60ml', 2, 00100, '0', 6480, 1.2, 0, 8, NULL, '@＠', NULL, '2016-05-30 18:07:53', '2016-05-30 18:08:30'),
(0000000103, 033, 'マイルドクレンジング オイル', '无添加纳米卸妆液 120ml', 2, 00200, '0', 1836, 1.25, 0, 9, NULL, '@＠', NULL, '2016-05-30 18:21:26', '2016-05-30 18:21:26'),
(0000000104, 033, 'BC クレンジングオイル', 'BC抗老化卸妆油 120ml ', 2, 00200, '0', 3086, 1.25, 0, 9, NULL, '@＠', NULL, '2016-05-30 18:22:39', '2016-05-30 18:22:39'),
(0000000105, 033, '洗顔パウダー II しっとり', '柔滑洁面粉滋润型 50g', 2, 00100, '0', 1296, 1.25, 0, 9, NULL, '@＠', NULL, '2016-05-30 18:25:21', '2016-05-30 18:25:21'),
(0000000106, 033, '洗顔パウダー Ｉ さっぱり', '柔滑洁面粉清爽型 50g', 2, 00100, '0', 1296, 1.25, 0, 9, NULL, '@＠', NULL, '2016-05-30 18:26:44', '2016-05-30 18:26:44'),
(0000000107, 033, 'モイスト＆リフトマスク', 'DX胶原修护 保湿紧致面膜 6片装', 2, 00200, '0', 3726, 1.25, 0, 9, NULL, '@＠', NULL, '2016-05-30 18:28:43', '2016-05-30 18:28:43'),
(0000000108, 033, 'BC マスク', 'DBC面膜 6对装', 2, 00200, '0', 6172, 1.2, 0, 9, NULL, '@＠', NULL, '2016-05-30 18:30:03', '2016-05-30 18:30:03'),
(0000000109, 033, 'ホワイトニング マスク', '美白祛斑净白精华面膜 6片装', 2, 00200, '0', 3240, 1.25, 0, 9, NULL, '@＠', NULL, '2016-05-30 18:31:18', '2016-05-30 18:31:18'),
(0000000110, 033, 'HTCコラーゲンDX パウダー', 'HTC胶原蛋白粉末 30支30日 ', 2, 00200, '0', 3240, 1.25, 0, 9, NULL, '@＠', NULL, '2016-05-30 18:33:00', '2016-05-30 18:33:00'),
(0000000111, 034, 'ナチュラルマーククリーム', '孕妇预防妊娠纹护理乳液 470g ', 2, 00600, '0', 8100, 1.15, 0, 10, NULL, '@＠', NULL, '2016-05-30 18:49:04', '2016-05-30 18:55:41'),
(0000000112, 034, 'ナチュラルマーククリーム', '孕妇预防妊娠纹护理乳液 120g ', 2, 00300, '0', 2916, 1.2, 0, 10, NULL, '@＠', NULL, '2016-05-30 18:50:56', '2016-05-30 18:50:56'),
(0000000113, 034, 'シャンプー＆トリートメント', '孕妇黑糖洗发水+护发素 720ml', 2, 01200, '0', 7600, 1.15, 0, 10, NULL, '@＠', NULL, '2016-05-30 18:53:07', '2016-05-30 18:54:15'),
(0000000114, 034, 'オリゴモイストシャンプー', '孕妇防产后脱发黑糖洗发水 720ml', 2, 00900, '0', 4104, 1.2, 0, 10, NULL, '@＠', NULL, '2016-05-30 19:01:08', '2016-05-30 19:01:08'),
(0000000115, 034, 'オリゴトリートメント', '孕妇防产后脱发黑糖护发素 720ml', 2, 00900, '0', 4104, 1.2, 0, 10, NULL, '@＠', NULL, '2016-05-30 19:02:22', '2016-05-30 19:02:22'),
(0000000116, 034, 'ベビーヘアシャンプー', '婴儿无添加低刺激洗发水 350ml', 2, 00500, '0', 1458, 1.2, 0, 10, NULL, '@＠', NULL, '2016-05-30 19:09:32', '2016-05-30 19:09:32'),
(0000000117, 034, 'ベビー全身シャンプ', '婴儿无添加低刺激沐浴液 400ml', 2, 00500, '0', 1512, 1.2, 0, 10, NULL, '@＠', NULL, '2016-05-30 19:13:20', '2016-05-30 19:13:20'),
(0000000118, 034, 'ベビーミルキーローション', '婴儿羊水配方润肤乳液  380ml', 2, 00500, '0', 4536, 1.2, 0, 10, NULL, '@＠', NULL, '2016-05-30 19:14:48', '2016-05-30 19:15:15'),
(0000000119, 034, 'ベビーミルキーローション', '婴儿羊水配方润肤乳液  150ml', 2, 00300, '0', 1944, 1.2, 0, 10, NULL, '@＠', NULL, '2016-05-30 19:15:59', '2016-05-30 19:15:59'),
(0000000120, 034, 'ベビーミルキークリーム', '婴儿天然无添加保湿面霜 75g', 2, 00100, '0', 1944, 1.2, 0, 10, NULL, '@＠', NULL, '2016-05-30 19:18:21', '2016-05-30 19:18:21'),
(0000000121, 034, 'ベビーミルキークリーム', '婴儿天然无添加保湿面霜 310g', 2, 00400, '0', 5400, 1.2, 0, 10, NULL, '@＠', NULL, '2016-05-30 19:19:09', '2016-05-30 19:19:09'),
(0000000122, 035, 'FFR-804WF', '儿童保温保冷两用杯 FFR-804WF ', 2, 00700, '0', 2618, 1.1, 0, 2, NULL, '800ML  两个头（直饮➕杯盖）中国产@＠', NULL, '2016-06-01 10:18:47', '2016-07-02 06:02:01'),
(0000000123, 035, 'FFI-401FDS', '儿童保冷专用杯 FFI-401FDS', 2, 00400, '0', 2780, 1.1, 0, 1, NULL, '350ML  中国产@＠', NULL, '2016-06-01 10:34:43', '2016-06-01 10:34:43'),
(0000000124, 035, 'FFI-400F', '儿童保冷专用杯 FFI-400F', 2, 00400, '0', 2210, 1.2, 0, 1, NULL, '350ML  中国产@＠', NULL, '2016-06-01 10:36:17', '2016-06-01 10:37:09'),
(0000000125, 035, 'JBI-272', '焖烧杯 JBI-272', 2, 00400, '0', 2210, 1.1, 0, 1, NULL, '270ML  中国产@＠', NULL, '2016-06-01 10:36:17', '2016-06-01 10:39:23'),
(0000000126, 035, 'JBI-382', '焖烧杯 JBI-382', 2, 00400, '0', 2530, 1.1, 0, 1, NULL, '380ML  中国产@＠', NULL, '2016-06-01 10:40:43', '2016-06-01 10:40:43'),
(0000000127, 035, 'JBM-500', '焖烧杯 JBM-500', 2, 00500, '0', 2470, 1.1, 0, 1, NULL, '500ML  中国产@＠', NULL, '2016-06-01 10:42:20', '2016-06-01 10:42:20'),
(0000000128, 036, 'MCL-A025', '焖烧杯 MCL-A025', 2, 00400, '0', 1900, 1.2, 0, 1, NULL, '250ML  中国产@＠', NULL, '2016-06-01 10:46:07', '2016-07-02 11:05:00'),
(0000000129, 036, 'MCA-B025', '焖烧杯 MCA-B025', 2, 00400, '0', 2654, 1.1, 0, 12, NULL, '250ML  中国产@＠', NULL, '2016-06-01 10:48:30', '2016-07-02 11:25:37'),
(0000000130, 037, 'SW-HB45', '焖烧杯 SW-HB45', 2, 00400, '0', 3110, 1.1, 0, 1, NULL, '450ML  泰国产@＠', NULL, '2016-06-01 10:52:09', '2016-06-01 10:52:09'),
(0000000131, 037, 'SW-GC36', '焖烧杯 SW-GC36', 2, 00400, '0', 2750, 1.1, 0, 1, NULL, '360ML  泰国产@＠', NULL, '2016-06-01 10:53:31', '2016-06-01 10:53:31'),
(0000000132, 037, 'SC-MB60', '儿童保温保冷杯 SC-MB60', 2, 00500, '0', 2030, 1.2, 0, 1, NULL, '600ML  泰国产@＠', NULL, '2016-06-01 10:57:24', '2016-06-01 10:57:52'),
(0000000133, 037, 'SC-ZS45', '儿童保温保冷两用杯  SC-ZS45', 2, 00700, '0', 3480, 1.1, 0, 1, NULL, '450ML  两个头（吸管➕杯盖）泰国产@＠', NULL, '2016-06-01 11:01:39', '2016-06-01 11:01:39'),
(0000000134, 037, 'SM-KB48', '保温杯 SM-KB48', 2, 00400, '0', 2330, 1.1, 0, 1, NULL, '480ML  泰国产@＠', NULL, '2016-06-01 11:13:10', '2016-06-01 11:15:09'),
(0000000135, 037, 'SM-SA48', '保温杯 SM-SA48', 2, 00400, '0', 2940, 1.1, 0, 1, NULL, '480ML  泰国产@＠', NULL, '2016-06-01 11:14:39', '2016-06-01 11:14:39'),
(0000000136, 037, 'SM-JD48', '保温杯 SM-JD48', 2, 00400, '0', 2290, 1.1, 0, 1, NULL, '480ML  泰国产@＠', NULL, '2016-06-01 11:16:20', '2016-06-01 11:16:20'),
(0000000137, 037, 'SM-JD36', '保温杯 SM-JD36', 2, 00400, '0', 1820, 1.1, 0, 1, NULL, '360ML  泰国产@＠', NULL, '2016-06-01 11:17:32', '2016-06-01 11:17:32'),
(0000000138, 037, 'SM-XB36', '保温杯 SM-XB36', 2, 00400, '0', 1980, 1.1, 0, 1, NULL, '360ML  泰国产@＠', NULL, '2016-06-01 11:18:41', '2016-06-01 11:18:41'),
(0000000139, 037, 'SM-SA36', '保温杯 SM-SA36', 2, 00400, '0', 2480, 1.1, 0, 1, NULL, '360ML  泰国产@＠', NULL, '2016-06-01 11:19:42', '2016-06-01 11:19:42'),
(0000000140, 037, 'SM-XB60', '保温杯 SM-XB60', 2, 00400, '0', 2550, 1.1, 0, 1, NULL, '600ML  泰国产@＠', NULL, '2016-06-01 11:20:54', '2016-06-01 11:20:54'),
(0000000141, 037, 'SM-SA60', '保温杯 SM-SA60', 2, 00400, '0', 2850, 1.1, 0, 1, NULL, '600ML  泰国产@＠', NULL, '2016-06-01 11:21:49', '2016-06-01 11:21:49'),
(0000000142, 038, 'アトピコ スキンケアソープ', '天然茶花油婴儿香皂80克', 2, 00100, '0', 812, 1, 0, 1, NULL, '', NULL, '2016-06-22 06:23:45', '2016-06-22 06:23:45'),
(0000000143, 038, 'アトピコ スキンケアシャンプー', '婴儿洗发水沐浴露沐浴液400ml2合1', 2, 00500, '0', 1200, 1, 0, 1, NULL, '', NULL, '2016-06-22 06:27:15', '2016-06-22 06:27:15'),
(0000000144, 038, 'アトピコ スキンケアシャンプー', '婴儿洗发水沐浴露沐浴液200ml2合1', 2, 00300, '0', 736, 1, 0, 1, NULL, '', NULL, '2016-06-22 06:28:20', '2016-06-22 06:28:20'),
(0000000145, 038, 'アトピコ オイルローション', '滋润茶花油润肤乳液120ml', 2, 00200, '0', 1200, 1, 0, 1, NULL, '', NULL, '2016-06-22 06:32:31', '2016-06-22 06:32:31'),
(0000000146, 038, 'アトピコ ウォーターローション', '茶花油婴儿水性保湿液150ml', 2, 00200, '0', 966, 1, 0, 1, NULL, '', NULL, '2016-06-22 06:38:53', '2016-06-22 06:39:34'),
(0000000147, 038, 'アトピコ スキンケアオイル', '茶花油婴儿润肤油按摩油30ml', 2, 00100, '0', 1190, 1, 0, 1, NULL, '', NULL, '2016-06-22 06:41:52', '2016-06-22 06:41:52'),
(0000000148, 038, 'アトピコ スキンケアシャンプー', '婴儿洗发水沐浴露沐浴液補充裝350ml', 2, 00400, '0', 777, 1, 0, 1, NULL, '', NULL, '2016-06-22 06:44:10', '2016-06-22 06:44:42'),
(0000000149, 039, 'ビオレウォータリーエッセンス', '防晒霜SPF50+全身可用50g', 2, 00100, '0', 652, 1, 0, 1, NULL, '', NULL, '2016-06-22 09:40:40', '2016-06-22 09:45:46'),
(0000000150, 039, 'ビオレウォータリーエッセンス', '防晒霜SPF50+全身可用90ml', 2, 00100, '0', 684, 1, 0, 1, NULL, '', NULL, '2016-06-22 09:46:37', '2016-06-22 09:46:37'),
(0000000151, 040, 'アネッサ パーフェクトUV', '安耐晒防晒霜金瓶60ml', 2, 00100, '0', 2720, 1, 0, 1, NULL, '', NULL, '2016-06-22 13:43:50', '2016-06-22 13:43:50'),
(0000000152, 040, 'アネッサ パーフェクトUV', '安耐晒防晒霜金瓶40g', 2, 00100, '0', 2130, 1, 0, 1, NULL, '', NULL, '2016-06-22 13:47:32', '2016-06-22 13:47:32'),
(0000000153, 040, 'アネッサ エッセンスUV', '安耐晒防晒霜银瓶60ml', 2, 00100, '0', 2720, 1, 0, 1, NULL, '', NULL, '2016-06-22 13:50:14', '2016-06-22 13:50:14'),
(0000000154, 040, 'アネッサ エッセンスUV', '安耐晒防晒霜银瓶40g', 2, 00100, '0', 2130, 1, 0, 1, NULL, '', NULL, '2016-06-22 13:50:53', '2016-06-22 13:50:53'),
(0000000155, 022, 'S3054', '产后束腹收腹带 S3054 M,L', 2, 00200, '0', 3024, 1, 0, 5, NULL, '顺产剖腹产兼用 第一阶段 产后立即使用 @粉色,黑色 ＠M,L,2L,3L', NULL, '2016-06-22 14:45:32', '2016-06-22 14:45:32'),
(0000000156, 022, 'S3054', '产后束腹收腹带 S3054 2L', 2, 00200, '0', 3240, 1, 0, 5, NULL, '顺产剖腹产兼用 第一阶段 产后立即使用 @粉色,黑色 ＠M,L,2L,3L', NULL, '2016-06-22 14:47:22', '2016-06-22 14:47:22'),
(0000000157, 022, 'HB8149', '产前产后骨盆矫正恢复带 HB8149 M,L', 2, 00200, '0', 4860, 1, 0, 5, NULL, '加强型收胯提臀 ＠黑色,粉色＠M,L,2L', NULL, '2016-06-22 15:08:45', '2016-06-22 15:08:45'),
(0000000158, 022, 'N3810', '产后骨盆矫正恢复带 N3810 M,L', 2, 00200, '0', 4104, 1, 0, 5, NULL, '加强型收胯提臀 ＠＠M,L,2L,3L', NULL, '2016-06-22 17:28:46', '2016-06-22 17:28:46'),
(0000000159, 022, 'N3200R', '产后骨盆矫正恢复带 N3200R M,L', 2, 00200, '0', 3456, 1, 0, 5, NULL, '加强型收胯提臀 ＠＠M,L,2L,3L', NULL, '2016-06-22 17:40:11', '2016-06-22 17:40:11'),
(0000000160, 022, 'N3200R', '产后骨盆矫正恢复带 N3200R 2L,3L', 2, 00200, '0', 3672, 1, 0, 5, NULL, '加强型收胯提臀 ＠＠M,L,2L,3L', NULL, '2016-06-22 17:41:09', '2016-06-22 17:41:09'),
(0000000161, 022, 'S3073', '产后束腹收腹带 S3073', 2, 00200, '0', 3240, 1, 0, 5, NULL, '', NULL, '2016-06-22 18:03:55', '2016-06-22 18:11:38'),
(0000000162, 022, 'HB8055', '孕妇产前托腹保胎子宫保暖带 2L', 2, 00200, '0', 3672, 1, 0, 5, NULL, '＠＠M,L,2L,3L', NULL, '2016-06-23 11:33:38', '2016-06-23 11:34:22'),
(0000000163, 022, 'HB8055', '孕妇产前托腹保胎子宫保暖带 M,L', 2, 00200, '0', 3456, 1, 0, 5, NULL, '＠＠M,L,2L,3L', NULL, '2016-06-23 11:35:19', '2016-06-23 11:35:19'),
(0000000164, 022, 'N2803', '产后束腹收腹带 N2803', 2, 00200, '0', 3132, 1, 0, 5, NULL, '', NULL, '2016-06-23 13:31:01', '2016-06-23 13:31:01'),
(0000000165, 022, 'SH2479', '产后收腹内裤 SH2479', 2, 00200, '0', 1944, 1, 0, 5, NULL, '', NULL, '2016-06-23 13:48:55', '2016-06-23 13:48:55'),
(0000000166, 021, 'ブレインママパパ安心セット', '智能玻璃+PPSU奶瓶套装', 2, 00800, '0', 13500, 1, 0, 4, NULL, '(1,钻石玻璃150ml奶瓶 2,钻石PPSU240ml奶瓶 3,钻石PPSU120ml奶瓶 4,专用马毛瓶刷2件套 5,奶瓶 清洗液150ML瓶装 6,钻石×型奶嘴2枚盒装 7,漏斗 8,替换奶盖 9,奶瓶保温套（13色可选, 不留言则随机发货))@@', NULL, '2016-06-24 12:04:20', '2016-06-24 12:22:43'),
(0000000167, 041, 'ワコール BDB284', 'BDB284', 2, 00100, '0', 5476, 1, 0, 11, NULL, '', NULL, '2016-06-24 15:17:50', '2016-06-24 15:17:50'),
(0000000168, 041, 'ワコール BRB461', 'BRB461', 2, 00100, '0', 6048, 1, 0, 11, NULL, '', NULL, '2016-06-24 18:52:51', '2016-06-24 18:52:51'),
(0000000169, 041, 'ワコール BRB400', 'BRB400', 2, 00100, '0', 5940, 1, 0, 11, NULL, '', NULL, '2016-06-25 10:17:49', '2016-06-25 10:17:49'),
(0000000170, 042, '2H＆2D ロング＆ホットスプレー', '2H2D男用延池喷剂', 2, 00100, '0', 1850, 1, 0, 12, NULL, '', NULL, '2016-06-25 11:56:22', '2016-06-25 11:56:22'),
(0000000171, 034, 'ビーアップホワイト', '乳房修复乳头护理乳液80mL', 2, 00200, '0', 3888, 1, 0, 10, NULL, '@＠', NULL, '2016-06-27 06:27:55', '2016-06-27 06:27:55'),
(0000000172, 034, 'ファーミングリフト', '腹部紧肤霜200mL', 2, 00200, '0', 3750, 1, 0, 10, NULL, '@＠', NULL, '2016-06-27 06:29:19', '2016-06-27 06:29:19'),
(0000000173, 043, 'はじめて肌へのテープ 新生児 84枚', '尿不湿 新生儿(～5kg) 84枚', 5, 01700, '0', 1750, 1, 0, 3, NULL, '@@', NULL, '2016-06-27 12:11:48', '2016-06-27 13:21:18'),
(0000000174, 043, 'はじめて肌へのテープ S 76枚', '尿不湿 S(4～8kg) 76枚', 5, 01700, '0', 1750, 1, 0, 3, NULL, '@@', NULL, '2016-06-27 12:11:48', '2016-06-27 12:13:54'),
(0000000175, 043, 'はじめて肌へのテープ M 62枚', '尿不湿 M(6～12kg) 62枚', 5, 01600, '0', 1750, 1, 0, 3, NULL, '@@', NULL, '2016-06-27 12:15:31', '2016-06-27 12:15:31'),
(0000000176, 043, 'はじめて肌へのテープ L 52枚', '尿不湿 L(9～14kg) 52枚', 5, 01500, '0', 1750, 1, 0, 3, NULL, '@@', NULL, '2016-06-27 12:17:06', '2016-06-27 12:17:06'),
(0000000177, 043, 'はじめて肌へのパンツ M 58枚', '拉拉裤 M(5～10kg) 58枚', 5, 01700, '0', 1750, 1, 0, 3, NULL, '@@', NULL, '2016-06-27 12:41:46', '2016-06-27 12:42:22'),
(0000000178, 043, 'はじめて肌へのパンツ L 46枚', '拉拉裤 L(9～14kg) 46枚', 5, 01600, '0', 1750, 1, 0, 3, NULL, '@@', NULL, '2016-06-27 12:43:45', '2016-06-27 12:43:45'),
(0000000179, 043, 'はじめて肌へのパンツ XL 40枚', '拉拉裤 XL(12～22kg) 40枚', 5, 01400, '0', 1750, 1, 0, 3, NULL, '@@', NULL, '2016-06-27 12:45:41', '2016-06-27 12:45:41'),
(0000000180, 001, 'メリーズ パンツ XL 38枚', '拉拉裤 XL(12～22kg) 38枚', 5, 01400, '0', 1479, 1, 0, 2, NULL, '@@', NULL, '2016-06-27 15:30:48', '2016-06-27 15:30:48'),
(0000000181, 001, 'メリーズ パンツ XXL 26枚', '拉拉裤 XXL(22kg～) 26枚', 5, 01400, '0', 1597, 1, 0, 12, NULL, '@@', NULL, '2016-06-27 15:37:24', '2016-06-27 15:37:24'),
(0000000182, 044, '229-34373', '婴儿女棉质印花短袖连体衣', 2, 00100, '0', 1944, 1, 0, 13, NULL, '@@', NULL, '2016-06-28 06:50:20', '2016-06-28 16:30:16'),
(0000000183, 043, 'はじめて肌へのパンツ XL 40枚', '拉拉裤 XL(12～22kg) 40枚', 5, 01300, '0', 1240, 1, 0, 2, NULL, '@@', NULL, '2016-06-28 16:31:14', '2016-06-28 16:31:14'),
(0000000184, 044, '229-34340', '婴儿女棉质印花短袖连体衣', 2, 00100, '0', 1944, 1, 0, 13, NULL, '@@', NULL, '2016-06-29 06:30:42', '2016-06-29 06:30:42'),
(0000000185, 044, '229-34440', '婴儿女棉质印花短袖连体衣', 2, 00100, '0', 1728, 1, 0, 13, NULL, '@@', NULL, '2016-06-29 06:31:56', '2016-06-29 06:31:56'),
(0000000186, 044, '229-34406', '婴儿男棉质印花短袖连体衣', 2, 00100, '0', 1728, 1, 0, 13, NULL, '@@', NULL, '2016-06-29 06:33:15', '2016-06-29 06:33:15'),
(0000000187, 044, '206-02071', '婴儿男棉质长袖连体衣', 2, 00100, '0', 2149, 1, 0, 13, NULL, '@@', NULL, '2016-06-30 05:59:11', '2016-06-30 05:59:11'),
(0000000188, 044, '206-07991', '婴儿男棉质长袖连体衣', 2, 00100, '0', 2052, 1, 0, 13, NULL, '@@', NULL, '2016-06-30 06:14:21', '2016-06-30 06:14:21'),
(0000000189, 044, '206-07991', '婴儿男棉质长袖连体衣', 2, 00100, '0', 1944, 1, 0, 13, NULL, '@@', NULL, '2016-06-30 06:22:37', '2016-06-30 06:22:37'),
(0000000190, 044, '033-19315', '婴儿男棉质长袖连体衣', 2, 00100, '0', 1620, 1, 0, 13, NULL, '@@', NULL, '2016-06-30 06:46:03', '2016-06-30 06:46:03'),
(0000000191, 044, '206-01615', '婴儿男棉质长袖连体衣', 2, 00100, '0', 1620, 1, 0, 13, NULL, '@@', NULL, '2016-06-30 06:55:38', '2016-06-30 06:55:38'),
(0000000192, 044, '206-06060', '婴儿男棉质长袖连体衣', 2, 00100, '0', 2149, 1, 0, 13, NULL, '@@', NULL, '2016-06-30 07:03:32', '2016-06-30 07:03:32'),
(0000000193, 044, '229-37283', '360度围兜饭兜两色组', 2, 00100, '0', 1080, 1, 0, 13, NULL, '@@', NULL, '2016-06-30 07:14:17', '2016-06-30 07:14:56'),
(0000000194, 044, '229-37252', '后身十字交叉纯棉围嘴口水围兜两色组', 2, 00100, '0', 1350, 1, 0, 13, NULL, '@@', NULL, '2016-06-30 07:35:45', '2016-06-30 07:35:45'),
(0000000195, 035, 'FFR-1004WF', '儿童保温保冷两用杯 FFR-1004', 2, 00700, '0', 2909, 1, 0, 2, NULL, '800ML  两个头（直饮➕杯盖）中国产@＠', NULL, '2016-07-02 06:08:20', '2016-07-02 06:08:20'),
(0000000196, 035, 'FHI-250', '儿童保温保冷两用杯 FHI-250', 2, 00400, '0', 2563, 1, 0, 2, NULL, '', NULL, '2016-07-02 07:27:16', '2016-07-02 07:27:16'),
(0000000197, 035, 'FFH290ST', '儿童保温保冷两用杯 FFH290ST', 2, 00400, '0', 2091, 1, 0, 2, NULL, '', NULL, '2016-07-02 09:43:13', '2016-07-02 09:43:13'),
(0000000198, 035, 'NPA340', '儿童保温保冷两用杯 NPA340', 2, 00300, '0', 1245, 1, 0, 2, NULL, '', NULL, '2016-07-02 09:54:33', '2016-07-02 09:55:28'),
(0000000199, 036, 'MCL-A030', '焖烧杯 MCL-A030', 2, 00400, '0', 2200, 1, 0, 1, NULL, '250ML  中国产@＠', NULL, '2016-07-02 11:06:08', '2016-07-02 11:06:08'),
(0000000200, 036, 'MCL-A038', '焖烧杯 MCL-A038', 2, 00400, '0', 2700, 1, 0, 1, NULL, '250ML  中国产@＠', NULL, '2016-07-02 11:07:54', '2016-07-02 11:07:54');

-- --------------------------------------------------------

--
-- テーブルの構造 `kind`
--

DROP TABLE IF EXISTS `kind`;
CREATE TABLE `kind` (
  `id` tinyint(3) unsigned zerofill NOT NULL,
  `name` varchar(20) NOT NULL,
  `create_time` datetime NOT NULL,
  `update_time` datetime NOT NULL
) ENGINE=InnoDB DEFAULT CHARSET=utf8;

-- --------------------------------------------------------

--
-- テーブルの構造 `ship`
--

DROP TABLE IF EXISTS `ship`;
CREATE TABLE `ship` (
  `id` tinyint(1) NOT NULL,
  `name` varchar(20) NOT NULL,
  `discount` decimal(3,2) NOT NULL DEFAULT '1.00'
) ENGINE=InnoDB AUTO_INCREMENT=6 DEFAULT CHARSET=utf8;

--
-- テーブルのデータのダンプ `ship`
--

INSERT INTO `ship` (`id`, `name`, `discount`) VALUES
(1, 'EMS', '1.00'),
(2, 'E-PACK', '1.00'),
(3, 'AIR', '1.00'),
(4, 'SAL', '1.00'),
(5, 'SHIP', '1.00');

-- --------------------------------------------------------

--
-- テーブルの構造 `ship_price`
--

DROP TABLE IF EXISTS `ship_price`;
CREATE TABLE `ship_price` (
  `id` tinyint(3) NOT NULL,
  `method` tinyint(1) NOT NULL,
  `weight_min` smallint(6) NOT NULL,
  `weight_max` smallint(6) NOT NULL,
  `price` smallint(6) NOT NULL
) ENGINE=InnoDB AUTO_INCREMENT=42 DEFAULT CHARSET=utf8;

--
-- テーブルのデータのダンプ `ship_price`
--

INSERT INTO `ship_price` (`id`, `method`, `weight_min`, `weight_max`, `price`) VALUES
(1, 1, 1, 300, 900),
(2, 1, 301, 500, 1100),
(3, 1, 501, 600, 1240),
(4, 1, 601, 700, 1380),
(5, 1, 701, 800, 1520),
(6, 1, 801, 900, 1660),
(7, 1, 901, 1000, 1800),
(8, 1, 1001, 1250, 2100),
(9, 1, 1251, 1500, 2400),
(10, 1, 1551, 2000, 3000),
(11, 1, 2001, 2500, 3500),
(12, 1, 2501, 3000, 4000),
(13, 1, 3001, 3500, 4500),
(14, 1, 3501, 4000, 5000),
(15, 1, 4001, 4500, 5500),
(16, 1, 4501, 5000, 6000),
(17, 1, 5001, 5500, 6500),
(18, 1, 5501, 6000, 7000),
(19, 2, 1, 50, 530),
(20, 2, 51, 100, 580),
(21, 2, 101, 150, 630),
(22, 2, 151, 200, 680),
(23, 2, 201, 250, 730),
(24, 2, 251, 300, 780),
(25, 2, 301, 400, 880),
(26, 2, 401, 500, 980),
(27, 2, 501, 600, 1080),
(28, 2, 601, 700, 1180),
(29, 2, 701, 800, 1280),
(30, 2, 801, 900, 1380),
(31, 2, 901, 1000, 1480),
(32, 2, 1001, 1250, 1700),
(33, 2, 1251, 1500, 1920),
(34, 2, 1551, 1750, 2140),
(35, 2, 1751, 2000, 2360),
(36, 3, 1, 500, 1700),
(37, 3, 501, 1000, 2050),
(38, 3, 1001, 1500, 2400),
(39, 3, 1501, 2000, 2750),
(40, 5, 1, 1000, 1500),
(41, 5, 1001, 2000, 1750);

-- --------------------------------------------------------

--
-- テーブルの構造 `shipping`
--

DROP TABLE IF EXISTS `shipping`;
CREATE TABLE `shipping` (
  `id` int(11) NOT NULL,
  `ship` tinyint(4) NOT NULL DEFAULT '5',
  `number` varchar(15) NOT NULL,
  `state` varchar(10) NOT NULL,
  `send_time` date NOT NULL,
  `receive_time` date DEFAULT NULL
) ENGINE=InnoDB AUTO_INCREMENT=1482 DEFAULT CHARSET=utf8;

--
-- テーブルのデータのダンプ `shipping`
--

INSERT INTO `shipping` (`id`, `ship`, `number`, `state`, `send_time`, `receive_time`) VALUES
(755, 5, 'CI020047280JP', '河北省', '2016-06-13', NULL),
(756, 5, 'CI020069311JP', '湖北省', '2016-06-12', NULL),
(757, 2, 'RR900436458JP', '辽宁省', '2016-06-12', NULL),
(758, 2, 'RR900511613JP', '江苏省', '2016-06-12', NULL),
(759, 2, 'RR900716461JP', '浙江省', '2016-06-12', NULL),
(760, 2, 'RR900827224JP', '辽宁省', '2016-06-12', '2016-06-19'),
(761, 5, 'CI020055365JP', '浙江省', '2016-06-12', NULL),
(762, 2, 'RR900767494JP', '云南省', '2016-06-11', NULL),
(763, 2, 'RR900763767JP', '浙江省', '2016-06-11', NULL),
(764, 5, 'CI020033881JP', '青海省', '2016-06-09', NULL),
(765, 2, 'RR900418644JP', '广西省', '2016-06-08', NULL),
(766, 2, 'RR900574349JP', '福建省', '2016-06-08', '2016-06-18'),
(767, 2, 'RR900513614JP', '上海市', '2016-06-07', '2016-06-13'),
(768, 2, 'RR900564845JP', '云南省', '2016-06-07', NULL),
(769, 1, 'EL000147791JP', '四川省', '2016-06-06', NULL),
(770, 2, 'RR924685185JP', '山西省', '2016-06-06', NULL),
(771, 5, 'CI021576867JP', '山西省', '2016-06-05', NULL),
(772, 2, 'RR924631536JP', '江苏省', '2016-06-05', '2016-06-11'),
(773, 2, 'RR924575304JP', '湖南省', '2016-06-08', '2016-06-20'),
(774, 2, 'RR924949752JP', '上海市', '2016-06-04', '2016-06-08'),
(775, 5, 'CI021578528JP', '辽宁省', '2016-06-04', NULL),
(776, 2, 'RR924789327JP', '江苏省', '2016-06-03', '2016-06-09'),
(777, 2, 'RR924843456JP', '浙江省', '2016-06-04', '2016-06-11'),
(778, 2, 'RR924513446JP', '北京市', '2016-06-09', '2016-06-15'),
(779, 5, 'CI021574526JP', '江西省', '2016-06-03', NULL),
(780, 1, 'EL039108096JP', '浙江省', '2016-06-02', NULL),
(781, 2, 'RR924783531JP', '北京市', '2016-06-02', '2016-06-08'),
(782, 2, 'RR924840698JP', '黑龙江省', '2016-06-02', NULL),
(783, 2, 'RR924891845JP', '上海市', '2016-06-01', '2016-06-05'),
(784, 2, 'RR924947014JP', '辽宁省', '2016-06-01', '2016-06-08'),
(785, 5, 'CI021555527JP', '吉林省', '2016-06-01', NULL),
(786, 2, 'RR924560959JP', '上海市', '2016-06-01', '2016-06-05'),
(787, 2, 'RR924608152JP', '上海市', '2016-06-01', '2016-06-05'),
(788, 2, 'RR924889886JP', '重庆市', '2016-05-31', '2016-06-09'),
(789, 2, 'RR924835242JP', '上海市', '2016-05-31', '2016-06-04'),
(790, 1, 'EL040167352JP', '广东省', '2016-05-31', NULL),
(791, 2, 'RR924994195JP', '陕西省', '2016-05-31', '2016-06-09'),
(792, 2, 'RR924990732JP', '广东省', '2016-05-31', '2016-06-10'),
(793, 5, 'CI021536681JP', '湖南省', '2016-05-30', NULL),
(794, 2, 'RR924936440JP', '湖北省', '2016-05-30', '2016-06-07'),
(795, 5, 'CI021556099JP', '上海市', '2016-05-29', NULL),
(796, 2, 'RR924989218JP', '江苏省', '2016-05-30', '2016-06-06'),
(797, 1, 'EL032657120JP', '湖北省', '2016-05-27', NULL),
(798, 2, 'RR924492335JP', '上海市', '2016-05-27', '2016-05-31'),
(799, 2, 'RR924654072JP', '上海市', '2016-05-27', '2016-05-31'),
(800, 5, 'CI021541559JP', '上海市', '2016-05-25', NULL),
(801, 2, 'RR924539063JP', '深圳市', '2016-05-25', '2016-06-01'),
(802, 2, 'RR924811921JP', '广东省', '2016-05-24', '2016-05-31'),
(803, 2, 'RR924649421JP', '北京市', '2016-05-24', '2016-06-02'),
(804, 1, 'EL040016984JP', '江苏省', '2016-05-24', NULL),
(805, 2, 'RR924806665JP', '上海市', '2016-05-23', '2016-05-27'),
(806, 2, 'RR924535092JP', '北京市', '2016-05-23', '2016-05-29'),
(807, 2, 'RR924809432JP', '四川省', '2016-05-23', '2016-06-07'),
(808, 1, 'EL040767475JP', '重庆市', '2016-05-23', NULL),
(809, 1, 'EL039073627JP', '江苏省', '2016-05-21', NULL),
(810, 2, 'RR924917009JP', '上海市', '2016-05-21', '2016-05-25'),
(811, 2, 'RR924638018JP', '北京市', '2016-05-21', '2016-05-27'),
(812, 2, 'RR924803514JP', '上海市', '2016-05-20', '2016-05-24'),
(813, 2, 'RR924857407JP', '北京市', '2016-05-20', '2016-05-26'),
(814, 5, 'CI021632158JP', '浙江省', '2016-05-20', '2016-06-09'),
(815, 1, 'EL040818566JP', '上海市', '2016-05-17', NULL),
(816, 5, 'CI021520695JP', '山东省', '2016-05-13', NULL),
(817, 1, 'EL039893865JP', '辽宁省', '2016-05-11', NULL),
(818, 5, 'CI021601195JP', '吉林省', '2016-05-11', NULL),
(819, 5, 'CI021645908JP', '广东省', '2016-05-08', NULL),
(820, 5, 'CI021641336JP', '江西省', '2016-05-05', NULL),
(821, 5, 'CI021644862JP', '吉林省', '2016-05-05', NULL),
(822, 2, 'RR923179179JP', '北京市', '2016-05-01', '2016-05-11'),
(823, 1, 'EL035680860JP', '江苏省', '2016-05-01', NULL),
(824, 5, 'CI021642844JP', '江苏省', '2016-05-01', NULL),
(826, 5, 'CI021634511JP', '辽宁省', '2016-04-28', NULL),
(827, 1, 'EL035623451JP', '云南省', '2016-04-27', NULL),
(828, 1, 'EL041694752JP', '浙江省', '2016-04-25', NULL),
(829, 1, 'EL035120587JP', '北京市', '2016-04-25', NULL),
(830, 1, 'EL039388039JP', '北京市', '2016-04-25', NULL),
(831, 1, 'EL035584801JP', '北京市', '2016-04-23', NULL),
(832, 1, 'EL036025106JP', '云南省', '2016-04-23', NULL),
(833, 1, 'EL037467745JP', '北京市', '2016-04-23', NULL),
(834, 1, 'EL037981805JP', '河北省', '2016-04-22', NULL),
(835, 5, 'CI021593410JP', '浙江省', '2016-04-22', '2016-05-19'),
(836, 5, 'CI021631118JP', '江苏省', '2016-04-20', NULL),
(837, 1, 'EL037356002JP', '广东省', '2016-04-20', NULL),
(838, 1, 'EL038819302JP', '上海市', '2016-04-27', '2016-04-29'),
(839, 5, 'CI021590577JP', '上海市', '2016-04-21', '2016-05-12'),
(840, 1, 'EL040625870JP', '内蒙古', '2016-04-20', NULL),
(841, 5, 'CI021687616JP', '内蒙古', '2016-04-20', NULL),
(842, 5, 'CI021367395JP', '江苏省', '2016-04-20', NULL),
(843, 1, 'EL039274116JP', '上海市', '2016-04-21', '2016-04-23'),
(844, 5, 'CI021629644JP', '江西省', '2016-04-20', NULL),
(845, 1, 'EL038573839JP', '上海市', '2016-04-20', '2016-04-23'),
(846, 1, 'EL040744846JP', '上海市', '2016-04-17', NULL),
(847, 5, 'CI021692562JP', '北京市', '2016-04-17', NULL),
(848, 5, 'CI021625086JP', '上海市', '2016-04-15', '2016-05-07'),
(849, 5, 'CI021298341JP', '辽宁省', '2016-04-15', '2016-05-13'),
(850, 1, 'EL038988181JP', '四川省', '2016-04-15', NULL),
(851, 1, 'EL037375885JP', '上海市', '2016-04-14', '2016-04-17'),
(852, 1, 'EL038773469JP', '山东省', '2016-04-14', NULL),
(853, 1, 'EL038630920JP', '湖北省', '2016-04-14', NULL),
(854, 1, 'EL036092074JP', '上海市', '2016-04-15', '2016-04-18'),
(855, 1, 'EL038870995JP', '江苏省', '2016-04-14', NULL),
(856, 1, 'EL035250278JP', '北京市', '2016-04-14', NULL),
(857, 1, 'EL037536976JP', '江苏省', '2016-04-14', NULL),
(858, 1, 'EL038791799JP', '内蒙古', '2016-04-12', NULL),
(859, 1, 'EL032318427JP', '江苏省', '2016-04-12', NULL),
(860, 5, 'CI021681335JP', '山东省', '2016-04-12', NULL),
(861, 1, 'EL035900591JP', '上海市', '2016-04-17', '2016-04-20'),
(862, 5, 'CI021696555JP', '辽宁省', '2016-04-12', NULL),
(863, 1, 'EL035652872JP', '黑龙江省', '2016-04-12', NULL),
(864, 1, 'EL038724732JP', '上海市', '2016-04-12', NULL),
(865, 1, 'EL035480979JP', '四川省', '2016-04-12', NULL),
(866, 5, 'CI021700710JP', '辽宁省', '2016-04-11', NULL),
(867, 5, 'CI021688497JP', '上海市', '2016-04-11', '2016-05-04'),
(868, 5, 'CI021688015JP', '河北省', '2016-04-11', NULL),
(869, 1, 'EL040526126JP', '内蒙古', '2016-04-11', NULL),
(870, 1, 'EL035971125JP', '福建省', '2016-04-11', NULL),
(871, 1, 'EL035949586JP', '山东省', '2016-04-11', NULL),
(872, 5, 'CI021682707JP', '云南省', '2016-04-11', NULL),
(873, 1, 'EL037518986JP', '湖南省', '2016-04-11', NULL),
(874, 1, 'EL038882027JP', '湖南省', '2016-04-09', NULL),
(875, 1, 'EL038844783JP', '北京市', '2016-04-09', NULL),
(876, 1, 'EL035780015JP', '上海市', '2016-04-11', '2016-04-15'),
(877, 1, 'EL038857226JP', '广西省', '2016-04-09', NULL),
(878, 1, 'EL035479295JP', '广东省', '2016-04-09', NULL),
(879, 1, 'EL040731025JP', '北京市', '2016-04-09', NULL),
(880, 1, 'EL035937035JP', '贵州省', '2016-04-09', NULL),
(881, 1, 'EL037554626JP', '陕西省', '2016-04-09', NULL),
(882, 5, 'CI021698242JP', '上海市', '2016-04-09', '2016-05-10'),
(883, 1, 'EL035536655JP', '黑龙江省', '2016-04-09', NULL),
(884, 1, 'EL040743125JP', '浙江省', '2016-04-08', NULL),
(885, 1, 'EL037643935JP', '北京市', '2016-04-08', NULL),
(886, 5, 'CI021668515JP', '湖南省', '2016-04-08', NULL),
(887, 1, 'EL037727318JP', '贵州省', '2016-04-08', NULL),
(888, 5, 'CI021673268JP', '贵州省', '2016-04-08', NULL),
(889, 1, 'EL040675329JP', '河北省', '2016-04-08', NULL),
(890, 1, 'EL036151016JP', '广东省', '2016-04-07', NULL),
(891, 1, 'EL035952262JP', '上海市', '2016-04-07', '2016-04-10'),
(892, 1, 'EL035821015JP', '安徽省', '2016-04-07', NULL),
(893, 1, 'EL035828937JP', '北京市', '2016-04-05', NULL),
(894, 1, 'EL040744355JP', '北京市', '2016-04-05', NULL),
(895, 5, 'CI021665641JP', '黑龙江省', '2016-04-05', NULL),
(896, 5, 'CI021369860JP', '江苏省', '2016-04-05', NULL),
(897, 1, 'EL035573035JP', '四川省', '2016-04-05', NULL),
(898, 5, 'CI021395476JP', '四川省', '2016-04-05', NULL),
(899, 1, 'EL033195171JP', '上海市', '2016-04-09', '2016-04-12'),
(900, 1, 'EL035939062JP', '河南省', '2016-04-04', '2016-04-09'),
(901, 1, 'EL036201287JP', '内蒙古', '2016-04-04', NULL),
(902, 1, 'EL038504935JP', '江苏省', '2016-04-04', NULL),
(903, 5, 'CI021665981JP', '内蒙古', '2016-04-04', NULL),
(904, 5, 'CI021402375JP', '湖北省', '2016-04-04', NULL),
(905, 5, 'CI021327096JP', '陕西省', '2016-04-02', NULL),
(906, 1, 'EL035229598JP', '贵州省', '2016-04-02', NULL),
(907, 1, 'EL040729565JP', '山西省', '2016-04-01', NULL),
(908, 1, 'EL035547137JP', '广东省', '2016-04-01', NULL),
(909, 5, 'CI021664677JP', '上海市', '2016-04-01', NULL),
(910, 5, 'CI021673912JP', '山东省', '2016-04-01', NULL),
(911, 1, 'EL035522869JP', '浙江省', '2016-04-01', NULL),
(912, 1, 'EL038825002JP', '广东省', '2016-04-01', NULL),
(913, 1, 'EL040761359JP', '广东省', '2016-04-01', NULL),
(914, 1, 'EL037348774JP', '上海市', '2016-03-31', NULL),
(915, 1, 'EL036613827JP', '江苏省', '2016-03-31', NULL),
(916, 1, 'EL035574217JP', '上海市', '2016-03-31', NULL),
(917, 1, 'EL037055078JP', '江苏省', '2016-03-31', NULL),
(918, 1, 'EL037626257JP', '四川省', '2016-03-31', NULL),
(919, 1, 'EL035208831JP', '北京市', '2016-03-31', NULL),
(920, 1, 'EL037947591JP', '北京市', '2016-03-31', NULL),
(921, 1, 'EL038608422JP', '河南省', '2016-03-31', '2016-04-05'),
(922, 1, 'EL038943962JP', '北京市', '2016-03-30', NULL),
(923, 5, 'CI021623893JP', '河南省', '2016-03-30', NULL),
(924, 1, 'EL035036473JP', '上海市', '2016-03-30', NULL),
(925, 1, 'EL036078727JP', '江苏省', '2016-03-30', NULL),
(926, 1, 'EL036129738JP', '北京市', '2016-03-30', NULL),
(927, 1, 'EL037630340JP', '安徽省', '2016-03-30', NULL),
(928, 1, 'EL035852485JP', '上海市', '2016-03-30', NULL),
(929, 1, 'EL035346869JP', '河北省', '2016-03-29', NULL),
(930, 5, 'CI021368572JP', '北京市', '2016-03-29', NULL),
(931, 5, 'CI021662089JP', '河北省', '2016-03-29', NULL),
(932, 5, 'CI021299758JP', '浙江省', '2016-03-30', '2016-04-23'),
(933, 1, 'EL037249459JP', '安徽省', '2016-03-29', NULL),
(934, 1, 'EL037518601JP', '浙江省', '2016-03-29', NULL),
(935, 1, 'EL031329105JP', '山东省', '2016-03-29', NULL),
(936, 1, 'EL035929564JP', '云南省', '2016-03-29', NULL),
(937, 1, 'EL036342700JP', '甘肃省', '2016-03-29', NULL),
(938, 1, 'EL035153846JP', '湖南省', '2016-03-29', NULL),
(939, 5, 'CI021396057JP', '内蒙古', '2016-03-27', NULL),
(940, 5, 'CI021367078JP', '浙江省', '2016-03-27', '2016-04-19'),
(941, 1, 'EL036353543JP', '江苏省', '2016-03-27', NULL),
(942, 1, 'EL035945880JP', '天津市', '2016-03-27', NULL),
(943, 1, 'EL035854469JP', '上海市', '2016-03-27', '2016-03-31'),
(944, 1, 'EL036093344JP', '江苏省', '2016-03-27', NULL),
(945, 1, 'EL035254178JP', '内蒙古', '2016-03-27', NULL),
(946, 1, 'EL035269875JP', '上海市', '2016-03-27', '2016-03-31'),
(947, 1, 'EL035679668JP', '广东省', '2016-03-27', NULL),
(948, 1, 'EL037515049JP', '山东省', '2016-03-27', NULL),
(949, 1, 'EL036136124JP', '湖北省', '2016-03-27', NULL),
(950, 1, 'EL036239906JP', '北京市', '2016-03-27', NULL),
(951, 1, 'EL036508789JP', '江苏省', '2016-03-25', NULL),
(952, 5, 'CI021402217JP', '江西省', '2016-03-25', NULL),
(953, 5, 'CI021369445JP', '上海市', '2016-03-25', NULL),
(954, 1, 'EL034997599JP', '上海市', '2016-03-25', NULL),
(955, 1, 'EL036308990JP', '北京市', '2016-03-25', NULL),
(956, 1, 'EL035057748JP', '海南省', '2016-03-25', NULL),
(957, 1, 'EL036759835JP', '北京市', '2016-03-24', NULL),
(958, 1, 'EL037155164JP', '上海市', '2016-03-24', NULL),
(959, 5, 'CI021294000JP', '浙江省', '2016-03-25', '2016-04-27'),
(960, 1, 'EL037804981JP', '河南省', '2016-03-23', '2016-03-27'),
(961, 1, 'EL036241895JP', '重庆市', '2016-03-23', NULL),
(962, 1, 'EL035405964JP', '江西省', '2016-03-23', NULL),
(963, 1, 'EL037724965JP', '上海市', '2016-03-23', NULL),
(964, 5, 'CI021329389JP', '北京市', '2016-03-23', NULL),
(965, 5, 'CI021297805JP', '河北省', '2016-03-23', '2016-04-29'),
(966, 1, 'EL038069436JP', '上海市', '2016-03-23', NULL),
(967, 1, 'EL036277524JP', '安徽省', '2016-03-23', NULL),
(968, 1, 'EL036004401JP', '上海市', '2016-03-21', '2016-03-24'),
(969, 1, 'EL035985756JP', '湖北省', '2016-03-20', NULL),
(970, 1, 'EL037786775JP', '江苏省', '2016-03-20', NULL),
(971, 1, 'EL035824161JP', '四川省', '2016-03-20', NULL),
(972, 1, 'EL032363386JP', '四川省', '2016-03-20', NULL),
(973, 1, 'EL035623615JP', '上海市', '2016-03-21', '2016-03-24'),
(974, 1, 'EL038280512JP', '湖北省', '2016-03-20', NULL),
(975, 1, 'EL036215935JP', '北京市', '2016-03-20', NULL),
(976, 1, 'EL035660919JP', '黑龙江省', '2016-03-19', NULL),
(977, 5, 'CI021363972JP', '四川省', '2016-03-19', NULL),
(978, 5, 'CI021317142JP', '湖北省', '2016-03-19', NULL),
(979, 5, 'CI021334707JP', '北京市', '2016-03-19', NULL),
(980, 5, 'CI021296181JP', '云南省', '2016-03-19', '2016-04-14'),
(981, 1, 'EL035007993JP', '浙江省', '2016-03-19', NULL),
(982, 1, 'EL036475860JP', '辽宁省', '2016-03-19', NULL),
(983, 1, 'EL037732750JP', '河南省', '2016-03-19', '2016-03-24'),
(984, 1, 'EL038002920JP', '福建省', '2016-03-19', NULL),
(985, 1, 'EL037880395JP', '广东省', '2016-03-19', NULL),
(986, 1, 'EL035071546JP', '北京市', '2016-03-19', NULL),
(987, 5, 'CI021332357JP', '四川省', '2016-03-18', NULL),
(988, 1, 'EL036127198JP', '重庆市', '2016-03-16', NULL),
(989, 1, 'EL035378036JP', '北京市', '2016-03-16', NULL),
(990, 1, 'EL035092974JP', '浙江省', '2016-03-16', NULL),
(991, 1, 'EL036437606JP', '重庆市', '2016-03-16', NULL),
(992, 5, 'CI021397463JP', '浙江省', '2016-03-17', '2016-04-09'),
(993, 1, 'EL035011777JP', '江苏省', '2016-03-14', NULL),
(994, 1, 'EL036481692JP', '北京市', '2016-03-14', NULL),
(995, 1, 'EL035145646JP', '浙江省', '2016-03-14', NULL),
(996, 1, 'EL035305630JP', '浙江省', '2016-03-14', NULL),
(997, 1, 'EL036250994JP', '四川省', '2016-03-14', NULL),
(998, 1, 'EL031365227JP', '上海市', '2016-03-16', '2016-03-19'),
(999, 1, 'EL036144134JP', '陕西省', '2016-03-14', NULL),
(1000, 1, 'EL038230785JP', '湖北省', '2016-03-14', NULL),
(1001, 1, 'EL034542235JP', '江苏省', '2016-03-12', NULL),
(1002, 1, 'EL036001793JP', '上海市', '2016-03-13', '2016-03-15'),
(1003, 1, 'EL034858345JP', '云南省', '2016-03-12', NULL),
(1004, 1, 'EL038060595JP', '贵州省', '2016-03-11', NULL),
(1005, 1, 'EL035365721JP', '上海市', '2016-03-11', NULL),
(1006, 1, 'EL036126422JP', '云南省', '2016-03-11', NULL),
(1007, 5, 'CI021328600JP', '云南省', '2016-03-11', NULL),
(1008, 5, 'CI021391854JP', '山东省', '2016-03-11', NULL),
(1009, 5, 'CI021361075JP', '山西省', '2016-03-11', NULL),
(1010, 5, 'CI021394246JP', '上海市', '2016-03-10', NULL),
(1011, 1, 'EL034605451JP', '江苏省', '2016-03-10', NULL),
(1012, 1, 'EL036296554JP', '上海市', '2016-03-10', NULL),
(1013, 1, 'EL036181741JP', '重庆市', '2016-03-10', NULL),
(1014, 1, 'EL037290840JP', '上海市', '2016-03-09', NULL),
(1015, 1, 'EL035257792JP', '广东省', '2016-03-08', NULL),
(1016, 1, 'EL031619893JP', '天津市', '2016-03-08', NULL),
(1017, 1, 'EL037954408JP', '北京市', '2016-03-08', NULL),
(1018, 1, 'EL036949401JP', '四川省', '2016-03-08', NULL),
(1019, 1, 'EL036239089JP', '上海市', '2016-03-08', NULL),
(1020, 1, 'EL033820856JP', '北京市', '2016-03-08', NULL),
(1021, 1, 'EL035055968JP', '内蒙古', '2016-03-08', NULL),
(1022, 1, 'EL037340413JP', '北京市', '2016-03-08', NULL),
(1023, 1, 'EL033850420JP', '上海市', '2016-03-07', NULL),
(1024, 1, 'EL038224705JP', '福建省', '2016-03-07', NULL),
(1025, 1, 'EL035393400JP', '北京市', '2016-03-07', NULL),
(1026, 1, 'EL037410511JP', '吉林省', '2016-03-07', NULL),
(1027, 1, 'EL034905924JP', '广东省', '2016-03-07', NULL),
(1028, 5, 'CI021321133JP', '河北省', '2016-03-06', NULL),
(1029, 1, 'EL035463437JP', '江苏省', '2016-03-06', NULL),
(1030, 1, 'EL037931680JP', '上海市', '2016-03-06', NULL),
(1031, 1, 'EL033083475JP', '四川省', '2016-03-06', NULL),
(1032, 5, 'CI021359730JP', '上海市', '2016-03-05', NULL),
(1033, 1, 'EL035245366JP', '上海市', '2016-03-05', '2016-03-07'),
(1034, 1, 'EL038066369JP', '江苏省', '2016-03-05', NULL),
(1035, 1, 'EL036122377JP', '北京市', '2016-03-05', NULL),
(1036, 1, 'EL035229315JP', '四川省', '2016-03-05', NULL),
(1037, 1, 'EL036813050JP', '浙江省', '2016-03-05', NULL),
(1038, 5, 'CI021282050JP', '辽宁省', '2016-03-05', '2016-03-31'),
(1039, 1, 'EL034516102JP', '广东省', '2016-03-05', NULL),
(1040, 1, 'EL036257710JP', '四川省', '2016-03-05', NULL),
(1041, 1, 'EL037289991JP', '浙江省', '2016-03-04', NULL),
(1042, 5, 'CI021321867JP', '内蒙古', '2016-03-04', NULL),
(1043, 1, 'EL038239563JP', '北京市', '2016-03-04', NULL),
(1044, 1, 'EL035013129JP', '河北省', '2016-03-04', NULL),
(1045, 1, 'EL036067168JP', '浙江省', '2016-03-04', NULL),
(1046, 1, 'EL035444265JP', '四川省', '2016-03-03', NULL),
(1047, 1, 'EL036634787JP', '辽宁省', '2016-03-03', NULL),
(1048, 1, 'EL037904565JP', '广东省', '2016-03-03', NULL),
(1049, 5, 'CI021325047JP', '上海市', '2016-03-03', '2016-03-25'),
(1050, 1, 'EL038211636JP', '湖北省', '2016-03-03', NULL),
(1051, 1, 'EL035455461JP', '广西省', '2016-03-03', NULL),
(1052, 1, 'EL037997964JP', '浙江省', '2016-03-03', NULL),
(1053, 1, 'EL036296259JP', '上海市', '2016-03-02', '2016-03-07'),
(1054, 1, 'EL038329578JP', '上海市', '2016-03-02', '2016-03-05'),
(1055, 5, 'CI021312627JP', '上海市', '2016-03-02', '2016-03-24'),
(1056, 5, 'CI021355199JP', '广东省', '2016-03-02', NULL),
(1057, 5, 'CI021279798JP', '安徽省', '2016-03-02', '2016-03-29'),
(1058, 1, 'EL036824857JP', '河南省', '2016-03-02', '2016-03-10'),
(1059, 1, 'EL037338542JP', '江苏省', '2016-03-02', NULL),
(1060, 1, 'EL034213132JP', '江苏省', '2016-03-01', NULL),
(1061, 1, 'EL037342723JP', '广东省', '2016-03-01', NULL),
(1062, 1, 'EL036763526JP', '山东省', '2016-03-01', NULL),
(1063, 1, 'EL037141182JP', '浙江省', '2016-03-01', NULL),
(1064, 1, 'EL036347208JP', '北京市', '2016-03-01', NULL),
(1065, 1, 'EL035283695JP', '广东省', '2016-03-01', NULL),
(1066, 1, 'EL031390133JP', '广东省', '2016-03-01', NULL),
(1067, 5, 'CI021481118JP', '山东省', '2016-03-01', NULL),
(1068, 1, 'EL035337195JP', '江苏省', '2016-03-01', NULL),
(1069, 1, 'EL036110294JP', '广东省', '2016-03-01', NULL),
(1070, 1, 'EL037079750JP', '江苏省', '2016-03-01', NULL),
(1071, 1, 'EL037180739JP', '上海市', '2016-03-01', '2016-03-04'),
(1072, 1, 'EL035121049JP', '广东省', '2016-02-29', NULL),
(1073, 5, 'CI021309305JP', '上海市', '2016-03-01', '2016-03-25'),
(1074, 5, 'CI021281301JP', '上海市', '2016-02-28', '2016-03-25'),
(1075, 1, 'EL038161016JP', '上海市', '2016-02-28', '2016-03-02'),
(1076, 1, 'EL037928080JP', '上海市', '2016-02-28', '2016-03-02'),
(1077, 1, 'EL033313315JP', '内蒙古', '2016-02-28', NULL),
(1078, 1, 'EL037890384JP', '江苏省', '2016-02-28', NULL),
(1079, 1, 'EL037379564JP', '江苏省', '2016-02-28', NULL),
(1080, 1, 'EL035051816JP', '江苏省', '2016-02-28', NULL),
(1081, 1, 'EL037219531JP', '北京市', '2016-02-27', NULL),
(1082, 5, 'CI021456419JP', '安徽省', '2016-02-27', NULL),
(1083, 1, 'EL036056165JP', '北京市', '2016-02-27', NULL),
(1084, 1, 'EL035495987JP', '湖北省', '2016-02-27', NULL),
(1085, 1, 'EL035392293JP', '四川省', '2016-02-27', NULL),
(1086, 1, 'EL036168762JP', '北京市', '2016-02-27', NULL),
(1087, 5, 'CI021387347JP', '江苏省', '2016-02-26', NULL),
(1088, 1, 'EL037458633JP', '天津市', '2016-02-26', NULL),
(1089, 1, 'EL037057581JP', '浙江省', '2016-02-26', NULL),
(1090, 1, 'EL035056671JP', '重庆市', '2016-02-26', NULL),
(1091, 1, 'EL036002003JP', '江苏省', '2016-02-26', NULL),
(1092, 1, 'EL037957877JP', '北京市', '2016-02-26', NULL),
(1093, 5, 'CI021351245JP', '新疆省', '2016-02-26', NULL),
(1094, 5, 'CI021351308JP', '吉林省', '2016-02-26', NULL),
(1096, 1, 'EL032532495JP', '江苏省', '2016-02-25', NULL),
(1097, 1, 'EL037469565JP', '福建省', '2016-02-25', NULL),
(1098, 1, 'EL036652525JP', '云南省', '2016-02-25', NULL),
(1099, 1, 'EL038061724JP', '广东省', '2016-02-25', NULL),
(1100, 1, 'EL034931460JP', '北京市', '2016-02-25', NULL),
(1101, 1, 'EL029161313JP', '江苏省', '2016-02-25', NULL),
(1102, 5, 'CI021383994JP', '浙江省', '2016-02-26', '2016-03-18'),
(1103, 1, 'EL037308846JP', '重庆市', '2016-02-24', NULL),
(1104, 1, 'EL036575973JP', '北京市', '2016-02-23', NULL),
(1105, 5, 'CI021312675JP', '北京市', '2016-02-24', '2016-03-29'),
(1106, 1, 'EL034923619JP', '广西省', '2016-02-23', NULL),
(1107, 1, 'EL036887619JP', '黑龙江省', '2016-02-23', NULL),
(1108, 1, 'EL037031054JP', '上海市', '2016-02-23', NULL),
(1109, 1, 'EL037926407JP', '上海市', '2016-02-23', NULL),
(1110, 1, 'EL034866823JP', '陕西省', '2016-02-23', NULL),
(1111, 1, 'EL036454723JP', '上海市', '2016-02-23', NULL),
(1112, 1, 'EL034960188JP', '上海市', '2016-02-23', NULL),
(1113, 1, 'EL037081682JP', '四川省', '2016-02-23', NULL),
(1114, 1, 'EL036763225JP', '辽宁省', '2016-02-23', NULL),
(1115, 1, 'EL034251498JP', '内蒙古', '2016-02-23', NULL),
(1116, 1, 'EL037959396JP', '湖北省', '2016-02-23', NULL),
(1117, 5, 'CI021316218JP', '江苏省', '2016-02-23', '2016-03-18'),
(1118, 5, 'CI021348745JP', '河南省', '2016-02-22', NULL),
(1119, 1, 'EL034985746JP', '上海市', '2016-02-22', NULL),
(1120, 1, 'EL037884429JP', '北京市', '2016-02-22', NULL),
(1121, 1, 'EL032300029JP', '重庆市', '2016-02-22', NULL),
(1122, 1, 'EL036631644JP', '云南省', '2016-02-22', NULL),
(1123, 1, 'EL037186949JP', '辽宁省', '2016-02-22', NULL),
(1124, 1, 'EL032655693JP', '辽宁省', '2016-02-21', NULL),
(1125, 1, 'EL035439781JP', '贵州省', '2016-02-21', NULL),
(1126, 1, 'EL037498310JP', '陕西省', '2016-02-21', NULL),
(1127, 1, 'EL037015578JP', '新疆省', '2016-02-21', NULL),
(1128, 1, 'EL037332624JP', '辽宁省', '2016-02-21', NULL),
(1129, 5, 'CI021278143JP', '广东省', '2016-02-21', '2016-03-16'),
(1130, 1, 'EL034847360JP', '江苏省', '2016-02-20', NULL),
(1131, 5, 'CI021274172JP', '陕西省', '2016-02-21', '2016-03-23'),
(1132, 1, 'EL034058631JP', '浙江省', '2016-02-20', NULL),
(1133, 1, 'EL034853144JP', '江苏省', '2016-02-20', NULL),
(1134, 5, 'CI021271128JP', '北京市', '2016-02-22', '2016-04-02'),
(1135, 1, 'EL037328766JP', '北京市', '2016-02-20', NULL),
(1136, 1, 'EL034613705JP', '江苏省', '2016-02-20', NULL),
(1137, 1, 'EL038075309JP', '湖北省', '2016-02-20', NULL),
(1138, 5, 'CI021341787JP', '上海市', '2016-02-20', '2016-03-24'),
(1139, 1, 'EL036580837JP', '北京市', '2016-02-19', NULL),
(1140, 5, 'CI021271922JP', '湖北省', '2016-02-19', '2016-03-18'),
(1141, 1, 'EL036923112JP', '浙江省', '2016-02-19', NULL),
(1142, 5, 'CI021383521JP', '江苏省', '2016-02-19', NULL),
(1143, 5, 'CI021378606JP', '甘肃省', '2016-02-19', NULL),
(1144, 1, 'EL036477313JP', '湖南省', '2016-02-19', NULL),
(1145, 1, 'EL038260739JP', '上海市', '2016-02-18', NULL),
(1146, 1, 'EL032533315JP', '广西省', '2016-02-18', NULL),
(1147, 1, 'EL034961546JP', '上海市', '2016-02-18', NULL),
(1148, 1, 'EL031335980JP', '江苏省', '2016-02-18', NULL),
(1149, 1, 'EL036570605JP', '浙江省', '2016-02-18', NULL),
(1150, 1, 'EL037911455JP', '内蒙古', '2016-02-17', NULL),
(1151, 1, 'EL036959655JP', '浙江省', '2016-02-17', NULL),
(1152, 1, 'EL036744663JP', '贵州省', '2016-02-17', NULL),
(1153, 1, 'EL033290495JP', '福建省', '2016-02-17', NULL),
(1154, 1, 'EL033528245JP', '浙江省', '2016-02-17', NULL),
(1155, 1, 'EL034951623JP', '江苏省', '2016-02-17', NULL),
(1156, 1, 'EL038254132JP', '上海市', '2016-02-17', NULL),
(1157, 1, 'EL038260597JP', '北京市', '2016-02-17', NULL),
(1158, 5, 'CI021340336JP', '江苏省', '2016-02-16', NULL),
(1159, 1, 'EL037931906JP', '上海市', '2016-02-16', NULL),
(1160, 1, 'EL037975439JP', '陕西省', '2016-02-16', NULL),
(1161, 1, 'EL036643157JP', '北京市', '2016-02-16', NULL),
(1162, 1, 'EL038043045JP', '北京市', '2016-02-16', NULL),
(1163, 1, 'EL038298031JP', '北京市', '2016-02-16', NULL),
(1164, 1, 'EL037966525JP', '北京市', '2016-02-16', NULL),
(1165, 1, 'EL036804319JP', '安徽省', '2016-02-16', NULL),
(1166, 1, 'EL038209782JP', '江苏省', '2016-02-16', NULL),
(1167, 1, 'EL034658304JP', '江苏省', '2016-02-16', NULL),
(1168, 1, 'EL036419050JP', '江苏省', '2016-02-16', NULL),
(1169, 1, 'EL036509648JP', '北京市', '2016-02-16', NULL),
(1170, 1, 'EL038032294JP', '云南省', '2016-02-16', NULL),
(1171, 1, 'EL032801317JP', '河南省', '2016-02-15', '2016-02-20'),
(1172, 1, 'EL037193940JP', '上海市', '2016-02-15', NULL),
(1173, 5, 'CI021344655JP', '湖北省', '2016-02-15', NULL),
(1174, 5, 'CI021345245JP', '北京市', '2016-02-15', NULL),
(1175, 1, 'EL034672270JP', '上海市', '2016-02-14', NULL),
(1176, 1, 'EL037372376JP', '江苏省', '2016-02-14', NULL),
(1177, 1, 'EL030391177JP', '广东省', '2016-02-14', NULL),
(1178, 1, 'EL036621647JP', '上海市', '2016-02-14', NULL),
(1179, 1, 'EL037313280JP', '江苏省', '2016-02-14', NULL),
(1180, 1, 'EL037963360JP', '北京市', '2016-02-13', NULL),
(1181, 1, 'EL036553213JP', '山东省', '2016-02-13', NULL),
(1182, 1, 'EL038350814JP', '辽宁省', '2016-02-13', NULL),
(1183, 1, 'EL038351647JP', '河北省', '2016-02-13', NULL),
(1184, 5, 'CI021377472JP', '河北省', '2016-02-13', NULL),
(1185, 5, 'CI021473108JP', '天津市', '2016-02-13', NULL),
(1186, 1, 'EL038053405JP', '天津市', '2016-02-13', NULL),
(1187, 1, 'EL034896887JP', '上海市', '2016-02-13', NULL),
(1188, 5, 'CI021463817JP', '湖南省', '2016-02-13', NULL),
(1189, 1, 'EL036731660JP', '上海市', '2016-02-13', NULL),
(1190, 1, 'EL037257353JP', '湖北省', '2016-02-13', NULL),
(1191, 1, 'EL038083883JP', '四川省', '2016-02-13', NULL),
(1192, 1, 'EL034059535JP', '浙江省', '2016-02-12', NULL),
(1193, 1, 'EL034430755JP', '广东省', '2016-02-12', NULL),
(1194, 1, 'EL037908831JP', '江苏省', '2016-02-12', NULL),
(1195, 1, 'EL036806779JP', '上海市', '2016-02-12', NULL),
(1196, 1, 'EL033831964JP', '浙江省', '2016-02-12', NULL),
(1197, 1, 'EL037002852JP', '安徽省', '2016-02-11', NULL),
(1198, 1, 'EL034200920JP', '广东省', '2016-02-11', NULL),
(1199, 1, 'EL036565463JP', '江苏省', '2016-02-11', NULL),
(1200, 1, 'EL032547994JP', '上海市', '2016-02-10', NULL),
(1201, 1, 'EL036713799JP', '江苏省', '2016-02-10', NULL),
(1202, 1, 'EL034096158JP', '上海市', '2016-02-10', NULL),
(1203, 1, 'EL037322105JP', '浙江省', '2016-02-10', NULL),
(1204, 1, 'EL038198665JP', '黑龙江省', '2016-02-08', NULL),
(1205, 1, 'EL031710654JP', '河南省', '2016-02-08', '2016-02-14'),
(1206, 1, 'EL036424094JP', '重庆市', '2016-02-08', NULL),
(1207, 5, 'CI021306357JP', '湖南省', '2016-02-08', '2016-03-09'),
(1208, 1, 'EL036454992JP', '广东省', '2016-02-06', NULL),
(1209, 1, 'EL034078392JP', '江苏省', '2016-02-06', NULL),
(1210, 5, 'CI021461215JP', '浙江省', '2016-02-06', '2016-03-02'),
(1211, 1, 'EL031414002JP', '河南省', '2016-02-06', '2016-02-14'),
(1212, 1, 'EL036817391JP', '上海市', '2016-02-06', NULL),
(1213, 1, 'EL034201545JP', '重庆市', '2016-02-05', NULL),
(1214, 1, 'EL036859683JP', '江苏省', '2016-02-05', NULL),
(1215, 1, 'EL036564114JP', '江西省', '2016-02-05', NULL),
(1216, 1, 'EL036965877JP', '上海市', '2016-02-05', NULL),
(1217, 1, 'EL038002275JP', '陕西省', '2016-02-05', NULL),
(1218, 1, 'EL031393585JP', '北京市', '2016-02-04', NULL),
(1219, 1, 'EL032523454JP', '北京市', '2016-02-04', NULL),
(1220, 1, 'EL028332665JP', '天津市', '2016-02-02', NULL),
(1221, 1, 'EL034379211JP', '上海市', '2016-02-02', NULL),
(1222, 1, 'EL036463535JP', '浙江省', '2016-02-02', NULL),
(1223, 1, 'EL034454650JP', '上海市', '2016-02-02', NULL),
(1224, 1, 'EL032547787JP', '上海市', '2016-02-02', NULL),
(1225, 1, 'EL032880782JP', '上海市', '2016-02-02', NULL),
(1226, 1, 'EL034687597JP', '北京市', '2016-02-02', NULL),
(1227, 1, 'EL037213896JP', '江苏省', '2016-01-30', NULL),
(1228, 1, 'EL036841705JP', '江苏省', '2016-01-30', NULL),
(1229, 1, 'EL036661685JP', '上海市', '2016-01-29', NULL),
(1230, 1, 'EL033261732JP', '广东省', '2016-01-29', NULL),
(1231, 1, 'EL036737150JP', '海南省', '2016-01-28', NULL),
(1232, 1, 'EL032820157JP', '北京市', '2016-01-28', NULL),
(1233, 1, 'EL033825969JP', '山西省', '2016-01-28', NULL),
(1234, 1, 'EL031956697JP', '上海市', '2016-01-28', NULL),
(1235, 1, 'EL034176885JP', '福建省', '2016-01-28', NULL),
(1236, 1, 'EL034605624JP', '天津市', '2016-01-28', NULL),
(1237, 1, 'EL036504138JP', '内蒙古', '2016-01-28', NULL),
(1238, 1, 'EL032877165JP', '北京市', '2016-01-27', NULL),
(1239, 1, 'EL034326545JP', '广东省', '2016-01-27', NULL),
(1240, 1, 'EL032872239JP', '上海市', '2016-01-24', NULL),
(1241, 1, 'EL033325441JP', '陕西省', '2016-01-24', NULL),
(1242, 5, 'CI021475877JP', '广东省', '2016-01-24', NULL),
(1243, 1, 'EL032653445JP', '上海市', '2016-01-22', NULL),
(1244, 1, 'EL032969547JP', '上海市', '2016-01-22', NULL),
(1245, 1, 'EL033586226JP', '浙江省', '2016-01-21', NULL),
(1246, 1, 'EL034323186JP', '广东省', '2016-01-20', NULL),
(1247, 1, 'EL033156120JP', '江苏省', '2016-01-20', NULL),
(1248, 1, 'EL034471009JP', '河北省', '2016-01-20', NULL),
(1249, 5, 'CI021466549JP', '辽宁省', '2016-01-20', NULL),
(1250, 1, 'EL031392559JP', '上海市', '2016-01-20', NULL),
(1251, 1, 'EL034398459JP', '山西省', '2016-01-20', NULL),
(1252, 1, 'EL031346894JP', '江苏省', '2016-01-18', NULL),
(1253, 1, 'EL034251087JP', '北京市', '2016-01-18', NULL),
(1254, 1, 'EL034197315JP', '上海市', '2016-01-18', NULL),
(1255, 1, 'EL034610385JP', '江苏省', '2016-01-17', NULL),
(1256, 1, 'EL032646475JP', '江苏省', '2016-01-17', NULL),
(1257, 1, 'EL034094165JP', '福建省', '2016-01-17', NULL),
(1258, 5, 'CI021427196JP', '浙江省', '2016-01-17', '2016-03-05'),
(1259, 1, 'EL031397525JP', '福建省', '2016-01-17', NULL),
(1260, 1, 'EL033996932JP', '浙江省', '2016-01-17', NULL),
(1261, 1, 'EL032128140JP', '江西省', '2016-01-17', NULL),
(1262, 1, 'EL037091265JP', '福建省', '2016-01-14', NULL),
(1263, 2, 'RR919831923JP', '贵州省', '2016-01-14', '2016-01-27'),
(1264, 2, 'RR919771782JP', '辽宁省', '2016-01-14', '2016-01-20'),
(1265, 2, 'RR919883086JP', '上海市', '2016-01-14', '2016-01-18'),
(1266, 2, 'RR919835602JP', '山东省', '2016-01-14', '2016-01-31'),
(1267, 1, 'EL034392062JP', '江苏省', '2016-01-14', NULL),
(1268, 1, 'EL031447120JP', '广东省', '2016-01-13', NULL),
(1269, 2, 'RR919716256JP', '湖北省', '2016-01-14', '2016-01-27'),
(1270, 5, 'CI021430031JP', '河北省', '2016-01-13', NULL),
(1271, 5, 'CI021419521JP', '湖北省', '2016-01-13', NULL),
(1272, 5, 'CI021426859JP', '江西省', '2016-01-13', NULL),
(1273, 1, 'EL032749682JP', '辽宁省', '2016-01-13', NULL),
(1274, 5, 'CI021430544JP', '上海市', '2016-01-12', '2016-02-06'),
(1275, 1, 'EL034352766JP', '吉林省', '2016-01-12', NULL),
(1276, 2, 'RR919811946JP', '江苏省', '2016-01-14', '2016-01-21'),
(1277, 1, 'EL032313067JP', '浙江省', '2016-01-12', NULL),
(1278, 2, 'RR919708878JP', '陕西省', '2016-01-14', '2016-01-26'),
(1279, 1, 'EL034199206JP', '广东省', '2016-01-12', NULL),
(1280, 2, 'RR919870105JP', '上海市', '2016-01-14', '2016-01-18'),
(1281, 5, 'CI021415051JP', '陕西省', '2016-01-12', NULL),
(1282, 2, 'RR919477825JP', '北京市', '2016-01-14', '2016-01-25'),
(1283, 1, 'EL031344519JP', '广东省', '2016-01-12', NULL),
(1284, 2, 'RR919766408JP', '四川省', '2016-01-14', '2016-01-31'),
(1285, 2, 'RR919707869JP', '四川省', '2016-01-12', '2016-02-23'),
(1286, 1, 'EL032580522JP', '上海市', '2016-01-14', '2016-01-20'),
(1287, 2, 'RR919479676JP', '湖北省', '2016-01-14', '2016-01-26'),
(1288, 1, 'EL034602999JP', '安徽省', '2016-01-11', NULL),
(1289, 5, 'CI021373776JP', '北京市', '2016-01-11', NULL),
(1290, 2, 'RR919526288JP', '上海市', '2016-01-11', '2016-01-15'),
(1291, 2, 'RR919579215JP', '重庆市', '2016-01-14', '2016-01-29'),
(1292, 2, 'RR919582829JP', '上海市', '2016-01-11', '2016-01-15'),
(1293, 5, 'CI021420119JP', '上海市', '2016-01-12', '2016-02-02'),
(1294, 5, 'CI021490260JP', '辽宁省', '2016-01-10', NULL),
(1295, 5, 'CI021497210JP', '辽宁省', '2016-01-10', NULL),
(1296, 2, 'RR919571123JP', '北京市', '2016-01-10', '2016-01-17'),
(1297, 2, 'RR919509302JP', '湖南省', '2016-01-11', '2016-01-25'),
(1298, 2, 'RR919512037JP', '天津市', '2016-01-11', '2016-01-22'),
(1299, 1, 'EL033307828JP', '黑龙江省', '2016-01-10', NULL),
(1300, 1, 'EL032895402JP', '黑龙江省', '2016-01-09', NULL),
(1301, 1, 'EL032940061JP', '湖北省', '2016-01-09', NULL),
(1302, 1, 'EL033233691JP', '江苏省', '2016-01-09', NULL),
(1303, 2, 'RR919517122JP', '四川省', '2016-01-09', '2016-01-24'),
(1304, 5, 'CI021419402JP', '江苏省', '2016-01-09', NULL),
(1305, 2, 'RR919626136JP', '陕西省', '2016-01-09', '2016-01-19'),
(1306, 1, 'EL033134393JP', '贵州省', '2016-01-08', NULL),
(1307, 1, 'EL033148826JP', '江苏省', '2016-01-08', NULL),
(1308, 1, 'EL034333798JP', '北京市', '2016-01-08', NULL),
(1309, 1, 'EL034241252JP', '北京市', '2016-01-08', NULL),
(1310, 2, 'RR919455900JP', '四川省', '2016-01-08', '2016-01-21'),
(1311, 2, 'RR919563039JP', '北京市', '2016-01-08', '2016-01-14'),
(1312, 2, 'RR919617222JP', '湖南省', '2016-01-08', '2016-01-18'),
(1313, 2, 'RR919506694JP', '上海市', '2016-01-08', '2016-01-12'),
(1314, 2, 'RR919599943JP', '吉林省', '2016-01-08', '2016-01-15'),
(1315, 5, 'CI021495956JP', '北京市', '2016-01-07', NULL),
(1316, 2, 'RR919604127JP', '上海市', '2016-01-08', '2016-01-12'),
(1317, 2, 'RR919596187JP', '江苏省', '2016-01-09', '2016-01-17'),
(1318, 2, 'RR919500630JP', '湖北省', '2016-01-09', '2016-01-19'),
(1319, 2, 'RR919665072JP', '北京市', '2016-01-09', '2016-01-15'),
(1320, 2, 'RR919607534JP', '江苏省', '2016-01-09', '2016-01-18'),
(1321, 2, 'RR919498573JP', '北京市', '2016-01-08', '2016-01-16'),
(1322, 2, 'RR919665660JP', '天津市', '2016-01-09', '2016-01-19'),
(1323, 2, 'RR919373879JP', '福建省', '2016-01-08', '2016-01-14'),
(1324, 2, 'RR919650095JP', '湖北省', '2016-01-08', '2016-01-18'),
(1325, 2, 'RR919308376JP', '浙江省', '2016-01-08', '2016-01-14'),
(1326, 2, 'RR919315933JP', '北京市', '2016-01-08', '2016-01-14'),
(1327, 2, 'RR919317761JP', '重庆市', '2016-01-09', '2016-01-22'),
(1328, 2, 'RR919315575JP', '四川省', '2016-01-08', '2016-01-21'),
(1329, 2, 'RR919265517JP', '上海市', '2016-01-09', '2016-01-13'),
(1330, 2, 'RR919301695JP', '江西省', '2016-01-08', '2016-01-15'),
(1331, 2, 'RR919304989JP', '山西省', '2016-01-03', '2016-01-12'),
(1332, 2, 'RR919448682JP', '北京市', '2016-01-03', '2016-01-08'),
(1333, 2, 'RR919405316JP', '浙江省', '2016-01-03', '2016-01-08'),
(1334, 2, 'RR919406625JP', '上海市', '2016-01-09', '2016-01-13'),
(1335, 1, 'EL034673955JP', '天津市', '2016-01-03', NULL),
(1336, 2, 'RR919248289JP', '上海市', '2016-01-08', '2016-01-12'),
(1337, 2, 'RR919297554JP', '上海市', '2016-01-03', '2016-01-07'),
(1338, 1, 'EL033127375JP', '河北省', '2016-01-02', NULL),
(1339, 2, 'RR919450068JP', '四川省', '2016-01-09', '2016-01-22'),
(1340, 2, 'RR919297214JP', '北京市', '2016-01-03', '2016-01-08'),
(1341, 2, 'RR919291287JP', '北京市', '2016-01-08', '2016-01-14'),
(1342, 2, 'RR919240311JP', '北京市', '2016-01-03', '2016-01-09'),
(1343, 2, 'RR919403791JP', '辽宁省', '2016-01-08', '2016-01-13'),
(1344, 2, 'RR919443606JP', '湖北省', '2016-01-03', '2016-01-09'),
(1345, 5, 'CI021301505JP', '辽宁省', '2015-12-31', '2016-01-20'),
(1346, 2, 'RR919291239JP', '北京市', '2015-12-31', '2016-01-06'),
(1347, 2, 'RR919449419JP', '湖北省', '2015-12-31', '2016-01-08'),
(1348, 2, 'RR919341479JP', '浙江省', '2015-12-31', '2016-01-07'),
(1349, 1, 'EL027718152JP', '江苏省', '2015-12-31', NULL),
(1350, 1, 'EL032475524JP', '湖北省', '2015-12-31', NULL),
(1351, 2, 'RR919393958JP', '重庆市', '2015-12-31', '2016-01-08'),
(1352, 2, 'RR919383947JP', '江苏省', '2015-12-31', '2016-01-09'),
(1353, 2, 'RR919395300JP', '广东省', '2015-12-31', '2016-03-01'),
(1354, 5, 'CI021373073JP', '四川省', '2015-12-31', NULL),
(1355, 2, 'RR919285613JP', '湖北省', '2015-12-31', '2016-01-08'),
(1356, 2, 'RR919341831JP', '北京市', '2015-12-31', '2016-01-06'),
(1357, 1, 'EL033355766JP', '上海市', '2015-12-31', '2016-01-03'),
(1358, 2, 'RR919336377JP', '云南省', '2015-12-31', '2016-01-13'),
(1359, 2, 'RR919340725JP', '山东省', '2015-12-31', '2016-01-13'),
(1360, 1, 'EL033167683JP', '河北省', '2015-12-30', NULL),
(1361, 2, 'RR919444650JP', '山东省', '2015-12-31', '2016-01-13'),
(1362, 2, 'RR919388808JP', '北京市', '2015-12-31', '2016-01-06'),
(1363, 5, 'CI021491821JP', '上海市', '2015-12-29', '2016-01-23'),
(1364, 2, 'RR919379620JP', '浙江省', '2015-12-29', '2016-01-11'),
(1365, 2, 'RR919154224JP', '北京市', '2015-12-29', NULL),
(1366, 2, 'RR919271818JP', '上海市', '2015-12-29', '2016-01-02'),
(1367, 2, 'RR919154017JP', '上海市', '2015-12-29', NULL),
(1368, 2, 'RR919433498JP', '四川省', '2015-12-29', '2016-01-08'),
(1369, 2, 'RR919156432JP', '湖南省', '2015-12-29', NULL),
(1370, 5, 'CI021302085JP', '北京市', '2015-12-29', '2016-01-21'),
(1371, 2, 'RR919154839JP', '上海市', '2015-12-29', NULL),
(1372, 2, 'RR919276639JP', '上海市', '2015-12-31', '2016-01-04'),
(1373, 2, 'RR919323339JP', '江苏省', '2015-12-29', '2016-01-05'),
(1374, 2, 'RR919324966JP', '上海市', '2015-12-29', '2016-01-04'),
(1375, 2, 'RR919432838JP', '四川省', '2015-12-29', '2016-01-09'),
(1376, 5, 'CI021051382JP', '江西省', '2016-01-02', '2016-01-21'),
(1377, 5, 'CI021022015JP', '江西省', '2016-01-02', '2016-01-24'),
(1378, 5, 'CI021338791JP', '江西省', '2015-12-28', NULL),
(1379, 2, 'RR919198640JP', '上海市', '2015-12-27', NULL),
(1380, 2, 'RR919086405JP', '湖南省', '2015-12-27', NULL),
(1381, 2, 'RR919029031JP', '四川省', '2015-12-27', '2016-01-09'),
(1382, 5, 'CI021337014JP', '福建省', '2015-12-27', NULL),
(1383, 2, 'RR919038855JP', '上海市', '2015-12-27', NULL),
(1384, 2, 'RR919232607JP', '上海市', '2015-12-27', '2015-12-31'),
(1385, 2, 'RR919143116JP', '重庆市', '2015-12-27', NULL),
(1386, 2, 'RR919143875JP', '广东省', '2015-12-27', '2016-01-05'),
(1387, 2, 'RR919035425JP', '湖南省', '2015-12-27', NULL),
(1388, 2, 'RR919089857JP', '北京市', '2015-12-27', NULL),
(1389, 2, 'RR919041837JP', '辽宁省', '2015-12-27', NULL),
(1390, 2, 'RR919088281JP', '四川省', '2015-12-27', '2016-01-10'),
(1391, 2, 'RR919090930JP', '湖北省', '2015-12-27', NULL),
(1392, 2, 'RR919146996JP', '上海市', '2015-12-31', '2016-01-05'),
(1393, 2, 'RR919203336JP', '四川省', '2015-12-27', NULL),
(1394, 2, 'RR919188072JP', '湖北省', '2015-12-27', NULL),
(1395, 2, 'RR919035142JP', '上海市', '2015-12-27', '2015-12-31'),
(1396, 2, 'RR919089517JP', '湖北省', '2015-12-27', NULL),
(1397, 5, 'CI021304299JP', '辽宁省', '2015-12-27', '2016-01-26'),
(1398, 2, 'RR919036001JP', '浙江省', '2015-12-27', NULL),
(1399, 5, 'CI021498609JP', '江苏省', '2015-12-26', NULL),
(1400, 2, 'RR919082955JP', '四川省', '2015-12-26', NULL),
(1401, 2, 'RR919138204JP', '江苏省', '2015-12-26', NULL),
(1402, 2, 'RR919071082JP', '上海市', '2015-12-27', '2015-12-31'),
(1403, 2, 'RR919195201JP', '江苏省', '2015-12-26', NULL),
(1404, 2, 'RR919035006JP', '江苏省', '2015-12-26', NULL),
(1405, 1, 'EL033354536JP', '辽宁省', '2015-12-26', NULL),
(1406, 1, 'EL033197699JP', '上海市', '2015-12-29', '2016-01-05'),
(1407, 2, 'RR919022166JP', '重庆市', '2015-12-25', NULL),
(1408, 2, 'RR919073874JP', '四川省', '2015-12-25', NULL),
(1409, 2, 'RR919135653JP', '上海市', '2015-12-25', '2015-12-30'),
(1410, 2, 'RR919171562JP', '江苏省', '2015-12-25', NULL),
(1411, 2, 'RR919135565JP', '上海市', '2015-12-26', '2015-12-30'),
(1412, 2, 'RR919024493JP', '湖北省', '2015-12-25', NULL),
(1413, 2, 'RR919080481JP', '陕西省', '2015-12-25', NULL),
(1414, 2, 'RR919071666JP', '江苏省', '2015-12-25', NULL),
(1415, 2, 'RR919020182JP', '四川省', '2015-12-25', NULL),
(1416, 2, 'RR919067587JP', '河北省', '2015-12-23', '2015-12-29'),
(1417, 2, 'RR919177477JP', '上海市', '2015-12-23', '2015-12-28'),
(1418, 2, 'RR919066374JP', '北京市', '2015-12-23', NULL),
(1419, 2, 'RR919175272JP', '上海市', '2015-12-23', '2015-12-28'),
(1420, 2, 'RR919234599JP', '江苏省', '2015-12-23', '2016-01-01'),
(1421, 2, 'RR919175697JP', '上海市', '2015-12-23', '2015-12-28'),
(1422, 2, 'RR919060725JP', '湖北省', '2015-12-23', NULL),
(1423, 2, 'RR919226102JP', '上海市', '2015-12-26', '2015-12-30'),
(1424, 1, 'EL033199567JP', '四川省', '2015-12-22', NULL),
(1425, 2, 'RR919061363JP', '广东省', '2015-12-22', '2016-01-01'),
(1426, 2, 'RR919118006JP', '辽宁省', '2015-12-22', NULL),
(1427, 2, 'RR919109931JP', '上海市', '2015-12-22', NULL),
(1428, 2, 'RR919052517JP', '上海市', '2015-12-22', NULL),
(1429, 2, 'RR919223123JP', '上海市', '2015-12-22', NULL),
(1430, 2, 'RR919164972JP', '江苏省', '2015-12-22', NULL),
(1431, 2, 'RR919222370JP', '吉林省', '2015-12-21', NULL),
(1432, 2, 'RR919166032JP', '江西省', '2015-12-21', NULL),
(1433, 2, 'RR919053804JP', '新疆省', '2015-12-21', NULL),
(1434, 2, 'RR919105268JP', '湖北省', '2015-12-21', NULL),
(1435, 2, 'RR919215189JP', '新疆省', '2015-12-21', NULL),
(1436, 2, 'RR918921208JP', '江苏省', '2015-12-21', NULL),
(1437, 2, 'RR919213483JP', '湖南省', '2015-12-21', NULL),
(1438, 2, 'RR918939084JP', '山东省', '2015-12-21', NULL),
(1439, 2, 'RR918985883JP', '广西省', '2015-12-21', NULL),
(1440, 5, 'CI021113705JP', '广东省', '2015-12-23', '2016-01-19'),
(1441, 2, 'RR918831286JP', '福建省', '2015-12-21', NULL),
(1442, 2, 'RR918927378JP', '云南省', '2015-12-19', NULL),
(1443, 2, 'RR918970420JP', '河北省', '2015-12-19', NULL),
(1444, 2, 'RR918826096JP', '江苏省', '2015-12-19', NULL),
(1445, 1, 'EL033446507JP', '陕西省', '2015-12-19', NULL),
(1446, 1, 'EL032965369JP', '安徽省', '2015-12-19', NULL),
(1447, 2, 'RR918873706JP', '北京市', '2015-12-19', NULL),
(1448, 2, 'RR918864576JP', '江苏省', '2015-12-17', NULL),
(1449, 2, 'RR918968810JP', '山东省', '2015-12-17', NULL),
(1450, 2, 'RR918863893JP', '江苏省', '2015-12-17', NULL),
(1451, 2, 'RR918866245JP', '安徽省', '2015-12-17', NULL),
(1452, 2, 'RR918718485JP', '湖北省', '2015-12-17', NULL),
(1453, 2, 'RR918964058JP', '江苏省', '2015-12-17', NULL),
(1454, 2, 'RR918900622JP', '湖北省', '2015-12-17', NULL),
(1455, 2, 'RR918847989JP', '江西省', '2015-12-17', NULL),
(1456, 2, 'RR918908484JP', '上海市', '2015-12-17', NULL),
(1457, 2, 'RR918857694JP', '北京市', '2015-12-17', NULL),
(1458, 2, 'RR918906758JP', '湖北省', '2015-12-17', NULL),
(1459, 2, 'RR918907855JP', '湖北省', '2015-12-17', NULL),
(1460, 2, 'RR918890939JP', '江苏省', '2015-12-15', NULL),
(1461, 2, 'RR918845223JP', '上海市', '2015-12-15', NULL),
(1462, 2, 'RR918843942JP', '安徽省', '2015-12-15', NULL),
(1463, 2, 'RR918901319JP', '陕西省', '2015-12-15', NULL),
(1464, 2, 'RR918844276JP', '陕西省', '2015-12-15', NULL),
(1465, 2, 'RR918952117JP', '福建省', '2015-12-15', NULL),
(1466, 2, 'RR918842567JP', '四川省', '2015-12-15', '2015-12-28'),
(1467, 2, 'RR918942698JP', '北京市', '2015-12-15', NULL),
(1468, 2, 'RR918946434JP', '重庆市', '2015-12-15', NULL),
(1469, 5, 'CI021044228JP', '辽宁省', '2015-12-14', '2016-01-13'),
(1470, 2, 'RR918599173JP', '天津市', '2015-12-13', '2015-12-21'),
(1471, 2, 'RR918655887JP', '江苏省', '2015-12-13', NULL),
(1472, 2, 'RR918696952JP', '河北省', '2015-12-12', NULL),
(1473, 2, 'RR918652673JP', '浙江省', '2015-12-12', NULL),
(1474, 2, 'RR918760531JP', '江苏省', '2015-12-12', NULL),
(1475, 2, 'RR918652554JP', '天津市', '2015-12-13', '2015-12-22'),
(1476, 2, 'RR918708050JP', '陕西省', '2015-12-12', NULL),
(1477, 2, 'RR918707522JP', '上海市', '2015-12-12', NULL),
(1478, 2, 'RR918754575JP', '陕西省', '2015-12-12', NULL),
(1479, 2, 'RR918635817JP', '吉林省', '2015-12-13', '2015-12-20'),
(1480, 2, 'RR918730937JP', '上海市', '2015-12-11', NULL),
(1481, 2, 'RR918683432JP', '上海市', '2015-12-13', '2015-12-18');

-- --------------------------------------------------------

--
-- テーブルの構造 `shop`
--

DROP TABLE IF EXISTS `shop`;
CREATE TABLE `shop` (
  `id` tinyint(3) NOT NULL,
  `name` varchar(20) NOT NULL,
  `link` varchar(50) NOT NULL,
  `account` varchar(20) DEFAULT NULL,
  `fare` float NOT NULL DEFAULT '1'
) ENGINE=InnoDB AUTO_INCREMENT=14 DEFAULT CHARSET=utf8;

--
-- テーブルのデータのダンプ `shop`
--

INSERT INTO `shop` (`id`, `name`, `link`, `account`, `fare`) VALUES
(1, 'ヨドバシ', 'http://www.yodobashi.com', 'yokouei@gmail.com', 0.9),
(2, 'AMAZON', 'http://www.amazon.co.jp', 'yokouei@gmail.com', 1),
(3, 'LOHACO', 'https://lohaco.jp', 'yokouei@gmail.com', 1),
(4, 'BETTA', 'http://www.betta.co.jp', 'yokouei@gmail.com', 0.98),
(5, '犬印', 'http://www.inujirushi-shop.jp', 'yokouei@gmail.com', 1),
(6, '松本清', 'http://store.shopping.yahoo.co.jp/matsumotokiyoshi', 'yokouei@gmail.com', 1),
(7, 'OK', ' ', NULL, 1.08),
(8, 'HABA', 'https://www.haba.co.jp', 'yokouei2015', 1),
(9, 'FANCL', 'http://www.fancl.co.jp', '3107280440', 1),
(10, 'mama&kids', 'https://shopping.natural-s.jp', 'yokouei@gmail.com', 0.9),
(11, 'ワコール', 'http://store.wacoal.jp/', NULL, 1),
(12, 'YAHOO', 'http://store.shopping.yahoo.co.jp/', NULL, 1),
(13, 'BELLE', 'http://www.bellemaison.jp/', NULL, 1);

-- --------------------------------------------------------

--
-- テーブルの構造 `state`
--

DROP TABLE IF EXISTS `state`;
CREATE TABLE `state` (
  `id` tinyint(2) unsigned zerofill NOT NULL,
  `name` varchar(10) NOT NULL,
  `create_time` datetime NOT NULL,
  `update_time` datetime NOT NULL
) ENGINE=InnoDB DEFAULT CHARSET=utf8;

--
-- Indexes for dumped tables
--

--
-- Indexes for table `brand`
--
ALTER TABLE `brand`
  ADD PRIMARY KEY (`id`);

--
-- Indexes for table `customer`
--
ALTER TABLE `customer`
  ADD PRIMARY KEY (`id`);

--
-- Indexes for table `item`
--
ALTER TABLE `item`
  ADD PRIMARY KEY (`id`),
  ADD KEY `item_brand__fk` (`brand`),
  ADD KEY `item_shop__fk` (`shop`),
  ADD KEY `item_ship_price__fk` (`ship`);

--
-- Indexes for table `kind`
--
ALTER TABLE `kind`
  ADD PRIMARY KEY (`id`);

--
-- Indexes for table `ship`
--
ALTER TABLE `ship`
  ADD PRIMARY KEY (`id`);

--
-- Indexes for table `ship_price`
--
ALTER TABLE `ship_price`
  ADD PRIMARY KEY (`id`);

--
-- Indexes for table `shipping`
--
ALTER TABLE `shipping`
  ADD PRIMARY KEY (`id`),
  ADD UNIQUE KEY `shipping_id_uindex` (`id`),
  ADD UNIQUE KEY `shipping_number_uindex` (`number`);

--
-- Indexes for table `shop`
--
ALTER TABLE `shop`
  ADD PRIMARY KEY (`id`),
  ADD UNIQUE KEY `shop_id_uindex` (`id`);

--
-- Indexes for table `state`
--
ALTER TABLE `state`
  ADD PRIMARY KEY (`id`);

--
-- AUTO_INCREMENT for dumped tables
--

--
-- AUTO_INCREMENT for table `brand`
--
ALTER TABLE `brand`
  MODIFY `id` tinyint(3) unsigned zerofill NOT NULL AUTO_INCREMENT,AUTO_INCREMENT=45;
--
-- AUTO_INCREMENT for table `customer`
--
ALTER TABLE `customer`
  MODIFY `id` int(10) unsigned zerofill NOT NULL AUTO_INCREMENT;
--
-- AUTO_INCREMENT for table `item`
--
ALTER TABLE `item`
  MODIFY `id` int(10) unsigned zerofill NOT NULL AUTO_INCREMENT,AUTO_INCREMENT=201;
--
-- AUTO_INCREMENT for table `kind`
--
ALTER TABLE `kind`
  MODIFY `id` tinyint(3) unsigned zerofill NOT NULL AUTO_INCREMENT;
--
-- AUTO_INCREMENT for table `ship`
--
ALTER TABLE `ship`
  MODIFY `id` tinyint(1) NOT NULL AUTO_INCREMENT,AUTO_INCREMENT=6;
--
-- AUTO_INCREMENT for table `ship_price`
--
ALTER TABLE `ship_price`
  MODIFY `id` tinyint(3) NOT NULL AUTO_INCREMENT,AUTO_INCREMENT=42;
--
-- AUTO_INCREMENT for table `shipping`
--
ALTER TABLE `shipping`
  MODIFY `id` int(11) NOT NULL AUTO_INCREMENT,AUTO_INCREMENT=1482;
--
-- AUTO_INCREMENT for table `shop`
--
ALTER TABLE `shop`
  MODIFY `id` tinyint(3) NOT NULL AUTO_INCREMENT,AUTO_INCREMENT=14;
--
-- AUTO_INCREMENT for table `state`
--
ALTER TABLE `state`
  MODIFY `id` tinyint(2) unsigned zerofill NOT NULL AUTO_INCREMENT;
--
-- ダンプしたテーブルの制約
--

--
-- テーブルの制約 `item`
--
ALTER TABLE `item`
  ADD CONSTRAINT `item_brand__fk` FOREIGN KEY (`brand`) REFERENCES `brand` (`id`),
  ADD CONSTRAINT `item_ship_price__fk` FOREIGN KEY (`ship`) REFERENCES `ship_price` (`id`),
  ADD CONSTRAINT `item_shop__fk` FOREIGN KEY (`shop`) REFERENCES `shop` (`id`);

/*!40101 SET CHARACTER_SET_CLIENT=@OLD_CHARACTER_SET_CLIENT */;
/*!40101 SET CHARACTER_SET_RESULTS=@OLD_CHARACTER_SET_RESULTS */;
/*!40101 SET COLLATION_CONNECTION=@OLD_COLLATION_CONNECTION */;
