-- phpMyAdmin SQL Dump
-- version 4.5.1
-- http://www.phpmyadmin.net
--
-- Host: 127.0.0.1
-- Generation Time: 2016 年 7 朁E29 日 10:06
-- サーバのバージョン： 10.1.13-MariaDB
-- PHP Version: 5.6.23

SET SQL_MODE = "NO_AUTO_VALUE_ON_ZERO";
SET time_zone = "+00:00";


/*!40101 SET @OLD_CHARACTER_SET_CLIENT=@@CHARACTER_SET_CLIENT */;
/*!40101 SET @OLD_CHARACTER_SET_RESULTS=@@CHARACTER_SET_RESULTS */;
/*!40101 SET @OLD_COLLATION_CONNECTION=@@COLLATION_CONNECTION */;
/*!40101 SET NAMES utf8mb4 */;

--
-- Database: `household_budget`
--
DROP DATABASE `household_budget`;
CREATE DATABASE IF NOT EXISTS `household_budget` DEFAULT CHARACTER SET utf8 COLLATE utf8_general_ci;
USE `household_budget`;

-- --------------------------------------------------------

--
-- テーブルの構造 `account`
--

CREATE TABLE `account` (
  `id` tinyint(4) NOT NULL,
  `name` varchar(30) NOT NULL,
  `owner` tinyint(3) DEFAULT NULL,
  `account` varchar(20) DEFAULT NULL,
  `link` varchar(100) DEFAULT NULL,
  `limit` int(11) DEFAULT NULL,
  `debit_account` tinyint(3) DEFAULT NULL,
  `debit_day` tinyint(2) DEFAULT NULL
) ENGINE=InnoDB DEFAULT CHARSET=utf8;

--
-- テーブルのデータのダンプ `account`
--

INSERT INTO `account` (`id`, `name`, `owner`, `account`, `link`, `limit`, `debit_account`, `debit_day`) VALUES
(3, 'みずほ銀行', 1, NULL, NULL, NULL, NULL, NULL),
(4, 'みずほ銀行', 2, NULL, NULL, NULL, NULL, NULL),
(5, '三菱東京UFJ銀行', 1, NULL, NULL, NULL, NULL, NULL),
(6, '三菱東京UFJ銀行', 2, NULL, NULL, NULL, NULL, NULL),
(7, '新生銀行', 1, NULL, NULL, NULL, NULL, NULL),
(8, '新生銀行', 2, NULL, NULL, NULL, NULL, NULL),
(9, '三井住友銀行', 2, NULL, NULL, NULL, NULL, NULL),
(10, '住信SBIネット銀行', 2, NULL, NULL, NULL, NULL, NULL),
(11, '楽天カード', 1, NULL, NULL, NULL, NULL, NULL),
(12, '楽天カード', 2, NULL, NULL, NULL, NULL, NULL),
(13, 'ヤフーカード', 1, 'rosuyi', 'http://www.jaccs.co.jp/', NULL, NULL, NULL),
(14, 'ヤフーカード', 2, 'yokouei', 'http://www.jaccs.co.jp/', NULL, NULL, NULL),
(15, '漢方スタイルクラブカード', 1, 'rosuyi', 'http://www.jaccs.co.jp/', NULL, NULL, NULL),
(16, '漢方スタイルクラブカード', 2, 'yokouei', 'http://www.jaccs.co.jp/', NULL, NULL, NULL),
(17, 'エポスカード', 1, '', 'https://www.eposcard.co.jp/member/index.html?from=PCtop', NULL, NULL, NULL),
(18, 'SAISON', 2, '', 'https://www.eposcard.co.jp/member/index.html?from=PCtop', NULL, NULL, NULL);

-- --------------------------------------------------------

--
-- テーブルの構造 `csv`
--

CREATE TABLE `csv` (
  `id` int(11) NOT NULL,
  `account_id` tinyint(3) NOT NULL,
  `account_year` int(4) NOT NULL,
  `account_month` int(2) NOT NULL,
  `file` varchar(50) DEFAULT NULL
) ENGINE=InnoDB DEFAULT CHARSET=utf8;

--
-- テーブルのデータのダンプ `csv`
--

INSERT INTO `csv` (`id`, `account_id`, `account_year`, `account_month`, `file`) VALUES
(1, 17, 2016, 7, NULL),
(2, 17, 2016, 6, NULL),
(3, 17, 2016, 5, NULL),
(4, 17, 2016, 4, NULL),
(5, 17, 2016, 3, NULL),
(6, 17, 2016, 2, NULL),
(7, 17, 2016, 1, NULL),
(8, 15, 2016, 7, '../history_csv/15_2016_7.csv'),
(9, 15, 2016, 6, '../history_csv/15_2016_6.csv'),
(10, 15, 2016, 5, '../history_csv/15_2016_5.csv'),
(11, 15, 2016, 4, '../history_csv/15_2016_4.csv'),
(12, 15, 2016, 3, '../history_csv/15_2016_3.csv'),
(13, 15, 2016, 2, '../history_csv/15_2016_2.csv'),
(15, 16, 2016, 7, '../history_csv/16_2016_7.csv'),
(16, 16, 2016, 6, '../history_csv/16_2016_6.csv'),
(17, 16, 2016, 5, '../history_csv/16_2016_5.csv'),
(18, 16, 2016, 4, '../history_csv/16_2016_4.csv'),
(19, 16, 2016, 3, '../history_csv/16_2016_3.csv'),
(24, 12, 2016, 5, '../history_csv/12_2016_5.csv'),
(25, 12, 2016, 4, '../history_csv/12_2016_4.csv'),
(26, 12, 2016, 3, '../history_csv/12_2016_3.csv'),
(27, 12, 2016, 2, '../history_csv/12_2016_2.csv'),
(30, 11, 2016, 6, '../history_csv/11_2016_6.csv'),
(31, 11, 2016, 5, '../history_csv/11_2016_5.csv'),
(32, 11, 2016, 4, '../history_csv/11_2016_4.csv'),
(33, 11, 2016, 3, '../history_csv/11_2016_3.csv'),
(34, 11, 2016, 2, '../history_csv/11_2016_2.csv'),
(36, 14, 2016, 7, '../history_csv/14_2016_7.csv'),
(37, 14, 2016, 6, '../history_csv/14_2016_6.csv'),
(38, 14, 2016, 5, '../history_csv/14_2016_5.csv'),
(39, 14, 2016, 4, '../history_csv/14_2016_4.csv'),
(40, 14, 2016, 3, '../history_csv/14_2016_3.csv'),
(43, 13, 2016, 7, '../history_csv/13_2016_7.csv'),
(44, 13, 2016, 6, '../history_csv/13_2016_6.csv'),
(45, 13, 2016, 5, '../history_csv/13_2016_5.csv'),
(47, 13, 2016, 3, '../history_csv/13_2016_3.csv'),
(48, 13, 2016, 2, '../history_csv/13_2016_2.csv'),
(50, 4, 2016, 7, '../history_csv/4_2016_7.csv'),
(57, 3, 2016, 7, '../history_csv/3_2016_7.csv'),
(64, 9, 2016, 7, '../history_csv/9_2016_7.csv'),
(71, 6, 2016, 7, NULL),
(72, 6, 2016, 6, NULL),
(73, 6, 2016, 5, NULL),
(74, 6, 2016, 4, NULL),
(75, 6, 2016, 3, NULL),
(76, 6, 2016, 2, NULL),
(77, 6, 2016, 1, NULL),
(78, 5, 2016, 7, '../history_csv/5_2016_7.csv'),
(85, 18, 2016, 7, '../history_csv/18_2016_7.csv'),
(86, 18, 2016, 6, '../history_csv/18_2016_6.csv');

-- --------------------------------------------------------

--
-- テーブルの構造 `income_expense`
--

CREATE TABLE `income_expense` (
  `id` int(11) NOT NULL,
  `csv` int(11) NOT NULL,
  `time` date NOT NULL,
  `shop` varchar(50) DEFAULT NULL,
  `detail` varchar(50) DEFAULT NULL,
  `number` int(11) NOT NULL,
  `member` tinyint(3) NOT NULL DEFAULT '6',
  `type` tinyint(3) DEFAULT NULL,
  `income_expense` tinyint(1) DEFAULT '1'
) ENGINE=InnoDB DEFAULT CHARSET=utf8;

--
-- テーブルのデータのダンプ `income_expense`
--

INSERT INTO `income_expense` (`id`, `csv`, `time`, `shop`, `detail`, `number`, `member`, `type`, `income_expense`) VALUES
(175, 13, '2015-12-22', 'ベツタベビーストア', NULL, 8428, 6, NULL, 1),
(176, 13, '2015-12-24', 'ヨドバシカメラ　通信販売', NULL, 5084, 6, NULL, 1),
(177, 13, '2015-12-24', 'ヨドバシカメラ　通信販売', NULL, 2340, 6, NULL, 1),
(178, 13, '2015-12-24', 'ヨドバシカメラ　通信販売', NULL, 2200, 6, NULL, 1),
(179, 13, '2015-12-24', 'ヨドバシカメラ　通信販売', NULL, 2170, 6, NULL, 1),
(180, 13, '2015-12-24', 'グランデュオ　蒲田', NULL, 3240, 6, NULL, 1),
(181, 13, '2015-12-25', 'ベツタベビーストア', NULL, 15818, 6, NULL, 1),
(182, 13, '2015-12-25', 'ヨドバシカメラ　通信販売', NULL, 12387, 6, NULL, 1),
(183, 13, '2015-12-25', 'ヨドバシカメラ　通信販売', NULL, 6620, 6, NULL, 1),
(184, 13, '2015-12-25', 'ベツタベビーストア', NULL, 5965, 6, NULL, 1),
(185, 13, '2015-12-25', 'ベツタベビーストア', NULL, 5450, 6, NULL, 1),
(186, 13, '2015-12-25', 'ベツタベビーストア', NULL, 5450, 6, NULL, 1),
(187, 13, '2015-12-25', 'ベツタベビーストア', NULL, 5450, 6, NULL, 1),
(188, 13, '2015-12-25', 'ベツタベビーストア', NULL, 5351, 6, NULL, 1),
(189, 13, '2015-12-25', 'ベツタベビーストア', NULL, 5253, 6, NULL, 1),
(190, 13, '2015-12-25', 'ベツタベビーストア', NULL, 5253, 6, NULL, 1),
(191, 13, '2015-12-25', 'ベツタベビーストア', NULL, 4959, 6, NULL, 1),
(192, 13, '2015-12-25', 'ヨドバシカメラ　通信販売', NULL, 4140, 6, NULL, 1),
(193, 13, '2015-12-25', 'ヨドバシカメラ　通信販売', NULL, 2750, 6, NULL, 1),
(194, 13, '2015-12-25', 'ヨドバシカメラ　通信販売', NULL, 2200, 6, NULL, 1),
(195, 13, '2015-12-25', 'ヨドバシカメラ　通信販売', NULL, 1694, 6, NULL, 1),
(196, 13, '2015-12-26', 'オーケー　サガン店', NULL, 27804, 6, NULL, 1),
(197, 13, '2015-12-26', 'ウエルシア大田萩中', NULL, 16288, 6, NULL, 1),
(198, 13, '2015-12-27', 'ヨドバシカメラ　マルチメディア　川崎', NULL, 61958, 6, NULL, 1),
(199, 13, '2015-12-27', 'ヨドバシカメラ　通信販売（新経路）', NULL, 7530, 6, NULL, 1),
(200, 13, '2015-12-27', 'ＡＭＡＺＯＮ．ＣＯ．ＪＰ', NULL, 7254, 6, NULL, 1),
(201, 13, '2015-12-27', 'ヨドバシカメラ　通信販売', NULL, 3320, 6, NULL, 1),
(202, 13, '2015-12-27', 'ドラッグセガミ蒲田駅前', NULL, 1316, 6, NULL, 1),
(203, 13, '2015-12-27', 'オーケー　サガン店', NULL, 1283, 6, NULL, 1),
(204, 13, '2015-12-28', 'ヤフー・ショッピング　トイザらス・ベビー', NULL, 46196, 6, NULL, 1),
(205, 13, '2015-12-28', 'ニシマツヤチエ－ン', NULL, 28370, 6, NULL, 1),
(206, 13, '2015-12-28', 'ヨドバシカメラ　マルチメディア　川崎', NULL, 5435, 6, NULL, 1),
(207, 13, '2015-12-28', 'ＡＭＡＺＯＮ．ＣＯ．ＪＰ', NULL, 4189, 6, NULL, 1),
(208, 13, '2015-12-28', 'ベツタベビーストア', NULL, 6664, 6, NULL, 1),
(209, 13, '2015-12-30', 'ヤフー・ショッピング　トイザらス・ベビー', NULL, 80316, 6, NULL, 1),
(210, 13, '2015-12-30', '犬印本舗', NULL, 16632, 6, NULL, 1),
(211, 13, '2015-12-30', 'ドクタ－シ－ラボ', NULL, 13780, 6, NULL, 1),
(212, 13, '2015-12-30', 'ドクタ－シ－ラボ', NULL, 10000, 6, NULL, 1),
(213, 13, '2015-12-30', 'ドクタ－シ－ラボ', NULL, 10000, 6, NULL, 1),
(214, 13, '2015-12-30', 'セイユウドツトコム　ソ', NULL, 9007, 6, NULL, 1),
(215, 13, '2015-12-30', 'ヨドバシカメラ　マルチメディア　川崎', NULL, 6234, 6, NULL, 1),
(216, 13, '2015-12-30', 'ヨドバシカメラ　通信販売', NULL, 4910, 6, NULL, 1),
(217, 13, '2015-12-30', 'ヨドバシカメラ　マルチメディア　川崎', NULL, 3655, 6, NULL, 1),
(218, 13, '2015-12-30', 'ヨドバシカメラ　マルチメディア　川崎', NULL, 3576, 6, NULL, 1),
(219, 13, '2015-12-30', 'グランデュオ　蒲田', NULL, 1296, 6, NULL, 1),
(220, 13, '2015-12-30', '川崎ルフロン', NULL, 7722, 6, NULL, 1),
(221, 13, '2015-12-31', 'ヨドバシカメラ　通信販売', NULL, 2885, 6, NULL, 1),
(222, 13, '2015-12-31', 'オーケー　サガン店', NULL, 13655, 6, NULL, 1),
(223, 13, '2015-12-31', 'Ｓｏ－ｎｅｔ', NULL, 2322, 6, NULL, 1),
(224, 13, '2015-12-31', 'Ｓｏ－ｎｅｔ', NULL, 1782, 6, NULL, 1),
(225, 13, '2016-01-01', 'ヨドバシカメラ　マルチメディア　川崎', NULL, 4041, 6, NULL, 1),
(226, 13, '2016-01-01', 'ＳＫＹＰＥ．ＣＯＭ', NULL, 360, 6, NULL, 1),
(227, 13, '2016-01-01', 'ヨドバシカメラ　マルチメディア　川崎', NULL, 177, 6, NULL, 1),
(228, 13, '2016-01-01', 'ヨドバシカメラ　通信販売', NULL, 74, 6, NULL, 1),
(229, 13, '2016-01-02', '有楽町マルイ', NULL, 12409, 6, NULL, 1),
(230, 13, '2016-01-02', '有楽町マルイ', NULL, 5292, 6, NULL, 1),
(231, 13, '2016-01-02', 'グランデュオ　蒲田', NULL, 4470, 6, NULL, 1),
(232, 13, '2016-01-02', 'Ｓｋｅｗ', NULL, 2600, 6, NULL, 1),
(233, 13, '2016-01-04', '有楽町マルイ', NULL, 4104, 6, NULL, 1),
(234, 13, '2016-01-04', 'グランデュオ　蒲田', NULL, 1080, 6, NULL, 1),
(235, 13, '2016-01-04', '東京電力　　　　　　２０１６年　１月分', NULL, 4955, 6, NULL, 1),
(236, 13, '2016-01-04', 'ヤフー・ショッピング　トイザらス・ベビー', NULL, 63930, 6, NULL, 1),
(237, 13, '2016-01-04', 'ジェイアールヒガシニホン　テイキケンハツ', NULL, 15280, 6, NULL, 1),
(238, 13, '2016-01-04', 'ＡＭＡＺＯＮ．ＣＯ．ＪＰ', NULL, 5618, 6, NULL, 1),
(239, 13, '2016-01-04', 'ヨドバシカメラ　通信販売', NULL, 2170, 6, NULL, 1),
(240, 13, '2016-01-04', 'ヨドバシカメラ　通信販売', NULL, 1992, 6, NULL, 1),
(241, 13, '2016-01-04', 'ジェイアールヒガシニホン　テイキケンハツ', NULL, 6170, 6, NULL, 1),
(242, 13, '2016-01-05', '犬印本舗', NULL, 8424, 6, NULL, 1),
(243, 13, '2016-01-05', 'ソフトバンクＭ（１２月分）', NULL, 9026, 6, NULL, 1),
(244, 13, '2016-01-05', 'オーケー　サガン店', NULL, 6239, 6, NULL, 1),
(245, 13, '2016-01-05', 'ソフトバンクＭ（１２月分）', NULL, 4941, 6, NULL, 1),
(246, 13, '2016-01-05', 'ヨドバシカメラ　通信販売', NULL, 2640, 6, NULL, 1),
(247, 13, '2016-01-05', 'ヨドバシカメラ　通信販売', NULL, 2014, 6, NULL, 1),
(248, 13, '2016-01-05', 'ＪＲヒガシニホン　ミドリノマドグチ', NULL, 13100, 6, NULL, 1),
(249, 13, '2016-01-06', 'ヨドバシカメラ　通信販売', NULL, 3480, 6, NULL, 1),
(250, 13, '2016-01-06', 'オーケー　サガン店', NULL, 908, 6, NULL, 1),
(251, 13, '2016-01-06', 'ミニストップ　静岡御幸町店', NULL, 346, 6, NULL, 1),
(252, 13, '2016-01-08', 'ベツタベビーストア', NULL, 8116, 6, NULL, 1),
(253, 13, '2016-01-08', 'ココデカウ　ポンパレモール店', NULL, 6853, 6, NULL, 1),
(254, 13, '2016-01-08', 'ベツタベビーストア', NULL, 6274, 6, NULL, 1),
(255, 13, '2016-01-08', 'ベツタベビーストア', NULL, 5547, 6, NULL, 1),
(256, 13, '2016-01-08', 'ベツタベビーストア', NULL, 5410, 6, NULL, 1),
(257, 13, '2016-01-08', 'ベツタベビーストア', NULL, 5410, 6, NULL, 1),
(258, 13, '2016-01-08', 'ベツタベビーストア', NULL, 4998, 6, NULL, 1),
(259, 13, '2016-01-08', 'ヨドバシカメラ　通信販売', NULL, 4910, 6, NULL, 1),
(260, 13, '2016-01-10', 'ＡＯＫＩ', NULL, 34866, 6, NULL, 1),
(261, 13, '2016-01-13', '東京ガス　ガス料金　２０１６年　１月分', NULL, 4969, 6, NULL, 1),
(262, 12, '2016-01-07', 'ハ－バ－　オンラインショップ', NULL, 101088, 6, NULL, 1),
(263, 12, '2016-01-07', 'ハ－バ－　オンラインショップ', NULL, 22680, 6, NULL, 1),
(264, 12, '2016-01-31', 'Ｓｏ－ｎｅｔ', NULL, 2322, 6, NULL, 1),
(265, 12, '2016-01-31', 'Ｓｏ－ｎｅｔ', NULL, 1782, 6, NULL, 1),
(266, 12, '2016-02-02', '東京電力　　　　　　２０１６年　２月分', NULL, 4049, 6, NULL, 1),
(267, 12, '2016-02-09', '東京ガス　ガス料金　２０１６年　２月分', NULL, 4304, 6, NULL, 1),
(268, 11, '2016-02-29', 'Ｓｏ－ｎｅｔ', NULL, 2322, 6, NULL, 1),
(269, 11, '2016-02-29', 'Ｓｏ－ｎｅｔ', NULL, 1782, 6, NULL, 1),
(270, 11, '2016-03-03', '東京電力　　　　　　２０１６年　３月分', NULL, 2566, 6, NULL, 1),
(271, 11, '2016-03-09', '東京ガス　ガス料金　２０１６年　３月分', NULL, 0, 6, NULL, 1),
(272, 10, '2016-03-10', 'ハ－バ－　オンラインショップ', NULL, 15427, 6, NULL, 1),
(273, 10, '2016-03-11', 'ハ－バ－　オンラインショップ', NULL, 15768, 6, NULL, 1),
(274, 10, '2016-04-04', '東京電力エナジーパー２０１６年　４月分', NULL, 0, 6, NULL, 1),
(275, 10, '2016-04-05', 'ソフトバンクＭ（０３月分）', NULL, 0, 6, NULL, 1),
(276, 10, '2016-04-05', 'ソフトバンクＭ（０３月分）', NULL, 0, 6, NULL, 1),
(277, 10, '2016-04-07', 'ヨドバシカメラ　通信販売', NULL, 10442, 6, NULL, 1),
(278, 10, '2016-04-07', 'セイユウドツトコム　セ', NULL, 5054, 6, NULL, 1),
(279, 10, '2016-04-07', 'ＳＭＩＬＥまーけっと', NULL, 2916, 6, NULL, 1),
(280, 10, '2016-04-08', 'ＡＭＡＺＯＮ．ＣＯ．ＪＰ', NULL, 4749, 6, NULL, 1),
(281, 10, '2016-04-08', 'ＡＭＡＺＯＮ．ＣＯ．ＪＰ', NULL, 3844, 6, NULL, 1),
(282, 10, '2016-04-08', 'ＡＭＡＺＯＮ．ＣＯ．ＪＰ', NULL, 2960, 6, NULL, 1),
(283, 10, '2016-04-08', 'ＡＭＡＺＯＮ．ＣＯ．ＪＰ', NULL, 2960, 6, NULL, 1),
(284, 10, '2016-04-08', 'ＡＭＡＺＯＮ．ＣＯ．ＪＰ', NULL, 2960, 6, NULL, 1),
(285, 10, '2016-04-08', 'ＡＭＡＺＯＮ．ＣＯ．ＪＰ', NULL, 2960, 6, NULL, 1),
(286, 10, '2016-04-08', 'ＡＭＡＺＯＮ．ＣＯ．ＪＰ', NULL, 2960, 6, NULL, 1),
(287, 10, '2016-04-08', 'ヨドバシカメラ　通信販売', NULL, 2890, 6, NULL, 1),
(288, 10, '2016-04-08', 'ＡＭＡＺＯＮ．ＣＯ．ＪＰ', NULL, 1118, 6, NULL, 1),
(289, 10, '2016-04-09', 'ヨドバシカメラ　通信販売', NULL, 2735, 6, NULL, 1),
(290, 10, '2016-04-09', 'ヨドバシカメラ　通信販売', NULL, 2734, 6, NULL, 1),
(291, 10, '2016-04-09', 'ヨドバシカメラ　通信販売', NULL, 1269, 6, NULL, 1),
(292, 10, '2016-04-09', 'ヨドバシカメラ　通信販売', NULL, 454, 6, NULL, 1),
(293, 10, '2016-04-10', 'ＡＭＡＺＯＮ．ＣＯ．ＪＰ', NULL, 2140, 6, NULL, 1),
(294, 10, '2016-04-11', '東京ガス　ガス料金　２０１６年　４月分', NULL, 3324, 6, NULL, 1),
(295, 10, '2016-04-11', 'ヨドバシカメラ　通信販売', NULL, 7937, 6, NULL, 1),
(296, 10, '2016-04-11', 'ヨドバシカメラ　通信販売', NULL, 1354, 6, NULL, 1),
(297, 10, '2016-04-12', 'ヨドバシカメラ　通信販売', NULL, 2305, 6, NULL, 1),
(298, 10, '2016-04-12', 'ベツタベビーストア', NULL, 5704, 6, NULL, 1),
(299, 10, '2016-04-14', 'ベツタベビーストア', NULL, 5253, 6, NULL, 1),
(300, 10, '2016-04-14', 'ベツタベビーストア', NULL, 5253, 6, NULL, 1),
(301, 10, '2016-04-14', 'ベツタベビーストア', NULL, 4802, 6, NULL, 1),
(302, 10, '2016-04-14', 'ヨドバシカメラ　通信販売', NULL, 4129, 6, NULL, 1),
(303, 10, '2016-04-14', 'ＡＭＡＺＯＮ．ＣＯ．ＪＰ', NULL, 2180, 6, NULL, 1),
(304, 10, '2016-04-15', 'ＡＭＡＺＯＮ．ＣＯ．ＪＰ', NULL, 2960, 6, NULL, 1),
(305, 10, '2016-04-15', 'ヨドバシカメラ　通信販売', NULL, 2406, 6, NULL, 1),
(306, 10, '2016-04-18', 'ヨドバシカメラ　通信販売', NULL, 148, 6, NULL, 1),
(307, 10, '2016-04-18', 'ベツタベビーストア', NULL, 5978, 6, NULL, 1),
(308, 10, '2016-04-18', 'ベツタベビーストア', NULL, 5978, 6, NULL, 1),
(309, 10, '2016-04-18', 'ベツタベビーストア', NULL, 5978, 6, NULL, 1),
(310, 10, '2016-04-19', 'ベツタベビーストア', NULL, 4724, 6, NULL, 1),
(311, 10, '2016-04-19', 'ヨドバシカメラ　通信販売', NULL, 4070, 6, NULL, 1),
(312, 10, '2016-04-19', 'ヨドバシカメラ　通信販売', NULL, 2814, 6, NULL, 1),
(313, 10, '2016-04-20', 'ベツタベビーストア', NULL, 5939, 6, NULL, 1),
(314, 10, '2016-04-20', 'ヨドバシカメラ　通信販売', NULL, 5202, 6, NULL, 1),
(315, 10, '2016-04-20', 'ヨドバシカメラ　通信販売', NULL, 4380, 6, NULL, 1),
(316, 10, '2016-04-20', 'ヨドバシカメラ　通信販売', NULL, 2536, 6, NULL, 1),
(317, 10, '2016-04-20', 'ヨドバシカメラ　通信販売', NULL, 905, 6, NULL, 1),
(318, 10, '2016-04-20', 'ヨドバシカメラ　通信販売', NULL, 905, 6, NULL, 1),
(319, 9, '2016-04-05', 'ハ－バ－　オンラインショップ', NULL, 14318, 6, NULL, 1),
(320, 9, '2016-04-18', 'ハ－バ－　オンラインショップ', NULL, 1126, 6, NULL, 1),
(321, 9, '2016-04-25', '犬印本舗', NULL, 6264, 6, NULL, 1),
(322, 9, '2016-04-25', 'ヨドバシカメラ　通信販売', NULL, 1918, 6, NULL, 1),
(323, 9, '2016-04-27', 'ヨドバシカメラ　通信販売', NULL, 9342, 6, NULL, 1),
(324, 9, '2016-04-27', 'ヨドバシカメラ　通信販売', NULL, 3868, 6, NULL, 1),
(325, 9, '2016-04-27', 'ヨドバシカメラ　通信販売', NULL, 3696, 6, NULL, 1),
(326, 9, '2016-04-27', 'ベツタベビーストア', NULL, 8977, 6, NULL, 1),
(327, 9, '2016-04-28', 'ＡＭＡＺＯＮ．ＣＯ．ＪＰ', NULL, 10238, 6, NULL, 1),
(328, 9, '2016-05-01', 'ヨドバシカメラ　通信販売', NULL, 8082, 6, NULL, 1),
(329, 9, '2016-05-02', '東京電力エナジーパー２０１６年　５月分', NULL, 3778, 6, NULL, 1),
(330, 9, '2016-05-02', 'ベツタベビーストア', NULL, 11682, 6, NULL, 1),
(331, 9, '2016-05-03', 'ＡＭＡＺＯＮ．ＣＯ．ＪＰ', NULL, 2960, 6, NULL, 1),
(332, 9, '2016-05-03', 'ヨドバシカメラ　通信販売', NULL, 2001, 6, NULL, 1),
(333, 9, '2016-05-03', 'ママとベビーの専門店　マムマム', NULL, 21944, 6, NULL, 1),
(334, 9, '2016-05-03', 'ママとベビーの専門店　マムマム', NULL, 6566, 6, NULL, 1),
(335, 9, '2016-05-03', 'ママとベビーの専門店　マムマム', NULL, 6403, 6, NULL, 1),
(336, 9, '2016-05-03', 'ママとベビーの専門店　マムマム', NULL, 5529, 6, NULL, 1),
(337, 9, '2016-05-04', '犬印本舗', NULL, 6264, 6, NULL, 1),
(338, 9, '2016-05-05', 'ソフトバンクＭ（０４月分）', NULL, 9946, 6, NULL, 1),
(339, 9, '2016-05-05', 'ソフトバンクＭ（０４月分）', NULL, 4883, 6, NULL, 1),
(340, 9, '2016-05-06', 'ヨドバシカメラ　通信販売', NULL, 11337, 6, NULL, 1),
(341, 9, '2016-05-06', 'ヨドバシカメラ　通信販売', NULL, 2990, 6, NULL, 1),
(342, 9, '2016-05-09', 'ＡＭＡＺＯＮ．ＣＯ．ＪＰ', NULL, 8480, 6, NULL, 1),
(343, 9, '2016-05-09', 'ＡＭＡＺＯＮ．ＣＯ．ＪＰ', NULL, 4029, 6, NULL, 1),
(344, 9, '2016-05-12', '東京ガス　ガス料金　２０１６年　５月分', NULL, 3899, 6, NULL, 1),
(345, 9, '2016-05-12', 'ヨドバシカメラ　通信販売', NULL, 1383, 6, NULL, 1),
(346, 9, '2016-05-13', 'ベツタベビーストア', NULL, 6880, 6, NULL, 1),
(347, 9, '2016-05-13', 'ベツタベビーストア', NULL, 6880, 6, NULL, 1),
(348, 9, '2016-05-13', 'ベツタベビーストア', NULL, 6880, 6, NULL, 1),
(349, 9, '2016-05-22', 'ヨドバシカメラ　通信販売', NULL, 4307, 6, NULL, 1),
(350, 8, '2016-05-23', 'ベツタベビーストア', NULL, 5038, 6, NULL, 1),
(351, 8, '2016-05-24', 'ベツタベビーストア', NULL, 15661, 6, NULL, 1),
(352, 8, '2016-05-24', 'ベツタベビーストア', NULL, 10173, 6, NULL, 1),
(353, 8, '2016-05-24', 'ベツタベビーストア', NULL, 5371, 6, NULL, 1),
(354, 8, '2016-05-24', 'ＡＭＡＺＯＮ．ＣＯ．ＪＰ', NULL, 2960, 6, NULL, 1),
(355, 8, '2016-05-24', 'ヨドバシカメラ　通信販売', NULL, 9, 6, NULL, 1),
(356, 8, '2016-05-25', 'ベツタベビーストア', NULL, 6782, 6, NULL, 1),
(357, 8, '2016-05-25', 'ベツタベビーストア', NULL, 5880, 6, NULL, 1),
(358, 8, '2016-05-25', 'ベツタベビーストア', NULL, 5880, 6, NULL, 1),
(359, 8, '2016-05-25', 'ベツタベビーストア', NULL, 4802, 6, NULL, 1),
(360, 8, '2016-05-26', 'ベツタベビーストア', NULL, 8095, 6, NULL, 1),
(361, 8, '2016-05-26', '犬印本舗', NULL, 7884, 6, NULL, 1),
(362, 8, '2016-05-26', 'ヨドバシカメラ　通信販売', NULL, 439, 6, NULL, 1),
(363, 8, '2016-05-27', 'ヨドバシカメラ　通信販売', NULL, 396, 6, NULL, 1),
(364, 8, '2016-05-28', 'ヨドバシカメラ　通信販売', NULL, 6040, 6, NULL, 1),
(365, 8, '2016-05-29', 'ＡＭＡＺＯＮ．ＣＯ．ＪＰ', NULL, 2960, 6, NULL, 1),
(366, 8, '2016-05-29', 'ＡＭＡＺＯＮ．ＣＯ．ＪＰ', NULL, 2960, 6, NULL, 1),
(367, 8, '2016-05-29', 'ＡＭＡＺＯＮ．ＣＯ．ＪＰ', NULL, 1480, 6, NULL, 1),
(368, 8, '2016-05-30', 'ＡＭＡＺＯＮ．ＣＯ．ＪＰ', NULL, 6839, 6, NULL, 1),
(369, 8, '2016-05-30', 'ヨドバシカメラ　通信販売', NULL, 1836, 6, NULL, 1),
(370, 8, '2016-05-30', 'ヨドバシカメラ　通信販売', NULL, 258, 6, NULL, 1),
(371, 8, '2016-06-01', 'ヨドバシカメラ　通信販売', NULL, 2774, 6, NULL, 1),
(372, 8, '2016-06-01', 'ＡＭＡＺＯＮ．ＣＯ．ＪＰ', NULL, 2960, 6, NULL, 1),
(373, 8, '2016-06-02', 'ヨドバシカメラ　通信販売', NULL, 0, 6, NULL, 1),
(374, 8, '2016-06-02', 'ヨドバシカメラ　通信販売', NULL, 654, 6, NULL, 1),
(375, 8, '2016-06-02', 'シルクル', NULL, 1880, 6, NULL, 1),
(376, 8, '2016-06-03', '東京電力エナジーパー２０１６年　６月分', NULL, 4467, 6, NULL, 1),
(377, 8, '2016-06-03', '犬印本舗', NULL, 8424, 6, NULL, 1),
(378, 8, '2016-06-03', 'ＡＭＡＺＯＮ．ＣＯ．ＪＰ', NULL, 584, 6, NULL, 1),
(379, 8, '2016-06-04', 'ＡＭＡＺＯＮ．ＣＯ．ＪＰ', NULL, 5860, 6, NULL, 1),
(380, 8, '2016-06-04', 'ヨドバシカメラ　通信販売', NULL, 3118, 6, NULL, 1),
(381, 8, '2016-06-04', 'ＡＭＡＺＯＮ．ＣＯ．ＪＰ', NULL, 604, 6, NULL, 1),
(382, 8, '2016-06-05', 'ソフトバンクＭ（０５月分）', NULL, 1511, 6, NULL, 1),
(383, 8, '2016-06-05', 'ソフトバンクＭ（０５月分）', NULL, 4879, 6, NULL, 1),
(384, 8, '2016-06-05', 'ヨドバシカメラ　通信販売', NULL, 459, 6, NULL, 1),
(385, 8, '2016-06-06', 'ベツタベビーストア', NULL, 9369, 6, NULL, 1),
(386, 8, '2016-06-06', 'ベツタベビーストア', NULL, 4920, 6, NULL, 1),
(387, 8, '2016-06-06', 'ベビ－ヨウヒンポコアポコ　ビツ', NULL, 3733, 6, NULL, 1),
(388, 8, '2016-06-08', 'ＡＭＡＺＯＮ．ＣＯ．ＪＰ', NULL, 2960, 6, NULL, 1),
(389, 8, '2016-06-10', '東京ガス　ガス料金　２０１６年　６月分', NULL, 3174, 6, NULL, 1),
(390, 8, '2016-06-10', 'ＡＭＡＺＯＮ．ＣＯ．ＪＰ', NULL, 1480, 6, NULL, 1),
(391, 8, '2016-06-12', 'ヨドバシカメラ　通信販売', NULL, 8315, 6, NULL, 1),
(392, 8, '2016-06-14', 'ベツタベビーストア', NULL, 5253, 6, NULL, 1),
(393, 8, '2016-06-15', 'ベツタベビーストア', NULL, 5645, 6, NULL, 1),
(394, 8, '2016-06-17', 'ヨドバシカメラ　通信販売', NULL, 5648, 6, NULL, 1),
(395, 8, '2016-06-17', '犬印本舗', NULL, 8100, 6, NULL, 1),
(396, 8, '2016-06-21', 'ＡＭＡＺＯＮ．ＣＯ．ＪＰ', NULL, 5920, 6, NULL, 1),
(397, 8, '2016-06-22', 'ＡＭＡＺＯＮ．ＣＯ．ＪＰ', NULL, 3945, 6, NULL, 1),
(398, 8, '2016-06-22', 'ヨドバシカメラ　通信販売', NULL, 2818, 6, NULL, 1),
(439, 19, '2016-02-13', 'ヨドバシカメラ　通信販売', NULL, 300, 6, NULL, 1),
(440, 19, '2016-02-14', 'ＡＭＡＺＯＮ．ＣＯ．ＪＰ', NULL, 27000, 6, NULL, 1),
(441, 19, '2016-02-14', 'ＡＭＡＺＯＮ．ＣＯ．ＪＰ', NULL, 5920, 6, NULL, 1),
(442, 19, '2016-02-15', 'ヨドバシカメラ　通信販売', NULL, 940, 6, NULL, 1),
(443, 19, '2016-02-15', 'ヨドバシカメラ　通信販売', NULL, 428, 6, NULL, 1),
(444, 19, '2016-02-16', 'ＡＭＡＺＯＮ．ＣＯ．ＪＰ', NULL, 2960, 6, NULL, 1),
(445, 19, '2016-02-17', 'ＡＭＡＺＯＮ．ＣＯ．ＪＰ', NULL, 7190, 6, NULL, 1),
(446, 19, '2016-02-17', 'ＡＭＡＺＯＮ．ＣＯ．ＪＰ', NULL, 2391, 6, NULL, 1),
(447, 19, '2016-02-17', 'ヨドバシカメラ　通信販売', NULL, 849, 6, NULL, 1),
(448, 19, '2016-02-17', 'ベツタベビーストア', NULL, 13230, 6, NULL, 1),
(449, 19, '2016-02-17', 'ベツタベビーストア', NULL, 5390, 6, NULL, 1),
(450, 19, '2016-02-17', 'ベツタベビーストア', NULL, 4900, 6, NULL, 1),
(451, 19, '2016-02-17', 'ベツタベビーストア', NULL, 4900, 6, NULL, 1),
(452, 19, '2016-02-17', 'ベツタベビーストア', NULL, 4900, 6, NULL, 1),
(453, 19, '2016-02-17', 'ベツタベビーストア', NULL, 4900, 6, NULL, 1),
(454, 19, '2016-02-17', 'ベツタベビーストア', NULL, 4724, 6, NULL, 1),
(455, 19, '2016-02-17', 'ベツタベビーストア', NULL, 4724, 6, NULL, 1),
(456, 19, '2016-02-17', 'ベツタベビーストア', NULL, 4724, 6, NULL, 1),
(457, 19, '2016-02-18', 'ＳＫＹＰＥ．ＣＯＭ', NULL, 110, 6, NULL, 1),
(458, 19, '2016-02-19', 'ＡＭＡＺＯＮ．ＣＯ．ＪＰ', NULL, 5920, 6, NULL, 1),
(459, 19, '2016-02-19', 'ベツタベビーストア', NULL, 5214, 6, NULL, 1),
(460, 19, '2016-02-19', 'ベツタベビーストア', NULL, 5214, 6, NULL, 1),
(461, 19, '2016-02-19', 'ベツタベビーストア', NULL, 5214, 6, NULL, 1),
(462, 19, '2016-02-19', 'ヨドバシカメラ　通信販売', NULL, 4746, 6, NULL, 1),
(463, 19, '2016-02-19', 'ＡＭＡＺＯＮ．ＣＯ．ＪＰ', NULL, 4440, 6, NULL, 1),
(464, 19, '2016-02-19', 'ＡＭＡＺＯＮ．ＣＯ．ＪＰ', NULL, 2967, 6, NULL, 1),
(465, 19, '2016-02-19', 'ＡＭＡＺＯＮ．ＣＯ．ＪＰ', NULL, 2960, 6, NULL, 1),
(466, 19, '2016-02-19', 'ＡＭＡＺＯＮ．ＣＯ．ＪＰ', NULL, 2960, 6, NULL, 1),
(467, 19, '2016-02-19', 'ＡＭＡＺＯＮ．ＣＯ．ＪＰ', NULL, 1480, 6, NULL, 1),
(468, 19, '2016-02-19', 'ヨドバシカメラ　通信販売', NULL, 1176, 6, NULL, 1),
(469, 19, '2016-02-20', 'ＡＭＡＺＯＮ．ＣＯ．ＪＰ', NULL, 2960, 6, NULL, 1),
(470, 19, '2016-02-20', 'ＡＭＡＺＯＮ．ＣＯ．ＪＰ', NULL, 2254, 6, NULL, 1),
(471, 19, '2016-02-20', 'ＡＭＡＺＯＮ．ＣＯ．ＪＰ', NULL, 2254, 6, NULL, 1),
(472, 19, '2016-02-20', 'ＡＭＡＺＯＮ．ＣＯ．ＪＰ', NULL, 1728, 6, NULL, 1),
(473, 19, '2016-02-20', 'ＡＭＡＺＯＮ．ＣＯ．ＪＰ', NULL, 706, 6, NULL, 1),
(474, 19, '2016-02-21', 'ヨドバシカメラ　通信販売', NULL, 2410, 6, NULL, 1),
(475, 19, '2016-02-22', 'ＡＭＡＺＯＮ．ＣＯ．ＪＰ', NULL, 5920, 6, NULL, 1),
(476, 19, '2016-02-22', 'ヨドバシカメラ　通信販売', NULL, 902, 6, NULL, 1),
(477, 19, '2016-02-23', 'ＡＭＡＺＯＮ．ＣＯ．ＪＰ', NULL, 2960, 6, NULL, 1),
(478, 19, '2016-02-23', 'ＡＭＡＺＯＮ．ＣＯ．ＪＰ', NULL, 1480, 6, NULL, 1),
(479, 18, '2016-02-20', 'ファンケル', NULL, 8039, 6, NULL, 1),
(480, 18, '2016-02-24', 'ＡＭＡＺＯＮ．ＣＯ．ＪＰ', NULL, 4440, 6, NULL, 1),
(481, 18, '2016-02-25', 'ＡＭＡＺＯＮ．ＣＯ．ＪＰ', NULL, 2709, 6, NULL, 1),
(482, 18, '2016-02-25', 'ＡＭＡＺＯＮ．ＣＯ．ＪＰ', NULL, 1118, 6, NULL, 1),
(483, 18, '2016-02-27', 'ヨドバシカメラ　通信販売', NULL, 4810, 6, NULL, 1),
(484, 18, '2016-02-27', 'ヨドバシカメラ　通信販売', NULL, 4290, 6, NULL, 1),
(485, 18, '2016-02-28', 'ＡＭＡＺＯＮ．ＣＯ．ＪＰ', NULL, 6419, 6, NULL, 1),
(486, 18, '2016-02-28', 'ＡＭＡＺＯＮ．ＣＯ．ＪＰ', NULL, 4400, 6, NULL, 1),
(487, 18, '2016-02-28', 'ヨドバシカメラ　通信販売', NULL, 4080, 6, NULL, 1),
(488, 18, '2016-02-28', 'ＡＭＡＺＯＮ．ＣＯ．ＪＰ', NULL, 3691, 6, NULL, 1),
(489, 18, '2016-02-28', 'ＡＭＡＺＯＮ．ＣＯ．ＪＰ', NULL, 1480, 6, NULL, 1),
(490, 18, '2016-02-28', 'ＡＭＡＺＯＮ．ＣＯ．ＪＰ', NULL, 400, 6, NULL, 1),
(491, 18, '2016-02-28', 'ヨドバシカメラ　通信販売', NULL, 67, 6, NULL, 1),
(492, 18, '2016-02-29', 'ＡＭＡＺＯＮ．ＣＯ．ＪＰ', NULL, 8678, 6, NULL, 1),
(493, 18, '2016-02-29', 'ＡＭＡＺＯＮ．ＣＯ．ＪＰ', NULL, 5940, 6, NULL, 1),
(494, 18, '2016-02-29', 'ＡＭＡＺＯＮ．ＣＯ．ＪＰ', NULL, 3180, 6, NULL, 1),
(495, 18, '2016-02-29', 'ＡＭＡＺＯＮ．ＣＯ．ＪＰ', NULL, 2960, 6, NULL, 1),
(496, 18, '2016-03-01', 'ＡＭＡＺＯＮ．ＣＯ．ＪＰ', NULL, 1696, 6, NULL, 1),
(497, 18, '2016-03-01', 'ＡＭＡＺＯＮ．ＣＯ．ＪＰ', NULL, 1436, 6, NULL, 1),
(498, 18, '2016-03-02', 'ベツタベビーストア', NULL, 8526, 6, NULL, 1),
(499, 18, '2016-03-02', 'ベツタベビーストア', NULL, 4686, 6, NULL, 1),
(500, 18, '2016-03-03', 'ヨドバシカメラ　通信販売', NULL, 2460, 6, NULL, 1),
(501, 18, '2016-03-03', 'ＡＭＡＺＯＮ．ＣＯ．ＪＰ', NULL, 1498, 6, NULL, 1),
(502, 18, '2016-03-04', 'ヨドバシカメラ　通信販売', NULL, 4074, 6, NULL, 1),
(503, 18, '2016-03-04', 'ヨドバシカメラ　通信販売', NULL, 3540, 6, NULL, 1),
(504, 18, '2016-03-04', 'ヨドバシカメラ　通信販売', NULL, 2480, 6, NULL, 1),
(505, 18, '2016-03-04', 'ヨドバシカメラ　通信販売', NULL, 2368, 6, NULL, 1),
(506, 18, '2016-03-04', 'ＡＭＡＺＯＮ．ＣＯ．ＪＰ', NULL, 1611, 6, NULL, 1),
(507, 18, '2016-03-04', 'ヨドバシカメラ　通信販売', NULL, 658, 6, NULL, 1),
(508, 18, '2016-03-04', 'ＡＭＡＺＯＮ．ＣＯ．ＪＰ', NULL, 537, 6, NULL, 1),
(509, 18, '2016-03-04', 'ＡＭＡＺＯＮ．ＣＯ．ＪＰ', NULL, 335, 6, NULL, 1),
(510, 18, '2016-03-06', 'ＡＭＡＺＯＮ．ＣＯ．ＪＰ', NULL, 0, 6, NULL, 1),
(511, 18, '2016-03-06', 'ヨドバシカメラ　通信販売', NULL, 0, 6, NULL, 1),
(512, 18, '2016-03-06', 'ＡＭＡＺＯＮ．ＣＯ．ＪＰ', NULL, 0, 6, NULL, 1),
(513, 18, '2016-03-06', 'ヨドバシカメラ　通信販売', NULL, 0, 6, NULL, 1),
(514, 18, '2016-03-07', 'ヨドバシカメラ　通信販売', NULL, 0, 6, NULL, 1),
(515, 18, '2016-03-07', 'ヨドバシカメラ　通信販売', NULL, 0, 6, NULL, 1),
(516, 18, '2016-03-08', 'ＡＭＡＺＯＮ．ＣＯ．ＪＰ', NULL, 0, 6, NULL, 1),
(517, 18, '2016-03-08', 'ヨドバシカメラ　通信販売', NULL, 0, 6, NULL, 1),
(518, 18, '2016-03-08', 'ヨドバシカメラ　通信販売', NULL, 0, 6, NULL, 1),
(519, 18, '2016-03-09', 'ヨドバシカメラ　通信販売', NULL, 1069, 6, NULL, 1),
(520, 18, '2016-03-09', 'ヨドバシカメラ　通信販売', NULL, 1450, 6, NULL, 1),
(521, 18, '2016-03-09', 'ヨドバシカメラ　通信販売', NULL, 440, 6, NULL, 1),
(522, 18, '2016-03-09', 'ヨドバシカメラ　通信販売', NULL, 426, 6, NULL, 1),
(523, 18, '2016-03-10', 'ベツタベビーストア', NULL, 5390, 6, NULL, 1),
(524, 18, '2016-03-10', 'ベツタベビーストア', NULL, 5057, 6, NULL, 1),
(525, 18, '2016-03-11', 'ヨドバシカメラ　通信販売', NULL, 4044, 6, NULL, 1),
(526, 18, '2016-03-14', 'ＡＭＡＺＯＮ．ＣＯ．ＪＰ', NULL, 4440, 6, NULL, 1),
(527, 18, '2016-03-14', 'ＡＭＡＺＯＮ．ＣＯ．ＪＰ', NULL, 2960, 6, NULL, 1),
(528, 18, '2016-03-14', 'ヨドバシカメラ　通信販売', NULL, 2648, 6, NULL, 1),
(529, 18, '2016-03-14', 'ＡＭＡＺＯＮ．ＣＯ．ＪＰ', NULL, 1543, 6, NULL, 1),
(530, 18, '2016-03-14', 'ヨドバシカメラ　通信販売', NULL, 1479, 6, NULL, 1),
(531, 18, '2016-03-15', 'ＡＭＡＺＯＮ．ＣＯ．ＪＰ', NULL, 5729, 6, NULL, 1),
(532, 18, '2016-03-15', 'ＳＫＹＰＥ', NULL, 110, 6, NULL, 1),
(533, 18, '2016-03-18', 'ＡＭＡＺＯＮ．ＣＯ．ＪＰ', NULL, 5920, 6, NULL, 1),
(534, 18, '2016-03-18', 'ＡＭＡＺＯＮ．ＣＯ．ＪＰ', NULL, 5920, 6, NULL, 1),
(535, 18, '2016-03-18', 'ヨドバシカメラ　通信販売', NULL, 5234, 6, NULL, 1),
(536, 18, '2016-03-18', 'ＡＭＡＺＯＮ．ＣＯ．ＪＰ', NULL, 2960, 6, NULL, 1),
(537, 18, '2016-03-18', 'ＡＭＡＺＯＮ．ＣＯ．ＪＰ', NULL, 1808, 6, NULL, 1),
(538, 18, '2016-03-18', 'ヨドバシカメラ　通信販売', NULL, 182, 6, NULL, 1),
(539, 18, '2016-03-29', 'ベネッセコーポレーシ', NULL, 23328, 6, NULL, 1),
(540, 17, '2016-03-08', 'ファンケル', NULL, 4514, 6, NULL, 1),
(541, 17, '2016-03-14', 'ファンケル', NULL, 3244, 6, NULL, 1),
(542, 17, '2016-03-19', 'ファンケル', NULL, 18289, 6, NULL, 1),
(543, 17, '2016-03-23', 'ママとベビーの専門店　マムマム', NULL, 10022, 6, NULL, 1),
(544, 17, '2016-03-23', 'ママとベビーの専門店　マムマム', NULL, 7776, 6, NULL, 1),
(545, 17, '2016-03-23', 'ママとベビーの専門店　マムマム', NULL, 6544, 6, NULL, 1),
(546, 17, '2016-03-25', 'ＡＭＡＺＯＮ．ＣＯ．ＪＰ', NULL, 2960, 6, NULL, 1),
(547, 17, '2016-03-26', 'ＡＭＡＺＯＮ．ＣＯ．ＪＰ', NULL, 3180, 6, NULL, 1),
(548, 17, '2016-03-29', 'ＡＭＡＺＯＮ．ＣＯ．ＪＰ', NULL, 4051, 6, NULL, 1),
(549, 17, '2016-03-30', 'ナチュラルサイエンス', NULL, 3577, 6, NULL, 1),
(550, 17, '2016-03-30', 'ＡＭＡＺＯＮ．ＣＯ．ＪＰ', NULL, 400, 6, NULL, 1),
(551, 17, '2016-03-31', 'ベツタベビーストア', NULL, 7252, 6, NULL, 1),
(552, 17, '2016-03-31', 'ベツタベビーストア', NULL, 4861, 6, NULL, 1),
(553, 17, '2016-04-01', 'ベツタベビーストア', NULL, 9114, 6, NULL, 1),
(554, 17, '2016-04-01', 'ベツタベビーストア', NULL, 7546, 6, NULL, 1),
(555, 17, '2016-04-01', 'ＡＭＡＺＯＮ．ＣＯ．ＪＰ', NULL, 4379, 6, NULL, 1),
(556, 17, '2016-04-01', 'ＡＭＡＺＯＮ．ＣＯ．ＪＰ', NULL, 889, 6, NULL, 1),
(557, 17, '2016-04-01', 'ＡＭＡＺＯＮ．ＣＯ．ＪＰ', NULL, 718, 6, NULL, 1),
(558, 17, '2016-04-02', 'ＡＭＡＺＯＮ．ＣＯ．ＪＰ', NULL, 2960, 6, NULL, 1),
(559, 17, '2016-04-05', 'ＡＭＡＺＯＮ．ＣＯ．ＪＰ', NULL, 1020, 6, NULL, 1),
(560, 17, '2016-04-06', 'ＳＫＹＰＥ', NULL, 360, 6, NULL, 1),
(561, 17, '2016-04-08', 'ベツタベビーストア', NULL, 12642, 6, NULL, 1),
(562, 17, '2016-04-08', 'ベツタベビーストア', NULL, 5763, 6, NULL, 1),
(563, 17, '2016-04-18', 'ナチュラルサイエンス', NULL, 4776, 6, NULL, 1),
(564, 17, '2016-04-18', 'ナチュラルサイエンス', NULL, 4174, 6, NULL, 1),
(614, 16, '2016-04-06', 'ファンケル', NULL, 2279, 6, NULL, 1),
(615, 16, '2016-04-08', 'ファンケル', NULL, 4200, 6, NULL, 1),
(616, 16, '2016-04-12', 'ファンケル', NULL, 2904, 6, NULL, 1),
(617, 16, '2016-04-26', 'ファンケル', NULL, 27216, 6, NULL, 1),
(618, 16, '2016-04-28', 'ナチュラルサイエンス', NULL, 9040, 6, NULL, 1),
(619, 16, '2016-04-28', 'ナチュラルサイエンス', NULL, 6840, 6, NULL, 1),
(620, 16, '2016-05-06', 'ＳＫＹＰＥ', NULL, 0, 6, NULL, 1),
(621, 16, '2016-05-18', 'ナチュラルサイエンス', NULL, 2246, 6, NULL, 1),
(622, 16, '2016-05-29', 'ベネッセ進研ゼミ／他', NULL, 7472, 6, NULL, 1),
(623, 15, '2016-05-30', 'ダンボールワン', NULL, 7852, 6, NULL, 1),
(624, 15, '2016-05-31', 'トウホウダイガクイリヨウセンタ－オオ', NULL, 9810, 6, NULL, 1),
(625, 15, '2016-05-31', 'オーケー　サガン店', NULL, 8043, 6, NULL, 1),
(626, 15, '2016-05-31', 'ベツタベビーストア', NULL, 5038, 6, NULL, 1),
(627, 15, '2016-06-03', 'オーケー　サガン店', NULL, 3575, 6, NULL, 1),
(628, 15, '2016-06-03', 'ＳＫＹＰＥ　ＳＵＢＳＣＲＩＰＴＩＯＮ', NULL, 360, 6, NULL, 1),
(629, 15, '2016-06-07', 'オーケー　サガン店', NULL, 753, 6, NULL, 1),
(630, 15, '2016-06-07', 'オーケー　サガン店', NULL, 321, 6, NULL, 1),
(631, 15, '2016-06-09', 'ウエルシア大田萩中', NULL, 338, 6, NULL, 1),
(632, 15, '2016-06-11', '西松屋チェ－ン', NULL, 1654, 6, NULL, 1),
(633, 15, '2016-06-11', 'マルエツ　新糀谷店', NULL, 786, 6, NULL, 1),
(634, 15, '2016-06-11', 'マルエツ　新糀谷店', NULL, 100, 6, NULL, 1),
(635, 15, '2016-06-11', 'マルエツ　新糀谷店', NULL, 86, 6, NULL, 1),
(636, 15, '2016-06-12', 'ラゾーナ川崎プラザ', NULL, 3402, 6, NULL, 1),
(637, 15, '2016-06-15', 'ＢＩＬＬ　ＩＴＵＮＥＳ　ＣＯＭ', NULL, 1200, 6, NULL, 1),
(638, 15, '2016-06-19', 'マルエツ　新糀谷店', NULL, 2116, 6, NULL, 1),
(639, 15, '2016-06-20', 'ヨドバシカメラ　マルチメディア　川崎', NULL, 7200, 6, NULL, 1),
(640, 27, '2016-01-20', 'ﾃﾞﾝｼｼﾖｳﾄﾘﾋｷﾖﾄﾞﾊﾞｼ', NULL, 6810, 6, NULL, 1),
(641, 27, '2016-01-20', 'ｵ-ｹ- ｻｶﾞﾝﾃﾝ', NULL, 10672, 6, NULL, 1),
(642, 27, '2016-01-20', 'ﾍﾞﾂﾀﾍﾞﾋﾞｰｽﾄｱ', NULL, 5841, 6, NULL, 1),
(643, 27, '2016-01-20', 'ﾍﾞﾂﾀﾍﾞﾋﾞｰｽﾄｱ', NULL, 5841, 6, NULL, 1),
(644, 27, '2016-01-20', 'ﾍﾞﾂﾀﾍﾞﾋﾞｰｽﾄｱ', NULL, 11466, 6, NULL, 1),
(645, 27, '2016-01-20', 'ﾍﾞﾂﾀﾍﾞﾋﾞｰｽﾄｱ', NULL, 5998, 6, NULL, 1),
(646, 27, '2016-01-20', 'ﾍﾞﾂﾀﾍﾞﾋﾞｰｽﾄｱ', NULL, 5841, 6, NULL, 1),
(647, 27, '2016-01-19', 'AMAZON.CO.JP', NULL, 1890, 6, NULL, 1),
(648, 27, '2016-01-19', 'ﾍﾞﾂﾀﾍﾞﾋﾞｰｽﾄｱ', NULL, 4626, 6, NULL, 1),
(649, 27, '2016-01-18', 'ﾃﾞﾝｼｼﾖｳﾄﾘﾋｷﾖﾄﾞﾊﾞｼ', NULL, 450, 6, NULL, 1),
(650, 27, '2016-01-17', 'コ－ナン　本羽田萩中店', NULL, 1183, 6, NULL, 1),
(651, 27, '2016-01-17', 'ｲﾇｼﾞﾙｼﾎﾝﾎﾟ', NULL, 6264, 6, NULL, 1),
(652, 27, '2016-01-16', 'ｸﾞﾗﾝﾃﾞﾕｵ', NULL, 691, 6, NULL, 1),
(653, 27, '2016-01-16', 'ｸﾞﾗﾝﾃﾞﾕｵ', NULL, 1728, 6, NULL, 1),
(654, 27, '2016-01-16', 'ｸﾞﾗﾝﾃﾞﾕｵ', NULL, 637, 6, NULL, 1),
(655, 27, '2016-01-16', 'ｵ-ｹ- ｻｶﾞﾝﾃﾝ', NULL, 8137, 6, NULL, 1),
(656, 27, '2016-01-15', 'AMAZON.CO.JP', NULL, 1180, 6, NULL, 1),
(657, 27, '2016-01-14', 'ﾃﾞﾝｼｼﾖｳﾄﾘﾋｷﾖﾄﾞﾊﾞｼ', NULL, 4290, 6, NULL, 1),
(658, 27, '2016-01-14', 'ﾃﾞﾝｼｼﾖｳﾄﾘﾋｷﾖﾄﾞﾊﾞｼ', NULL, 5720, 6, NULL, 1),
(659, 27, '2016-01-14', 'ｳｴﾙｼｱｵｵﾀﾊｷﾞﾅｶV/M', NULL, 10695, 6, NULL, 1),
(660, 27, '2016-01-14', 'ﾍﾞﾂﾀﾍﾞﾋﾞｰｽﾄｱ', NULL, 6429, 6, NULL, 1),
(661, 27, '2016-01-14', 'ﾍﾞﾂﾀﾍﾞﾋﾞｰｽﾄｱ', NULL, 5362, 6, NULL, 1),
(662, 27, '2016-01-14', 'ﾍﾞﾂﾀﾍﾞﾋﾞｰｽﾄｱ', NULL, 5645, 6, NULL, 1),
(663, 27, '2016-01-14', 'ﾍﾞﾂﾀﾍﾞﾋﾞｰｽﾄｱ', NULL, 5253, 6, NULL, 1),
(664, 27, '2016-01-14', 'ﾍﾞﾂﾀﾍﾞﾋﾞｰｽﾄｱ', NULL, 4763, 6, NULL, 1),
(665, 27, '2016-01-14', 'ﾍﾞﾂﾀﾍﾞﾋﾞｰｽﾄｱ', NULL, 4861, 6, NULL, 1),
(666, 27, '2016-01-14', 'ﾍﾞﾂﾀﾍﾞﾋﾞｰｽﾄｱ', NULL, 5487, 6, NULL, 1),
(667, 27, '2016-01-14', 'ﾍﾞﾂﾀﾍﾞﾋﾞｰｽﾄｱ', NULL, 5595, 6, NULL, 1),
(668, 27, '2016-01-14', 'ﾍﾞﾂﾀﾍﾞﾋﾞｰｽﾄｱ', NULL, 5206, 6, NULL, 1),
(669, 27, '2016-01-14', 'ﾍﾞﾂﾀﾍﾞﾋﾞｰｽﾄｱ', NULL, 5595, 6, NULL, 1),
(670, 27, '2016-01-14', 'ﾍﾞﾂﾀﾍﾞﾋﾞｰｽﾄｱ', NULL, 6264, 6, NULL, 1),
(671, 27, '2016-01-14', 'ﾍﾞﾂﾀﾍﾞﾋﾞｰｽﾄｱ', NULL, 6480, 6, NULL, 1),
(672, 27, '2016-01-14', 'ﾍﾞﾂﾀﾍﾞﾋﾞｰｽﾄｱ', NULL, 6480, 6, NULL, 1),
(673, 27, '2016-01-13', 'ﾍﾞﾂﾀﾍﾞﾋﾞｰｽﾄｱ', NULL, 10239, 6, NULL, 1),
(674, 27, '2016-01-13', 'ﾍﾞﾂﾀﾍﾞﾋﾞｰｽﾄｱ', NULL, 4567, 6, NULL, 1),
(675, 27, '2016-01-13', 'ﾍﾞﾂﾀﾍﾞﾋﾞｰｽﾄｱ', NULL, 4567, 6, NULL, 1),
(676, 27, '2016-01-13', 'ﾍﾞﾂﾀﾍﾞﾋﾞｰｽﾄｱ', NULL, 5253, 6, NULL, 1),
(677, 27, '2016-01-13', 'ﾍﾞﾂﾀﾍﾞﾋﾞｰｽﾄｱ', NULL, 5253, 6, NULL, 1),
(678, 27, '2016-01-13', 'ﾍﾞﾂﾀﾍﾞﾋﾞｰｽﾄｱ', NULL, 5361, 6, NULL, 1),
(679, 27, '2016-01-11', 'ﾃﾞﾝｼｼﾖｳﾄﾘﾋｷﾖﾄﾞﾊﾞｼ', NULL, 1321, 6, NULL, 1),
(680, 27, '2016-01-11', 'ﾃﾞﾝｼｼﾖｳﾄﾘﾋｷﾖﾄﾞﾊﾞｼ', NULL, 2138, 6, NULL, 1),
(681, 27, '2016-01-11', 'ﾃﾞﾝｼｼﾖｳﾄﾘﾋｷﾖﾄﾞﾊﾞｼ', NULL, 2359, 6, NULL, 1),
(682, 27, '2016-01-11', 'ｼﾕﾝｾﾝｻｶﾊﾞ ﾃﾝｸﾞ ｲｹ', NULL, 3126, 6, NULL, 1),
(683, 27, '2016-01-10', 'ラゾーナ　川崎', NULL, 2484, 6, NULL, 1),
(684, 27, '2016-01-10', 'セブン－イレブン', NULL, 896, 6, NULL, 1),
(685, 27, '2016-01-10', 'ﾃﾞﾝｼｼﾖｳﾄﾘﾋｷﾖﾄﾞﾊﾞｼ', NULL, 2359, 6, NULL, 1),
(686, 27, '2016-01-10', 'AMAZON.CO.JP', NULL, 2709, 6, NULL, 1),
(687, 27, '2016-01-10', 'ｵ-ｹ- ｻｶﾞﾝﾃﾝ', NULL, 4592, 6, NULL, 1),
(688, 27, '2016-01-10', 'ｵ-ｹ- ｻｶﾞﾝﾃﾝ', NULL, 1283, 6, NULL, 1),
(689, 27, '2016-01-09', 'ﾃﾞﾝｼｼﾖｳﾄﾘﾋｷﾖﾄﾞﾊﾞｼ', NULL, 5270, 6, NULL, 1),
(690, 27, '2016-01-09', 'ｳｴﾙｼｱｵｵﾀﾊｷﾞﾅｶV/M', NULL, 894, 6, NULL, 1),
(691, 27, '2016-01-09', 'ｲﾇｼﾞﾙｼﾎﾝﾎﾟ', NULL, 8208, 6, NULL, 1),
(692, 27, '2016-01-08', 'ﾃﾞﾝｼｼﾖｳﾄﾘﾋｷﾖﾄﾞﾊﾞｼ', NULL, 2020, 6, NULL, 1),
(693, 27, '2016-01-08', 'ｲﾇｼﾞﾙｼﾎﾝﾎﾟ', NULL, 10584, 6, NULL, 1),
(694, 27, '2016-01-07', 'ﾃﾞﾝｼｼﾖｳﾄﾘﾋｷﾖﾄﾞﾊﾞｼ', NULL, 2020, 6, NULL, 1),
(695, 27, '2016-01-07', 'ﾃﾞﾝｼｼﾖｳﾄﾘﾋｷﾖﾄﾞﾊﾞｼ', NULL, 3750, 6, NULL, 1),
(696, 27, '2016-01-07', 'ｲﾇｼﾞﾙｼﾎﾝﾎﾟ', NULL, 11664, 6, NULL, 1),
(697, 27, '2016-01-02', 'あきばお～楽天市場支店', NULL, 23777, 6, NULL, 1),
(698, 27, '2015-12-28', 'ゲンキー', NULL, 6666, 6, NULL, 1),
(699, 26, '2016-02-25', 'AMAZON.CO.JP', NULL, 1480, 6, NULL, 1),
(700, 26, '2016-02-24', 'AMAZON.CO.JP', NULL, 3180, 6, NULL, 1),
(701, 26, '2016-02-24', 'AMAZON.CO.JP', NULL, 2960, 6, NULL, 1),
(702, 26, '2016-02-24', 'AMAZON.CO.JP', NULL, 2960, 6, NULL, 1),
(703, 26, '2016-01-15', 'ﾌｱﾝｹﾙ', NULL, 3737, 6, NULL, 1),
(704, 26, '2016-01-14', 'ﾌｱﾝｹﾙ', NULL, 8341, 6, NULL, 1),
(705, 25, '2016-03-30', 'ﾍﾞﾂﾀﾍﾞﾋﾞｰｽﾄｱ', NULL, 7252, 6, NULL, 1),
(706, 25, '2016-03-30', 'ﾍﾞﾂﾀﾍﾞﾋﾞｰｽﾄｱ', NULL, 18522, 6, NULL, 1),
(707, 25, '2016-03-29', 'ﾃﾞﾝｼｼﾖｳﾄﾘﾋｷﾖﾄﾞﾊﾞｼ', NULL, 199, 6, NULL, 1),
(708, 25, '2016-03-29', 'ﾃﾞﾝｼｼﾖｳﾄﾘﾋｷﾖﾄﾞﾊﾞｼ', NULL, 420, 6, NULL, 1),
(709, 25, '2016-03-28', 'ﾃﾞﾝｼｼﾖｳﾄﾘﾋｷﾖﾄﾞﾊﾞｼ', NULL, 1690, 6, NULL, 1),
(710, 25, '2016-03-28', 'ﾃﾞﾝｼｼﾖｳﾄﾘﾋｷﾖﾄﾞﾊﾞｼ', NULL, 159, 6, NULL, 1),
(711, 25, '2016-03-28', 'ﾃﾞﾝｼｼﾖｳﾄﾘﾋｷﾖﾄﾞﾊﾞｼ', NULL, 55, 6, NULL, 1),
(712, 25, '2016-03-28', 'ﾍﾞﾂﾀﾍﾞﾋﾞｰｽﾄｱ', NULL, 10486, 6, NULL, 1),
(713, 25, '2016-03-28', 'ﾍﾞﾂﾀﾍﾞﾋﾞｰｽﾄｱ', NULL, 10976, 6, NULL, 1),
(714, 25, '2016-03-18', 'ﾍﾞﾂﾀﾍﾞﾋﾞｰｽﾄｱ', NULL, 5488, 6, NULL, 1),
(715, 25, '2016-03-18', 'ﾍﾞﾂﾀﾍﾞﾋﾞｰｽﾄｱ', NULL, 5096, 6, NULL, 1),
(716, 25, '2016-03-10', 'アカチャンホンポ楽天市場店', NULL, 5920, 6, NULL, 1),
(717, 25, '2016-03-07', 'ベビー用品子供服ぽこあぽこ', NULL, 11932, 6, NULL, 1),
(718, 25, '2016-03-02', 'アイウィル　イズミヤ', NULL, 652, 6, NULL, 1),
(719, 24, '2016-04-07', 'ユニバーサルドラッグｅ－ｓｈｏ', NULL, 23580, 6, NULL, 1),
(720, 34, '2016-01-31', 'ラゾーナ　川崎', NULL, 4860, 6, NULL, 1),
(721, 34, '2016-01-30', 'ｸﾞﾗﾝﾃﾞﾕｵ', NULL, 1252, 6, NULL, 1),
(722, 34, '2016-01-30', 'ｸﾞﾗﾝﾃﾞﾕｵ', NULL, 2160, 6, NULL, 1),
(723, 34, '2016-01-30', 'ｸﾞﾗﾝﾃﾞﾕｵ', NULL, 19980, 6, NULL, 1),
(724, 34, '2016-01-28', 'AMAZON.CO.JP', NULL, 4240, 6, NULL, 1),
(725, 34, '2016-01-27', 'AMAZON.CO.JP', NULL, 4104, 6, NULL, 1),
(726, 34, '2016-01-27', 'AMAZON.CO.JP', NULL, 611, 6, NULL, 1),
(727, 34, '2016-01-27', 'ｵ-ｹ- ｻｶﾞﾝﾃﾝ', NULL, 3157, 6, NULL, 1),
(728, 34, '2016-01-25', 'ＬＡＢＩ大井町', NULL, 6372, 6, NULL, 1),
(729, 34, '2016-01-25', 'ｸﾞﾗﾝﾃﾞﾕｵ', NULL, 4806, 6, NULL, 1),
(730, 34, '2016-01-25', 'ｸﾞﾗﾝﾃﾞﾕｵ', NULL, 5596, 6, NULL, 1),
(731, 34, '2016-01-25', 'ﾃﾞﾝｼｼﾖｳﾄﾘﾋｷﾖﾄﾞﾊﾞｼ', NULL, 6960, 6, NULL, 1),
(732, 34, '2016-01-24', 'ｲﾇｼﾞﾙｼﾎﾝﾎﾟ', NULL, 8208, 6, NULL, 1),
(733, 34, '2016-01-23', 'ﾃﾞﾝｼｼﾖｳﾄﾘﾋｷﾖﾄﾞﾊﾞｼ', NULL, 6110, 6, NULL, 1),
(734, 33, '2016-02-29', 'アクロスヘアデザイン蒲田東口', NULL, 7500, 6, NULL, 1),
(735, 33, '2016-02-29', 'ﾌｱﾐﾘ-ﾏ-ﾄｶﾏﾀｴｷﾏｴ', NULL, 598, 6, NULL, 1),
(736, 33, '2016-02-29', 'ﾍﾞﾂﾀﾍﾞﾋﾞｰｽﾄｱ', NULL, 4802, 6, NULL, 1),
(737, 33, '2016-02-29', 'ﾍﾞﾂﾀﾍﾞﾋﾞｰｽﾄｱ', NULL, 5352, 6, NULL, 1),
(738, 33, '2016-02-29', 'ﾍﾞﾂﾀﾍﾞﾋﾞｰｽﾄｱ', NULL, 5352, 6, NULL, 1),
(739, 33, '2016-02-29', 'ﾍﾞﾂﾀﾍﾞﾋﾞｰｽﾄｱ', NULL, 5352, 6, NULL, 1),
(740, 33, '2016-02-29', 'ﾍﾞﾂﾀﾍﾞﾋﾞｰｽﾄｱ', NULL, 5352, 6, NULL, 1),
(741, 33, '2016-02-29', 'ﾍﾞﾂﾀﾍﾞﾋﾞｰｽﾄｱ', NULL, 4822, 6, NULL, 1),
(742, 33, '2016-02-26', 'BILL ITUNES COM', NULL, 600, 6, NULL, 1),
(743, 33, '2016-02-25', 'ﾔﾌ-ｳｫﾚｯﾄｹｯｻｲ ﾛﾊｺ(', NULL, 6048, 6, NULL, 1),
(744, 33, '2016-02-24', 'ﾃﾞﾝｼｼﾖｳﾄﾘﾋｷﾖﾄﾞﾊﾞｼ', NULL, 2040, 6, NULL, 1),
(745, 33, '2016-02-24', 'ｲﾇｼﾞﾙｼﾎﾝﾎﾟ', NULL, 32832, 6, NULL, 1),
(746, 33, '2016-02-24', 'ﾍﾞﾂﾀﾍﾞﾋﾞｰｽﾄｱ', NULL, 4802, 6, NULL, 1),
(747, 33, '2016-02-24', 'ﾍﾞﾂﾀﾍﾞﾋﾞｰｽﾄｱ', NULL, 5116, 6, NULL, 1),
(748, 33, '2016-02-24', 'ﾍﾞﾂﾀﾍﾞﾋﾞｰｽﾄｱ', NULL, 9996, 6, NULL, 1),
(749, 33, '2016-02-22', 'ﾄﾞﾗﾂｸﾞｾｶﾞﾐｶﾏﾀｴｷﾏｴ', NULL, 2138, 6, NULL, 1),
(750, 33, '2016-02-22', 'ﾍﾞﾂﾀﾍﾞﾋﾞｰｽﾄｱ', NULL, 4665, 6, NULL, 1),
(751, 33, '2016-02-22', 'ﾍﾞﾂﾀﾍﾞﾋﾞｰｽﾄｱ', NULL, 4802, 6, NULL, 1),
(752, 33, '2016-02-22', 'ﾍﾞﾂﾀﾍﾞﾋﾞｰｽﾄｱ', NULL, 4802, 6, NULL, 1),
(753, 33, '2016-02-21', 'ｵ-ｹ- ｻｶﾞﾝﾃﾝ', NULL, 1890, 6, NULL, 1),
(754, 33, '2016-02-17', 'ｸﾞﾗﾝﾃﾞﾕｵ', NULL, 1296, 6, NULL, 1),
(755, 33, '2016-02-17', 'ｵ-ｹ- ｻｶﾞﾝﾃﾝ', NULL, 5335, 6, NULL, 1),
(756, 33, '2016-02-16', 'ﾃﾞﾝｼｼﾖｳﾄﾘﾋｷﾖﾄﾞﾊﾞｼ', NULL, 750, 6, NULL, 1),
(757, 33, '2016-02-16', 'ﾄﾞﾗﾂｸﾞｾｶﾞﾐｶﾏﾀｴｷﾏｴ', NULL, 1274, 6, NULL, 1),
(758, 33, '2016-02-15', 'ﾃﾞﾝｼｼﾖｳﾄﾘﾋｷﾖﾄﾞﾊﾞｼ', NULL, 392, 6, NULL, 1),
(759, 33, '2016-02-15', 'コ－ナン　本羽田萩中店', NULL, 537, 6, NULL, 1),
(760, 33, '2016-02-15', 'ｳｴﾙｼｱｵｵﾀﾊｷﾞﾅｶV/M', NULL, 3927, 6, NULL, 1),
(761, 33, '2016-02-13', 'ﾃﾞﾝｼｼﾖｳﾄﾘﾋｷﾖﾄﾞﾊﾞｼ', NULL, 936, 6, NULL, 1),
(762, 33, '2016-02-13', 'AMAZON.CO.JP', NULL, 638, 6, NULL, 1),
(763, 33, '2016-02-13', 'ｲﾇｼﾞﾙｼﾎﾝﾎﾟ', NULL, 12312, 6, NULL, 1),
(764, 33, '2016-02-12', 'ﾃﾞﾝｼｼﾖｳﾄﾘﾋｷﾖﾄﾞﾊﾞｼ', NULL, 307, 6, NULL, 1),
(765, 33, '2016-02-12', 'ﾃﾞﾝｼｼﾖｳﾄﾘﾋｷﾖﾄﾞﾊﾞｼ', NULL, 842, 6, NULL, 1),
(766, 33, '2016-02-12', 'ｵ-ｹ- ｻｶﾞﾝﾃﾝ', NULL, 4312, 6, NULL, 1),
(767, 33, '2016-02-12', 'ﾍﾞﾂﾀﾍﾞﾋﾞｰｽﾄｱ', NULL, 5255, 6, NULL, 1),
(768, 33, '2016-02-09', 'ﾃﾞﾝｼｼﾖｳﾄﾘﾋｷﾖﾄﾞﾊﾞｼ', NULL, 756, 6, NULL, 1),
(769, 33, '2016-02-07', 'ｵ-ｹ- ｻｶﾞﾝﾃﾝ', NULL, 5370, 6, NULL, 1),
(770, 33, '2016-02-07', 'ﾏﾙｴﾂ ｼﾝｺｳｼﾞﾔﾃﾝ', NULL, 1535, 6, NULL, 1),
(771, 33, '2016-02-06', 'ｳｴﾙｼｱｵｵﾀﾊｷﾞﾅｶV/M', NULL, 1017, 6, NULL, 1),
(772, 33, '2016-02-05', 'ｼﾞｪｲｱｰﾙﾋｶﾞｼﾆﾎﾝ ﾃｲ', NULL, 20280, 6, NULL, 1),
(773, 33, '2016-02-03', 'ﾃﾞﾝｼｼﾖｳﾄﾘﾋｷﾖﾄﾞﾊﾞｼ', NULL, 331, 6, NULL, 1),
(774, 33, '2016-02-03', 'ｲﾇｼﾞﾙｼﾎﾝﾎﾟ', NULL, 8208, 6, NULL, 1),
(775, 33, '2016-02-02', 'ｵ-ｹ- ｻｶﾞﾝﾃﾝ', NULL, 6681, 6, NULL, 1),
(776, 33, '2016-02-02', 'ﾍﾞﾂﾀﾍﾞﾋﾞｰｽﾄｱ', NULL, 9702, 6, NULL, 1),
(777, 32, '2016-03-26', 'ﾏｲﾊﾞｽｹｯﾄ ｶﾝﾊﾟﾁｶﾏﾀ', NULL, 620, 6, NULL, 1),
(778, 32, '2016-03-25', 'ｵ-ｹ- ｻｶﾞﾝﾃﾝ', NULL, 6548, 6, NULL, 1),
(779, 32, '2016-03-25', 'ｵ-ｹ- ｻｶﾞﾝﾃﾝ', NULL, 10149, 6, NULL, 1),
(780, 32, '2016-03-24', 'ﾍﾞﾂﾀﾍﾞﾋﾞｰｽﾄｱ', NULL, 5096, 6, NULL, 1),
(781, 32, '2016-03-24', 'ﾍﾞﾂﾀﾍﾞﾋﾞｰｽﾄｱ', NULL, 6076, 6, NULL, 1),
(782, 32, '2016-03-19', 'ｸﾞﾗﾝﾃﾞﾕｵ', NULL, 2450, 6, NULL, 1),
(783, 32, '2016-03-19', 'ｸﾞﾗﾝﾃﾞﾕｵ', NULL, 1706, 6, NULL, 1),
(784, 32, '2016-03-18', 'ｵ-ｹ- ｻｶﾞﾝﾃﾝ', NULL, 1291, 6, NULL, 1),
(785, 32, '2016-03-18', 'ｵ-ｹ- ｻｶﾞﾝﾃﾝ', NULL, 216, 6, NULL, 1),
(786, 32, '2016-03-16', 'ﾄｳﾎｳﾀﾞｲｶﾞｸｲﾘﾖｳｾﾝﾀ', NULL, 220, 6, NULL, 1),
(787, 32, '2016-03-15', 'ﾖﾄﾞﾊﾞｼｶﾒﾗﾏﾙﾁﾒﾃﾞｲｱ', NULL, 3156, 6, NULL, 1),
(788, 32, '2016-03-14', 'ｵ-ｹ- ｻｶﾞﾝﾃﾝ', NULL, 1368, 6, NULL, 1),
(789, 32, '2016-03-14', 'ｵ-ｹ- ｻｶﾞﾝﾃﾝ', NULL, 4378, 6, NULL, 1),
(790, 32, '2016-03-13', 'セブン－イレブン', NULL, 728, 6, NULL, 1),
(791, 32, '2016-03-06', 'ｻﾝﾄﾞﾗﾂｸﾞ', NULL, 1239, 6, NULL, 1),
(792, 32, '2016-03-06', 'ﾏﾙｴﾂ ｼﾝｺｳｼﾞﾔﾃﾝ', NULL, 3045, 6, NULL, 1),
(793, 32, '2016-03-04', 'ｵ-ｹ- ｻｶﾞﾝﾃﾝ', NULL, 3499, 6, NULL, 1),
(794, 32, '2016-03-04', 'ｵ-ｹ- ｻｶﾞﾝﾃﾝ', NULL, 646, 6, NULL, 1),
(795, 32, '2016-03-02', 'ｵ-ｹ- ｻｶﾞﾝﾃﾝ', NULL, 3751, 6, NULL, 1),
(796, 32, '2016-03-02', 'ｵ-ｹ- ｻｶﾞﾝﾃﾝ', NULL, 1283, 6, NULL, 1),
(797, 32, '2016-03-01', 'ﾄｳﾎｳﾀﾞｲｶﾞｸｲﾘﾖｳｾﾝﾀ', NULL, 15740, 6, NULL, 1),
(798, 31, '2016-04-08', 'ﾏﾏﾄﾍﾞﾋﾞ-ﾉｾﾝﾓﾝﾃﾝﾏﾑ', NULL, 9330, 6, NULL, 1),
(799, 31, '2016-04-08', 'ﾏﾏﾄﾍﾞﾋﾞ-ﾉｾﾝﾓﾝﾃﾝﾏﾑ', NULL, 5575, 6, NULL, 1),
(800, 31, '2016-04-08', 'ﾏﾏﾄﾍﾞﾋﾞ-ﾉｾﾝﾓﾝﾃﾝﾏﾑ', NULL, 8185, 6, NULL, 1),
(801, 31, '2016-04-08', 'ﾏﾏﾄﾍﾞﾋﾞ-ﾉｾﾝﾓﾝﾃﾝﾏﾑ', NULL, 6479, 6, NULL, 1),
(802, 30, '2016-05-03', 'ﾏﾏﾄﾍﾞﾋﾞ-ﾉｾﾝﾓﾝﾃﾝﾏﾑ', NULL, 5702, 6, NULL, 1),
(803, 86, '2016-04-27', 'オ－ケ－　サガンテン', NULL, 1507, 6, NULL, 1),
(804, 86, '2016-04-27', 'オ－ケ－　サガンテン', NULL, 5388, 6, NULL, 1),
(805, 86, '2016-04-30', 'ロ－ソン（ＬＳカマタホンチヨウ）', NULL, 540, 6, NULL, 1),
(806, 86, '2016-05-02', 'オ－ケ－　サガンテン', NULL, 4611, 6, NULL, 1),
(807, 86, '2016-05-04', 'セブン－イレブン（大田区南蒲田２丁目店）', NULL, 811, 6, NULL, 1),
(808, 86, '2016-05-08', 'オ－ケ－　サガンテン', NULL, 4309, 6, NULL, 1),
(809, 86, '2016-05-08', 'オ－ケ－　サガンテン', NULL, 2261, 6, NULL, 1),
(810, 86, '2016-05-10', 'トウホウダイガクイリヨウセンタ－　オ', NULL, 5840, 6, NULL, 1),
(811, 86, '2016-05-11', 'サンドラツグ', NULL, 36774, 6, NULL, 1),
(812, 86, '2016-05-13', 'トウホウダイガクイリヨウセンタ－　オ', NULL, 141140, 6, NULL, 1),
(813, 86, '2016-05-19', '西松屋チェ－ン', NULL, 1078, 6, NULL, 1),
(814, 86, '2016-05-19', '西松屋チェ－ン', NULL, 9191, 6, NULL, 1),
(815, 86, '2016-05-20', 'オ－ケ－　サガンテン', NULL, 4938, 6, NULL, 1),
(817, 85, '2016-06-27', 'オ－ケ－　サガンテン', NULL, 5754, 6, NULL, 1),
(828, 43, '2016-06-04', 'ﾔﾌ-ｳｫﾚｯﾄｹｯｻｲ ﾛﾊｺ(ｱｽｸ', NULL, 6048, 6, NULL, 1),
(829, 43, '2016-06-13', 'ﾔﾌ-ｳｫﾚｯﾄｹｯｻｲ ﾛﾊｺ(ｱｽｸ', NULL, 4800, 6, NULL, 1),
(830, 43, '2016-06-21', 'ﾔﾌ-ｼｮｯﾋﾟﾝｸﾞ ﾔﾔﾖ', NULL, 10760, 6, NULL, 1),
(831, 43, '2016-06-22', 'ﾔﾌ-ｳｫﾚｯﾄｹｯｻｲ ﾛﾊｺ(ｱｽｸ', NULL, 6048, 6, NULL, 1),
(832, 43, '2016-06-26', 'ﾔﾌ-ｼｮｯﾋﾟﾝｸﾞ ﾄｲｻﾞﾗｽﾍﾞ', NULL, 4846, 6, NULL, 1),
(833, 43, '2016-06-27', 'ﾔﾌ-ｼｮｯﾋﾟﾝｸﾞ ﾆﾝｷﾞｮｳﾄﾍ', NULL, 19040, 6, NULL, 1),
(834, 43, '2016-06-28', 'ﾔﾌ-ｼｮｯﾋﾟﾝｸﾞ ｹﾞｯﾄﾌﾟﾗｽ', NULL, 11958, 6, NULL, 1),
(835, 43, '2016-06-29', 'ﾔﾌ-ｼｮｯﾋﾟﾝｸﾞ ﾅｽｶﾝ', NULL, 4355, 6, NULL, 1),
(836, 43, '2016-06-29', 'ﾔﾌ-ｼｮｯﾋﾟﾝｸﾞ ﾄｲｻﾞﾗｽﾍﾞ', NULL, 6729, 6, NULL, 1),
(837, 43, '2016-06-29', 'ﾔﾌ-ｼｮｯﾋﾟﾝｸﾞ ｺｸｻﾝﾘｮｳﾋ', NULL, 18140, 6, NULL, 1),
(838, 44, '2016-05-04', 'ﾔﾌ-ｳｫﾚｯﾄｹｯｻｲ ﾛﾊｺ(ｱｽｸ', NULL, 3734, 6, NULL, 1),
(839, 44, '2016-05-10', 'ﾔﾌ-ｳｫﾚｯﾄｹｯｻｲ ﾛﾊｺ(ｱｽｸ', NULL, 5928, 6, NULL, 1),
(840, 45, '2016-04-05', 'ﾔﾌ-ｼｮｯﾋﾟﾝｸﾞ ﾄｲｻﾞﾗｽﾍﾞ', NULL, 22815, 6, NULL, 1),
(841, 45, '2016-04-05', 'ﾔﾌ-ｳｫﾚｯﾄｹｯｻｲ ﾛﾊｺ(ｱｽｸ', NULL, 2868, 6, NULL, 1),
(842, 45, '2016-04-07', 'ﾔﾌ-ｳｫﾚｯﾄｹｯｻｲ ﾛﾊｺ(ｱｽｸ', NULL, 5421, 6, NULL, 1),
(843, 45, '2016-04-09', 'ﾔﾌ-ｳｫﾚｯﾄｹｯｻｲ ﾛﾊｺ(ｱｽｸ', NULL, 2094, 6, NULL, 1),
(844, 45, '2016-04-09', 'ﾔﾌ-ｳｫﾚｯﾄｹｯｻｲ ﾛﾊｺ(ｱｽｸ', NULL, 2240, 6, NULL, 1),
(845, 45, '2016-04-13', 'ﾔﾌ-ｳｫﾚｯﾄｹｯｻｲ ﾛﾊｺ(ｱｽｸ', NULL, 6048, 6, NULL, 1),
(846, 45, '2016-04-20', 'ﾔﾌ-ｳｫﾚｯﾄｹｯｻｲ ﾛﾊｺ(ｱｽｸ', NULL, 3922, 6, NULL, 1),
(847, 45, '2016-04-25', 'ﾔﾌ-ｼｮｯﾋﾟﾝｸﾞ ﾍﾞﾋﾞｰﾖｳﾋ', NULL, 2700, 6, NULL, 1),
(848, 45, '2016-04-28', 'ﾔﾌ-ｼｮｯﾋﾟﾝｸﾞ ﾏﾀﾆﾃｨｼﾞｭ', NULL, 5076, 6, NULL, 1),
(849, 47, '2016-02-01', 'ﾔﾌ-ｼｮｯﾋﾟﾝｸﾞ ﾍﾞﾋﾞｰﾖｳﾋ', NULL, 2742, 6, NULL, 1),
(850, 47, '2016-02-05', 'ﾔﾌ-ｳｫﾚｯﾄｹｯｻｲ ﾛﾊｺ(ｱｽｸ', NULL, 6048, 6, NULL, 1),
(851, 47, '2016-02-18', 'ﾔﾌ-ｼｮｯﾋﾟﾝｸﾞ ｼｭｯｻﾝｼﾞｭ', NULL, 17171, 6, NULL, 1),
(852, 47, '2016-02-20', 'ﾔﾌ-ｼｮｯﾋﾟﾝｸﾞ ﾄｲｻﾞﾗｽﾍﾞ', NULL, 5524, 6, NULL, 1),
(853, 47, '2016-02-21', 'ﾔﾌ-ｼｮｯﾋﾟﾝｸﾞ ﾄｲｻﾞﾗｽﾍﾞ', NULL, 10609, 6, NULL, 1),
(854, 47, '2016-02-22', 'ﾔﾌ-ｼｮｯﾋﾟﾝｸﾞ ﾍﾞﾋﾞｰﾖｳﾋ', NULL, 5904, 6, NULL, 1),
(855, 48, '2015-12-31', 'ヤフージャパン', NULL, 410, 6, NULL, 1),
(856, 48, '2016-01-08', 'ﾔﾌ-ｼｮｯﾋﾟﾝｸﾞ ｱｷﾊﾞｵｰﾔﾌ', NULL, 11404, 6, NULL, 1),
(857, 48, '2016-01-13', 'ﾔﾌ-ｼｮｯﾋﾟﾝｸﾞ ﾅｲﾄｳｶﾅﾓﾉ', NULL, 20300, 6, NULL, 1),
(858, 48, '2016-01-14', 'ﾔﾌ-ｼｮｯﾋﾟﾝｸﾞ ｸﾗｼﾔ', NULL, 11880, 6, NULL, 1),
(859, 48, '2016-01-15', 'ﾔﾌ-ｼｮｯﾋﾟﾝｸﾞ ｴｽｼｰﾋﾞｰ', NULL, 5261, 6, NULL, 1),
(860, 48, '2016-01-15', 'ﾔﾌ-ｼｮｯﾋﾟﾝｸﾞ ﾄｲｻﾞﾗｽﾍﾞ', NULL, 32798, 6, NULL, 1),
(861, 48, '2016-01-16', 'ﾔﾌ-ｼｮｯﾋﾟﾝｸﾞ ﾄｲｻﾞﾗｽﾍﾞ', NULL, 32619, 6, NULL, 1),
(862, 48, '2016-01-16', 'ﾔﾌ-ｼｮｯﾋﾟﾝｸﾞ ﾄｲｻﾞﾗｽﾍﾞ', NULL, 65368, 6, NULL, 1),
(863, 48, '2016-01-17', 'ﾔﾌ-ｼｮｯﾋﾟﾝｸﾞ ﾅｲﾄｳｶﾅﾓﾉ', NULL, 17054, 6, NULL, 1),
(864, 48, '2016-01-17', 'ﾔﾌ-ｼｮｯﾋﾟﾝｸﾞ ｿｳｺﾞｳﾂｳﾊ', NULL, 5610, 6, NULL, 1),
(865, 48, '2016-01-18', 'ﾔﾌ-ｼｮｯﾋﾟﾝｸﾞ ｸｽﾘﾉﾚﾃﾞｲ', NULL, 5934, 6, NULL, 1),
(866, 48, '2016-01-20', 'ﾄﾞﾗﾂｸﾞｾｶﾞﾐｶﾏﾀｴｷﾏｴ', NULL, 8812, 6, NULL, 1),
(899, 39, '2016-02-29', 'ヤフージャパン', NULL, 410, 6, NULL, 1),
(900, 40, '2016-02-01', 'ﾔﾌ-ｼｮｯﾋﾟﾝｸﾞ ｱｰｸﾗﾝﾄﾞ', NULL, 2960, 6, NULL, 1),
(901, 40, '2016-02-03', 'ﾔﾌ-ｼｮｯﾋﾟﾝｸﾞ ｸﾘｯﾊﾟｰﾌﾟ', NULL, 17639, 6, NULL, 1),
(902, 40, '2016-02-03', 'ﾔﾌ-ｼｮｯﾋﾟﾝｸﾞ ｶﾒﾗﾉｷﾀﾑﾗ', NULL, 10626, 6, NULL, 1),
(903, 40, '2016-02-04', 'ﾔﾌ-ｼｮｯﾋﾟﾝｸﾞ ﾍﾞﾋﾞｰﾖｳﾋ', NULL, 2302, 6, NULL, 1),
(904, 40, '2016-02-06', 'ﾔﾌ-ｼｮｯﾋﾟﾝｸﾞ ﾎｰﾑｾﾝﾀｰﾔ', NULL, 12480, 6, NULL, 1),
(905, 40, '2016-02-06', 'ﾔﾌ-ｼｮｯﾋﾟﾝｸﾞ ｴｶﾞｵｺｳﾎﾞ', NULL, 5700, 6, NULL, 1),
(906, 40, '2016-02-07', 'ﾔﾌ-ｼｮｯﾋﾟﾝｸﾞ ﾀｶﾊﾞﾅﾔﾌｰ', NULL, 4501, 6, NULL, 1),
(907, 40, '2016-02-07', 'ﾔﾌ-ｼｮｯﾋﾟﾝｸﾞ ｱｶﾁｬﾝﾎﾝﾎ', NULL, 5622, 6, NULL, 1),
(908, 40, '2016-02-08', 'ﾔﾌ-ｼｮｯﾋﾟﾝｸﾞ ﾍﾞﾋﾞｰﾖｳﾋ', NULL, 22204, 6, NULL, 1),
(909, 40, '2016-02-09', 'ﾔﾌ-ｼｮｯﾋﾟﾝｸﾞ ｸﾗｼﾔ', NULL, 10718, 6, NULL, 1),
(910, 40, '2016-02-13', 'ﾔﾌ-ｼｮｯﾋﾟﾝｸﾞ ｹﾝｺｰｺﾑ', NULL, 11213, 6, NULL, 1),
(911, 40, '2016-02-14', 'ﾔﾌ-ｼｮｯﾋﾟﾝｸﾞ ﾄｲｻﾞﾗｽﾍﾞ', NULL, 25700, 6, NULL, 1),
(912, 40, '2016-02-14', 'ﾔﾌ-ｼｮｯﾋﾟﾝｸﾞ ｴｶﾞｵｺｳﾎﾞ', NULL, 6000, 6, NULL, 1),
(913, 40, '2016-02-14', 'ﾔﾌ-ｼｮｯﾋﾟﾝｸﾞ ｴｶﾞｵｺｳﾎﾞ', NULL, 6000, 6, NULL, 1),
(914, 40, '2016-02-15', 'ﾔﾌ-ｼｮｯﾋﾟﾝｸﾞ ﾄｲｻﾞﾗｽﾍﾞ', NULL, 5524, 6, NULL, 1),
(915, 40, '2016-02-15', 'ﾔﾌ-ｼｮｯﾋﾟﾝｸﾞ ｸｽﾘﾉﾚﾃﾞｲ', NULL, 5266, 6, NULL, 1),
(916, 40, '2016-02-15', 'ﾔﾌ-ｼｮｯﾋﾟﾝｸﾞ ｾｷﾁｭｰﾔﾌｰ', NULL, 6560, 6, NULL, 1),
(917, 40, '2016-02-15', 'ﾔﾌ-ｼｮｯﾋﾟﾝｸﾞ ﾄｲｻﾞﾗｽﾍﾞ', NULL, 5524, 6, NULL, 1),
(918, 40, '2016-02-15', 'ﾔﾌ-ｼｮｯﾋﾟﾝｸﾞ ｼﾞｬﾝﾃｨﾅ', NULL, 6800, 6, NULL, 1),
(919, 40, '2016-02-15', 'ﾔﾌ-ｼｮｯﾋﾟﾝｸﾞ ﾍﾞﾋﾞｰﾖｳﾋ', NULL, 2900, 6, NULL, 1),
(920, 40, '2016-02-15', 'ﾔﾌ-ｼｮｯﾋﾟﾝｸﾞ ﾍﾞﾋﾞｰﾖｳﾋ', NULL, 12357, 6, NULL, 1),
(921, 40, '2016-02-15', 'ﾔﾌ-ｼｮｯﾋﾟﾝｸﾞ ｼｭｯｻﾝｼﾞｭ', NULL, 16326, 6, NULL, 1),
(922, 40, '2016-02-15', 'ﾔﾌ-ｼｮｯﾋﾟﾝｸﾞ ｼﾞｬﾝﾃｨﾅ', NULL, 6800, 6, NULL, 1),
(923, 40, '2016-02-16', 'ﾔﾌ-ｼｮｯﾋﾟﾝｸﾞ ｾｷﾁｭｰﾔﾌｰ', NULL, 5250, 6, NULL, 1),
(924, 40, '2016-02-17', 'ﾔﾌ-ｼｮｯﾋﾟﾝｸﾞ ｸﾗｼﾔ', NULL, 11390, 6, NULL, 1),
(925, 40, '2016-02-17', 'ﾔﾌ-ｳｫﾚｯﾄｹｯｻｲ ﾛﾊｺ(ｱｽｸ', NULL, 6048, 6, NULL, 1),
(926, 40, '2016-02-19', 'ﾔﾌ-ｼｮｯﾋﾟﾝｸﾞ ｼﾞｮｼﾞｮﾄﾞ', NULL, 190, 6, NULL, 1),
(927, 40, '2016-02-20', 'ﾔﾌ-ｼｮｯﾋﾟﾝｸﾞ ﾏﾂﾓﾄｷﾖｼﾔ', NULL, 25488, 6, NULL, 1),
(928, 40, '2016-02-20', 'ﾔﾌ-ｼｮｯﾋﾟﾝｸﾞ ﾍﾞﾋﾞｰﾀｳﾝ', NULL, 5568, 6, NULL, 1),
(929, 40, '2016-02-22', 'ﾔﾌ-ｼｮｯﾋﾟﾝｸﾞ ｹﾝｺｰｺﾑ', NULL, 5686, 6, NULL, 1),
(930, 40, '2016-02-26', 'ﾔﾌ-ｼｮｯﾋﾟﾝｸﾞ ｲﾝﾅｰｼｮｯﾌ', NULL, 14550, 6, NULL, 1),
(931, 38, '2016-03-31', 'ヤフージャパン', NULL, 498, 6, NULL, 1),
(932, 38, '2016-04-01', 'ﾔﾌ-ｳｫﾚｯﾄｹｯｻｲ ﾛﾊｺ(ｱｽｸ', NULL, 7673, 6, NULL, 1),
(933, 38, '2016-04-07', 'ﾔﾌ-ｼｮｯﾋﾟﾝｸﾞ ｵｵｷﾆﾅｯﾄｸ', NULL, 7627, 6, NULL, 1),
(934, 38, '2016-04-07', 'ﾔﾌ-ｳｫﾚｯﾄｹｯｻｲ ﾛﾊｺ(ｱｽｸ', NULL, 6048, 6, NULL, 1),
(935, 38, '2016-04-08', 'ﾔﾌ-ｼｮｯﾋﾟﾝｸﾞ ﾄｲｻﾞﾗｽﾍﾞ', NULL, 5524, 6, NULL, 1),
(936, 38, '2016-04-11', 'ﾔﾌ-ｼｮｯﾋﾟﾝｸﾞ ﾄｲｻﾞﾗｽﾍﾞ', NULL, 46081, 6, NULL, 1),
(937, 38, '2016-04-11', 'ﾔﾌ-ｼｮｯﾋﾟﾝｸﾞ ﾄｲｻﾞﾗｽﾍﾞ', NULL, 12510, 6, NULL, 1),
(938, 38, '2016-04-11', 'ﾔﾌ-ｼｮｯﾋﾟﾝｸﾞ ﾄｲｻﾞﾗｽﾍﾞ', NULL, 32606, 6, NULL, 1),
(939, 38, '2016-04-19', 'ﾔﾌ-ｳｫﾚｯﾄｹｯｻｲ ﾛﾊｺ(ｱｽｸ', NULL, 6048, 6, NULL, 1),
(940, 38, '2016-04-19', 'ﾔﾌ-ｼｮｯﾋﾟﾝｸﾞ ﾄｲｻﾞﾗｽﾍﾞ', NULL, 10698, 6, NULL, 1),
(941, 38, '2016-04-20', 'ﾔﾌ-ｼｮｯﾋﾟﾝｸﾞ ﾏﾀﾆﾃｨｼﾞｭ', NULL, 7908, 6, NULL, 1),
(942, 38, '2016-04-20', 'ﾔﾌｰ･ｼｮｯﾋﾟﾝｸﾞ ｱｶﾙｲｶﾃｲ', NULL, 5860, 6, NULL, 1),
(943, 38, '2016-04-20', 'ﾔﾌ-ｼｮｯﾋﾟﾝｸﾞ ﾏﾀﾆﾃｨｼﾞｭ', NULL, 7908, 6, NULL, 1),
(944, 37, '2016-04-30', 'ヤフージャパン', NULL, 498, 6, NULL, 1),
(945, 37, '2016-05-04', 'ﾔﾌ-ｳｫﾚｯﾄｹｯｻｲ ﾛﾊｺ(ｱｽｸ', NULL, 104, 6, NULL, 1),
(946, 37, '2016-05-10', 'ﾔﾌ-ｳｫﾚｯﾄｹｯｻｲ ﾛﾊｺ(ｱｽｸ', NULL, 6048, 6, NULL, 1),
(947, 37, '2016-05-11', 'ﾔﾌ-ｳｫﾚｯﾄｹｯｻｲ ﾛﾊｺ(ｱｽｸ', NULL, 5928, 6, NULL, 1),
(948, 37, '2016-05-13', 'ﾔﾌ-ｳｫﾚｯﾄｹｯｻｲ ﾛﾊｺ(ｱｽｸ', NULL, 2856, 6, NULL, 1),
(949, 37, '2016-05-20', 'ﾔﾌ-ｼｮｯﾋﾟﾝｸﾞ ﾄｲｻﾞﾗｽﾍﾞ', NULL, 4184, 6, NULL, 1),
(950, 37, '2016-05-20', 'ﾔﾌ-ｼｮｯﾋﾟﾝｸﾞ ﾏﾂﾓﾄｷﾖｼﾔ', NULL, 7308, 6, NULL, 1),
(951, 37, '2016-05-31', 'ﾔﾌ-ｼｮｯﾋﾟﾝｸﾞ ﾏﾀﾆﾃｨｼﾞｭ', NULL, 6674, 6, NULL, 1),
(952, 36, '2016-05-31', 'ヤフージャパン', NULL, 498, 6, NULL, 1),
(953, 36, '2016-06-02', 'ﾔﾌ-ｳｫﾚｯﾄｹｯｻｲ ﾛﾊｺ(ｱｽｸ', NULL, 6048, 6, NULL, 1),
(954, 36, '2016-06-06', 'ﾔﾌ-ｼｮｯﾋﾟﾝｸﾞ ﾄｲｻﾞﾗｽﾍﾞ', NULL, 8582, 6, NULL, 1),
(955, 36, '2016-06-14', 'ﾔﾌ-ｼｮｯﾋﾟﾝｸﾞ ﾏﾀﾆﾃｨｼﾞｭ', NULL, 6760, 6, NULL, 1),
(956, 36, '2016-06-22', 'ﾔﾌ-ｳｫﾚｯﾄｹｯｻｲ ﾛﾊｺ(ｱｽｸ', NULL, 5566, 6, NULL, 1),
(957, 64, '2016-02-22', '普通預金利息', NULL, 2, 6, NULL, 0),
(958, 64, '2016-02-25', '給料振込　ﾆﾎﾝｼｽﾃﾑｸﾘｴｲﾄ(ｶ', NULL, 259972, 6, NULL, 0),
(959, 64, '2016-02-25', 'パソコン振込 ｶ) ﾗｲﾌﾞｽﾀ-ｼﾖｳｹﾝ ｼﾖｳｹﾝｸﾞﾁ', NULL, 259974, 6, NULL, 1),
(960, 64, '2016-03-25', '給料振込　ﾆﾎﾝｼｽﾃﾑｸﾘｴｲﾄ(ｶ', NULL, 99638, 6, NULL, 0),
(961, 64, '2016-03-31', 'カード　ｾﾌﾞﾝBK0F2H', NULL, 99000, 6, NULL, 1),
(962, 64, '2016-07-08', '賞与振込　ﾆﾎﾝｼｽﾃﾑｸﾘｴｲﾄｶﾌﾞｼｷｶﾞｲｼﾔ', NULL, 172872, 6, NULL, 0),
(963, 64, '2016-07-09', 'パソコン振込 ﾆﾎﾝｼｽﾃﾑｸﾘｴｲﾄ (ｶ', NULL, 64290, 6, NULL, 1),
(964, 64, '2016-07-09', 'パソコン振込 ｶ) ﾗｲﾌﾞｽﾀ-ｼﾖｳｹﾝ ｼﾖｳｹﾝｸﾞﾁ', NULL, 109200, 6, NULL, 1),
(965, 64, '2016-07-25', '給料振込　ﾆﾎﾝｼｽﾃﾑｸﾘｴｲﾄ(ｶ', NULL, 86645, 6, NULL, 0),
(966, 78, '2016-01-04', '口座振替３', 'ホイクリヨウ', 16400, 6, NULL, 1),
(967, 78, '2016-01-08', '水道', 'トウキヨウトスイドウ', 4598, 6, NULL, 1),
(968, 78, '2016-01-17', 'カ－ド', '', 60000, 6, NULL, 1),
(969, 78, '2016-01-25', '給料', '', 436207, 6, NULL, 0),
(970, 78, '2016-01-25', '振込１', 'アクセンチユア（カ', 120464, 6, NULL, 0),
(971, 78, '2016-01-25', 'カードＣ１', 'セブンギンコウＡＴＭ', 30000, 6, NULL, 1),
(972, 78, '2016-01-25', '手数料', '', 108, 6, NULL, 1),
(973, 78, '2016-01-27', '口座振替４', 'ラクテンカ－ドサ－ビ', 324, 6, NULL, 1),
(974, 78, '2016-01-27', '口座振替４', 'エポスカ－ド', 107183, 6, NULL, 1),
(975, 78, '2016-01-31', 'カードＣ１', '', 20000, 6, NULL, 1),
(976, 78, '2016-01-31', '手数料', '', 216, 6, NULL, 1),
(977, 78, '2016-02-01', '振込２', 'オオタク　コソダテセタイリン', 3000, 6, NULL, 0),
(978, 78, '2016-02-01', '口座振替３', 'ホイクリヨウ', 16400, 6, NULL, 1),
(979, 78, '2016-02-08', '振込２', 'オオタクジドウテアテ', 40000, 6, NULL, 0),
(980, 78, '2016-02-08', '口座振替３', 'トジユウタクコウシヤ', 102000, 6, NULL, 1),
(981, 78, '2016-02-09', 'カードＣ１', 'セブンギンコウＡＴＭ', 20000, 6, NULL, 1),
(982, 78, '2016-02-09', '手数料', '', 108, 6, NULL, 1),
(983, 78, '2016-02-10', '口座振替３', 'アメリカンエキスプレス', 56300, 6, NULL, 1),
(984, 78, '2016-02-17', 'カードＣ１', 'セブンギンコウＡＴＭ', 20000, 6, NULL, 1),
(985, 78, '2016-02-17', '手数料', '', 108, 6, NULL, 1),
(986, 78, '2016-02-22', '利息', '', 76, 6, NULL, 0),
(987, 78, '2016-02-22', 'カ－ド', '', 500000, 6, NULL, 1),
(988, 78, '2016-02-25', '給料', '', 463362, 6, NULL, 0),
(989, 78, '2016-02-25', '振込１', 'アクセンチユア（カ', 189381, 6, NULL, 0),
(990, 78, '2016-02-29', '口座振替３', 'ホイクリヨウ', 16400, 6, NULL, 1),
(991, 78, '2016-02-29', '口座振替４', 'ラクテンカ－ドサ－ビ', 78416, 6, NULL, 1),
(992, 78, '2016-02-29', '口座振替４', 'エポスカ－ド', 138426, 6, NULL, 1),
(993, 78, '2016-03-02', 'カードＣ１', 'セブンギンコウＡＴＭ', 20000, 6, NULL, 1),
(994, 78, '2016-03-02', '手数料', '', 108, 6, NULL, 1),
(995, 78, '2016-03-04', '水道', 'トウキヨウトスイドウ', 5112, 6, NULL, 1),
(996, 78, '2016-03-07', '口座振替３', 'トジユウタクコウシヤ', 102000, 6, NULL, 1),
(997, 78, '2016-03-10', '口座振替３', 'アメリカンエキスプレス', 155335, 6, NULL, 1),
(998, 78, '2016-03-12', 'カードＣ１', '', 10000, 6, NULL, 1),
(999, 78, '2016-03-12', '手数料', '', 216, 6, NULL, 1),
(1000, 78, '2016-03-16', '振込ＩＢ１', 'ガク　ライ', 500000, 6, NULL, 1),
(1001, 78, '2016-03-17', 'カードＣ１', '', 10000, 6, NULL, 1),
(1002, 78, '2016-03-17', '手数料', '', 108, 6, NULL, 1),
(1003, 78, '2016-03-17', '振込ＩＢ１', 'ガク　ライ', 400000, 6, NULL, 1),
(1004, 78, '2016-03-25', '給料', '', 463362, 6, NULL, 0),
(1005, 78, '2016-03-25', '振込１', 'アクセンチユア（カ', 82822, 6, NULL, 0),
(1006, 78, '2016-03-25', 'カードＣ１', '', 50000, 6, NULL, 1),
(1007, 78, '2016-03-25', '手数料', '', 108, 6, NULL, 1),
(1008, 78, '2016-03-28', '口座振替４', 'エポスカ－ド', 14970, 6, NULL, 1),
(1009, 78, '2016-03-28', '口座振替４', 'ラクテンカ－ドサ－ビ', 210854, 6, NULL, 1),
(1010, 78, '2016-03-29', '振込ＩＢ１', 'ジ－エムオ－クリツクシヨウケ', 139000, 6, NULL, 1),
(1011, 78, '2016-03-31', '口座振替３', 'ホイクリヨウ', 16400, 6, NULL, 1),
(1012, 78, '2016-04-07', '口座振替３', 'トジユウタクコウシヤ', 102500, 6, NULL, 1),
(1013, 78, '2016-04-07', 'カードＣ１', '', 30000, 6, NULL, 1),
(1014, 78, '2016-04-07', '手数料', '', 108, 6, NULL, 1),
(1015, 78, '2016-04-11', '口座振替３', 'アメリカンエキスプレス', 47520, 6, NULL, 1),
(1016, 78, '2016-04-14', 'カ－ド', '', 3000, 6, NULL, 1),
(1017, 78, '2016-04-15', '振込２', 'ジ－エムオ－クリツクシヨウケ', 200000, 6, NULL, 0),
(1018, 78, '2016-04-15', 'カードＣ１', '', 50000, 6, NULL, 1),
(1019, 78, '2016-04-15', '手数料', '', 108, 6, NULL, 1),
(1020, 78, '2016-04-25', '給料', '', 376840, 6, NULL, 0),
(1021, 78, '2016-04-26', '振込１', 'ヨ　コウエイ', 73205, 6, NULL, 0),
(1022, 78, '2016-04-26', '振込１', 'ヨ　コウエイ', 210854, 6, NULL, 0),
(1023, 78, '2016-04-26', '振込１', 'ヨ　コウエイ', 78416, 6, NULL, 0),
(1024, 78, '2016-04-26', '振込ＩＢ１', 'ヨ　コウエイ', 500000, 6, NULL, 1),
(1025, 78, '2016-04-27', '口座振替４', 'ＪＣ　ジヤツクス', 6670, 6, NULL, 1),
(1026, 78, '2016-04-27', '口座振替４', 'エポスカ－ド', 41323, 6, NULL, 1),
(1027, 78, '2016-04-27', '口座振替４', 'ラクテンカ－ドサ－ビ', 73205, 6, NULL, 1),
(1028, 78, '2016-04-29', 'カードＣ１', '', 50000, 6, NULL, 1),
(1029, 78, '2016-04-29', '手数料', '', 216, 6, NULL, 1),
(1030, 78, '2016-05-02', '口座振替３', 'ホイクリヨウ', 16300, 6, NULL, 1),
(1031, 78, '2016-05-09', '口座振替３', 'トジユウタクコウシヤ', 102500, 6, NULL, 1),
(1032, 78, '2016-05-10', '水道', 'トウキヨウトスイドウ', 5626, 6, NULL, 1),
(1033, 78, '2016-05-20', 'カ－ド', '', 20000, 6, NULL, 1),
(1034, 78, '2016-05-25', '振込１', 'アクセンチユア（カ', 68080, 6, NULL, 0),
(1035, 78, '2016-05-27', '口座振替４', 'ラクテンカ－ドサ－ビ', 29569, 6, NULL, 1),
(1036, 78, '2016-05-27', '口座振替４', 'エポスカ－ド', 41607, 6, NULL, 1),
(1037, 78, '2016-05-30', 'カードＣ１', '', 20000, 6, NULL, 1),
(1038, 78, '2016-05-30', '手数料', '', 108, 6, NULL, 1),
(1039, 78, '2016-05-31', '口座振替３', 'ホイクリヨウ', 16300, 6, NULL, 1),
(1040, 78, '2016-06-02', '振込１', 'セントラルタンシエフエツクス（', 8552, 6, NULL, 0),
(1041, 78, '2016-06-02', 'カードＣ１', 'セブンギンコウＡＴＭ', 20000, 6, NULL, 1),
(1042, 78, '2016-06-02', '手数料', '', 108, 6, NULL, 1),
(1043, 78, '2016-06-06', '振込ＩＢ１', 'ヨ　コウエイ', 270000, 6, NULL, 0),
(1044, 78, '2016-06-07', '振込２', 'オオタクジドウテアテ', 40000, 6, NULL, 0),
(1045, 78, '2016-06-07', '口座振替３', 'トジユウタクコウシヤ', 102500, 6, NULL, 1),
(1046, 78, '2016-06-12', 'カードＣ１', 'セブンギンコウＡＴＭ', 50000, 6, NULL, 1),
(1047, 78, '2016-06-12', '手数料', '', 216, 6, NULL, 1),
(1048, 78, '2016-06-27', '口座振替４', 'ラクテンカ－ドサ－ビ', 5702, 6, NULL, 1),
(1049, 78, '2016-06-27', '口座振替４', 'エポスカ－ド', 35375, 6, NULL, 1),
(1050, 78, '2016-06-27', '振込ＩＢ１', 'ガク　ライ', 300000, 6, NULL, 0),
(1051, 78, '2016-06-28', 'カ－ド', '', 10000, 6, NULL, 1),
(1052, 78, '2016-06-29', '振込８', 'アクセンチユアカブシキカイシ', 241566, 6, NULL, 1),
(1053, 78, '2016-06-29', '為替手数料', 'フリコミ　テスウリヨウ', 432, 6, NULL, 1),
(1054, 78, '2016-06-30', '口座振替３', 'ホイクリヨウ', 16300, 6, NULL, 1),
(1055, 78, '2016-07-04', '水道', 'トウキヨウトスイドウ', 6140, 6, NULL, 1),
(1056, 78, '2016-07-04', 'カードＣ１', 'セブンギンコウＡＴＭ', 30000, 6, NULL, 1),
(1057, 78, '2016-07-04', '手数料', '', 108, 6, NULL, 1),
(1058, 78, '2016-07-07', '口座振替３', 'トジユウタクコウシヤ', 102500, 6, NULL, 1),
(1059, 78, '2016-07-15', '振込１', 'アクセンチユアケンコウホケンク', 455450, 6, NULL, 0),
(1060, 78, '2016-07-16', 'カードＣ１', '', 50000, 6, NULL, 1),
(1061, 78, '2016-07-16', '手数料', '', 216, 6, NULL, 1),
(1062, 78, '2016-07-26', '振込ＩＢ１', 'ガク　ライ', 300000, 6, NULL, 0),
(1063, 78, '2016-07-26', '振込ＩＢ２', 'アクセンチユア（カ）', 68080, 6, NULL, 1),
(1064, 78, '2016-07-26', '為替手数料', 'フリコミ　テスウリヨウ', 324, 6, NULL, 1),
(1190, 50, '2016-02-23', 'ネツト　カ）ジヤツクス', '', 470682, 6, NULL, 1),
(1191, 50, '2016-02-23', 'ネツト　マニユライフセイメイホケン（', '', 8840, 6, NULL, 1),
(1192, 50, '2016-02-25', 'ネツト　カブシキガイシヤ　ジヤ', '', 1620, 6, NULL, 1),
(1193, 50, '2016-02-25', 'ネツト　ワイジエイカ－ド（カ', '', 217450, 6, NULL, 1),
(1194, 50, '2016-02-25', '振込　カ）ライブスタ－シヨウケ', '', 151000, 6, NULL, 0),
(1195, 50, '2016-02-26', 'ネツト　ヨ　コウエイ', '', 294646, 6, NULL, 1),
(1196, 50, '2016-02-26', '振込　カ）ライブスタ－シヨウケ', '', 80166, 6, NULL, 0),
(1197, 50, '2016-02-26', 'ネツト　カ）エスビ－アイシヨウケン', '', 100000, 6, NULL, 1),
(1198, 50, '2016-03-01', '振込　カ）ライブスタ－シヨウケ', '', 237000, 6, NULL, 0),
(1199, 50, '2016-03-04', 'ネツト　カ）ライブスタ－シヨウケン', '', 5000, 6, NULL, 1),
(1200, 50, '2016-03-04', 'ネツト　カ）オ－エスワ－ルド', '', 31800, 6, NULL, 1),
(1201, 50, '2016-03-07', 'ネツト　カ）ライブスタ－シヨウケン', '', 240000, 6, NULL, 1),
(1202, 50, '2016-03-09', '振込　カ）ライブスタ－シヨウケ', '', 100000, 6, NULL, 0),
(1203, 50, '2016-03-10', '振込　カ）ライブスタ－シヨウケ', '', 77148, 6, NULL, 0),
(1204, 50, '2016-03-10', 'ネツト　カ）ライブスタ－シヨウケン', '', 150000, 6, NULL, 1),
(1205, 50, '2016-03-22', '振込　カ）ライブスタ－シヨウケ', '', 270000, 6, NULL, 0),
(1206, 50, '2016-03-22', 'ＲＬ）コウノウユウビン', '', 237668, 6, NULL, 1),
(1207, 50, '2016-03-23', 'ＡＴＭ（１９７）', '', 970000, 6, NULL, 0),
(1208, 50, '2016-03-24', 'ネツト　カ）ジヤツクス', '', 926999, 6, NULL, 1),
(1209, 50, '2016-03-24', 'ネツト　カ）エスビ－アイシヨウケン', '', 100000, 6, NULL, 1),
(1210, 50, '2016-03-25', 'ＡＴＭ（１４３）', '', 10000, 6, NULL, 1),
(1211, 50, '2016-03-26', 'ＡＴＭ（１９７）', '', 340000, 6, NULL, 0),
(1212, 50, '2016-03-28', 'ジヤツクス', '', 166345, 6, NULL, 1),
(1213, 50, '2016-03-28', 'ラクテンカ－ドサ－ビス', '', 22658, 6, NULL, 1),
(1214, 50, '2016-04-01', 'ＡＴＭ（１９７）', '', 340000, 6, NULL, 0),
(1215, 50, '2016-04-01', 'ネツト　ワイジエイカ－ド（カ', '', 285892, 6, NULL, 1),
(1216, 50, '2016-04-01', 'ネツト　ロ　スイ', '', 100000, 6, NULL, 1),
(1217, 50, '2016-04-01', 'ネツト　ワイジエイカ－ド（カ', '', 48015, 6, NULL, 1),
(1218, 50, '2016-04-08', '振込　カ）ライブスタ－シヨウケ', '', 300000, 6, NULL, 0);
INSERT INTO `income_expense` (`id`, `csv`, `time`, `shop`, `detail`, `number`, `member`, `type`, `income_expense`) VALUES
(1219, 50, '2016-04-08', 'ネツト　ミツビシユ－エフジエイニ', '', 156275, 6, NULL, 1),
(1220, 50, '2016-04-15', 'ネツト　ロ　スイ', '', 78416, 6, NULL, 1),
(1221, 50, '2016-04-19', '７ＢＫ００Ｆ２Ｈ－１６５０', '', 320000, 6, NULL, 0),
(1222, 50, '2016-04-20', 'ＲＬ）コウノウユウビン', '', 244664, 6, NULL, 1),
(1223, 50, '2016-04-21', '７ＢＫ０００ＲＱ－００９５', '', 300000, 6, NULL, 0),
(1224, 50, '2016-04-25', 'ネツト　カ）エスビ－アイシヨウケン', '', 100000, 6, NULL, 1),
(1225, 50, '2016-04-25', 'ネツト　ロ　スイ', '', 47998, 6, NULL, 1),
(1226, 50, '2016-04-26', 'ネツト　ロ　スイ', '', 73205, 6, NULL, 1),
(1227, 50, '2016-04-26', 'ネツト　ロ　スイ', '', 210854, 6, NULL, 1),
(1228, 50, '2016-04-26', '振込　ロ　スイ', '', 78416, 6, NULL, 0),
(1229, 50, '2016-04-26', 'ネツト　ロ　スイ', '', 78416, 6, NULL, 1),
(1230, 50, '2016-04-26', '振込手数料', '', 432, 6, NULL, 1),
(1231, 50, '2016-04-26', '７ＢＫ００Ｆ２Ｈ－２６６６', '', 370000, 6, NULL, 0),
(1232, 50, '2016-04-27', 'ジヤツクス', '', 184743, 6, NULL, 1),
(1233, 50, '2016-04-27', 'ラクテンカ－ドサ－ビス', '', 78847, 6, NULL, 1),
(1234, 50, '2016-04-27', '７ＢＫ００Ｆ２Ｈ－２７２８', '', 170000, 6, NULL, 0),
(1235, 50, '2016-05-01', 'ネツト　ニホンシステムクリエイト　（', '', 47390, 6, NULL, 1),
(1236, 50, '2016-05-01', 'ネツト　ロ　スイ', '', 100000, 6, NULL, 1),
(1237, 50, '2016-05-04', '７ＢＫ００Ｆ２Ｈ－３７８９', '', 20000, 6, NULL, 1),
(1238, 50, '2016-05-06', 'ネツト　ワイジエイカ－ド（カ', '', 410, 6, NULL, 1),
(1239, 50, '2016-05-11', '振込　ロ　スイ', '', 100000, 6, NULL, 0),
(1240, 50, '2016-05-11', 'ネツト　ミツビシユ－エフジエイニ', '', 272127, 6, NULL, 1),
(1241, 50, '2016-05-11', '振込手数料', '', 432, 6, NULL, 1),
(1242, 50, '2016-05-11', '７ＢＫ００９ＸＨ－９０８８', '', 332000, 6, NULL, 0),
(1243, 50, '2016-05-12', 'ネツト　ロ　スイ', '', 100000, 6, NULL, 1),
(1244, 50, '2016-05-12', 'ネツト　カ）ライブスタ－シヨウケン', '', 200000, 6, NULL, 1),
(1245, 50, '2016-05-13', '振込　ニツポンユウビン　（カ', '', 13800, 6, NULL, 0),
(1246, 50, '2016-05-19', '振込　カ）ライブスタ－シヨウケ', '', 50000, 6, NULL, 0),
(1247, 50, '2016-05-20', '７ＢＫ００Ｆ２Ｈ－５６４６', '', 80000, 6, NULL, 0),
(1248, 50, '2016-05-20', '７ＢＫ００Ｆ２Ｈ－５６４７', '', 80000, 6, NULL, 0),
(1249, 50, '2016-05-20', 'ＲＬ）コウノウユウビン', '', 160390, 6, NULL, 1),
(1250, 50, '2016-05-23', 'ネツト　マニユライフセイメイホケン（', '', 17680, 6, NULL, 1),
(1251, 50, '2016-05-23', '振込手数料', '', 216, 6, NULL, 1),
(1252, 50, '2016-05-24', '７ＢＫ００Ｊ５Ｄ－０８３８', '', 152000, 6, NULL, 0),
(1253, 50, '2016-05-24', '利用手数料', '', 108, 6, NULL, 1),
(1254, 50, '2016-05-26', '振込　カ）ライブスタ－シヨウケ', '', 140000, 6, NULL, 0),
(1255, 50, '2016-05-27', 'ジヤツクス', '', 131011, 6, NULL, 1),
(1256, 50, '2016-05-27', 'ワイジェイカード', '', 156989, 6, NULL, 1),
(1257, 50, '2016-05-27', 'ラクテンカ－ドサ－ビス', '', 23580, 6, NULL, 1),
(1258, 50, '2016-05-27', '振込　カ）ライブスタ－シヨウケ', '', 150000, 6, NULL, 0),
(1259, 50, '2016-05-27', 'ネツト　ニホンシステムクリエイト　（', '', 47390, 6, NULL, 1),
(1260, 50, '2016-05-27', '振込手数料', '', 432, 6, NULL, 1),
(1261, 50, '2016-05-27', 'ネツト　カ）エスビ－アイシヨウケン', '', 100000, 6, NULL, 1),
(1262, 50, '2016-05-27', '７ＢＫ００Ｆ２Ｈ－６８３９', '', 20000, 6, NULL, 1),
(1263, 50, '2016-05-27', '利用手数料', '', 108, 6, NULL, 1),
(1264, 50, '2016-06-01', '振込　ロ　スイ', '', 16496, 6, NULL, 0),
(1265, 50, '2016-06-02', 'ネツト　ワイジエイカ－ド（カ', '', 53244, 6, NULL, 1),
(1266, 50, '2016-06-03', '振込　カ）ライブスタ－シヨウケ', '', 60000, 6, NULL, 0),
(1267, 50, '2016-06-07', 'ネツト　カ）ライブスタ－シヨウケン', '', 50000, 6, NULL, 1),
(1268, 50, '2016-06-12', '７ＢＫ００ＬＥ４－８２２３', '', 90000, 6, NULL, 0),
(1269, 50, '2016-06-13', 'ネツト　カ）ライブスタ－シヨウケン', '', 10000, 6, NULL, 1),
(1270, 50, '2016-06-20', 'ＲＬ）コウノウユウビン', '', 80350, 6, NULL, 1),
(1271, 50, '2016-06-21', '振込　カ）ライブスタ－シヨウケ', '', 70000, 6, NULL, 0),
(1272, 50, '2016-06-21', 'ネツト　カ）クレデイセゾン', '', 80952, 6, NULL, 1),
(1273, 50, '2016-06-24', '７ＢＫ００Ｆ２Ｈ－０６３８', '', 190000, 6, NULL, 0),
(1274, 50, '2016-06-27', 'ＤＦ．マニユライフセイメ', '', 8840, 6, NULL, 1),
(1275, 50, '2016-06-27', 'ジヤツクス', '', 62197, 6, NULL, 1),
(1276, 50, '2016-06-27', 'ワイジェイカード', '', 33600, 6, NULL, 1),
(1277, 50, '2016-06-27', 'ＣＳＳ（ＳＪＮＫヒマワリ', '', 6710, 6, NULL, 1),
(1278, 50, '2016-06-27', 'ＣＳＳ（ＳＪＮＫヒマワリ', '', 6710, 6, NULL, 1),
(1279, 50, '2016-06-27', '振込　カ）ライブスタ－シヨウケ', '', 10000, 6, NULL, 0),
(1280, 50, '2016-06-28', '７ＢＫ００Ｆ２Ｈ－１２５７', '', 40000, 6, NULL, 0),
(1281, 50, '2016-06-28', 'ネツト　カ）エスビ－アイシヨウケン', '', 100000, 6, NULL, 1),
(1282, 50, '2016-06-29', '振込　カ）ライブスタ－シヨウケ', '', 48698, 6, NULL, 0),
(1283, 50, '2016-07-01', '振込　カ）ライブスタ－シヨウケ', '', 30000, 6, NULL, 0),
(1284, 50, '2016-07-07', '７ＢＫ００Ｆ２Ｈ－２４９０', '', 80000, 6, NULL, 0),
(1285, 50, '2016-07-07', '７ＢＫ００Ｆ２Ｈ－２４９４', '', 60000, 6, NULL, 0),
(1286, 50, '2016-07-07', 'ネツト　カ）ジヤツクス', '', 207174, 6, NULL, 1),
(1287, 50, '2016-07-08', '７ＢＫ００４ＦＰ－４０８３', '', 100000, 6, NULL, 0),
(1288, 50, '2016-07-10', 'ＡＴＭ（１９７）', '', 110000, 6, NULL, 1),
(1289, 50, '2016-07-12', '振込　カ）ライブスタ－シヨウケ', '', 362212, 6, NULL, 0),
(1290, 50, '2016-07-12', 'ネツト　カ）クレデイセゾン', '', 218388, 6, NULL, 1),
(1291, 50, '2016-07-20', 'ＲＬ）コウノウユウビン', '', 100560, 6, NULL, 1),
(1292, 50, '2016-07-26', '７ＢＫ００Ｆ２Ｈ－４７９６', '', 311000, 6, NULL, 0),
(1293, 50, '2016-07-26', 'ネツト　ロ　スイ', '', 211197, 6, NULL, 1),
(1294, 50, '2016-07-26', 'ネツト　カ）エスビ－アイシヨウケン', '', 100000, 6, NULL, 1),
(1295, 50, '2016-07-26', '７ＢＫ００Ｆ２Ｈ－４８３１', '', 9000, 6, NULL, 0),
(1296, 50, '2016-07-26', '手数料', '', 216, 6, NULL, 1),
(1297, 50, '2016-07-27', 'ＤＦ．マニユライフセイメ', '', 8840, 6, NULL, 1),
(1298, 50, '2016-07-27', 'ジヤツクス', '', 52634, 6, NULL, 1),
(1299, 50, '2016-07-27', 'ＣＳＳ（ＳＪＮＫヒマワリ', '', 6710, 6, NULL, 1),
(1300, 50, '2016-07-28', '振込　ミズホシンセイカツ', '', 500, 6, NULL, 0),
(1301, 57, '2016-05-02', '振込　ヨ　コウエイ', '', 100000, 6, NULL, 0),
(1302, 57, '2016-05-11', 'ネツト　ヨ　コウエイ', '', 100000, 6, NULL, 1),
(1303, 57, '2016-05-12', '振込　ヨ　コウエイ', '', 100000, 6, NULL, 0),
(1304, 57, '2016-05-27', 'ジヤツクス', '', 183504, 6, NULL, 1),
(1305, 57, '2016-06-01', 'ネツト　ヨ　コウエイ', '', 16496, 6, NULL, 1),
(1306, 57, '2016-07-27', '振込　ヨ　コウエイ', '', 211197, 6, NULL, 0),
(1307, 57, '2016-07-27', 'ジヤツクス', '', 211197, 6, NULL, 1);

-- --------------------------------------------------------

--
-- テーブルの構造 `member`
--

CREATE TABLE `member` (
  `id` tinyint(3) NOT NULL,
  `name` varchar(10) NOT NULL
) ENGINE=InnoDB DEFAULT CHARSET=utf8;

--
-- テーブルのデータのダンプ `member`
--

INSERT INTO `member` (`id`, `name`) VALUES
(1, '呂　帥'),
(2, '余　江英'),
(3, '呂　逸喬'),
(4, '呂　逸帆'),
(5, '家族'),
(6, '代買');

-- --------------------------------------------------------

--
-- テーブルの構造 `type`
--

CREATE TABLE `type` (
  `id` tinyint(3) NOT NULL,
  `name` varchar(10) NOT NULL,
  `valid` tinyint(1) DEFAULT '1',
  `income_expense` tinyint(1) DEFAULT '1'
) ENGINE=InnoDB DEFAULT CHARSET=utf8;

--
-- テーブルのデータのダンプ `type`
--

INSERT INTO `type` (`id`, `name`, `valid`, `income_expense`) VALUES
(1, '食費', 1, 1),
(2, '日用雑貨', 1, 1),
(3, '交通', 1, 1),
(4, '交際費', 1, 1),
(5, '教育・教養', 1, 1),
(6, '美容・洋服', 1, 1),
(7, '医療・保険', 1, 1),
(8, '通信', 1, 1),
(9, '水道・光熱', 1, 1),
(10, '住まい', 1, 1),
(11, '税金', 1, 1),
(12, '大型出費', 1, 1),
(13, '車', 1, 1),
(14, 'その他', 1, 1),
(15, 'エンタメ', 1, 1),
(16, '給与所得', 1, 0),
(17, '立替金返済', 1, 0),
(18, '賞与', 1, 0),
(19, '臨時収入', 1, 0),
(20, '事業所得', 1, 0),
(21, 'その他', 1, 0);

-- --------------------------------------------------------

--
-- テーブルの構造 `type_detail`
--

CREATE TABLE `type_detail` (
  `id` tinyint(3) NOT NULL,
  `type` tinyint(4) NOT NULL,
  `name` varchar(10) NOT NULL,
  `valid` tinyint(1) DEFAULT '1'
) ENGINE=InnoDB DEFAULT CHARSET=utf8;

--
-- テーブルのデータのダンプ `type_detail`
--

INSERT INTO `type_detail` (`id`, `type`, `name`, `valid`) VALUES
(1, 1, '食料品', 1),
(2, 1, '朝御飯', 1),
(3, 1, '昼御飯', 1),
(4, 1, '晩御飯', 1),
(5, 1, 'カフェ', 1),
(6, 1, 'その他', 1),
(7, 2, '消耗品', 1),
(8, 2, '子ども関連', 1),
(9, 2, 'ペット関連', 1),
(10, 2, 'タバコ', 1),
(11, 2, 'その他', 1),
(12, 3, '電車', 1),
(13, 3, 'タクシー', 1),
(14, 3, 'バス', 1),
(15, 3, '飛行機', 1),
(16, 3, 'その他', 1),
(17, 4, '飲み会', 1),
(18, 4, 'プレゼント', 1),
(19, 4, 'ご祝儀・香典', 1),
(20, 4, 'その他', 1),
(21, 5, '習い事', 1),
(22, 5, '新聞', 1),
(23, 5, '参考書', 1),
(24, 5, '受験料', 1),
(25, 5, '学費', 1),
(26, 5, '学資保険', 1),
(27, 5, '塾', 1),
(28, 5, 'その他', 1),
(29, 6, '洋服', 1),
(30, 6, 'アクセサリー・小物', 1),
(31, 6, '下着', 1),
(32, 6, 'ジム・健康', 1),
(33, 6, '美容院', 1),
(34, 6, 'コスメ', 1),
(35, 6, 'エステ・ネイル', 1),
(36, 6, 'クリーニング', 1),
(37, 6, 'その他', 1),
(38, 7, '病院代', 1),
(39, 7, '薬代', 1),
(40, 7, '生命保険', 1),
(41, 7, '医療保険', 1),
(42, 7, 'その他', 1),
(43, 8, '携帯電話料金', 1),
(44, 8, '固定電話料金', 1),
(45, 8, 'インターネット関連費', 1),
(46, 8, '放送サービス料金', 1),
(47, 8, '宅配便', 1),
(48, 8, '切手・はがき', 1),
(49, 8, 'その他', 1),
(50, 9, '水道料金', 1),
(51, 9, '電気料金', 1),
(52, 9, 'ガス料金', 1),
(53, 9, 'その他', 1),
(54, 10, '家賃', 1),
(55, 10, '住宅ローン返済', 1),
(56, 10, '家具', 1),
(57, 10, '家電', 1),
(58, 10, 'リフォーム', 1),
(59, 10, '住宅保険', 1),
(60, 10, 'その他', 1),
(61, 11, '年金', 1),
(62, 11, '所得税', 1),
(63, 11, '消費税', 1),
(64, 11, '住民税', 1),
(65, 11, '個人事業税', 1),
(66, 11, 'その他', 1),
(67, 12, '旅行', 1),
(68, 12, '住宅', 1),
(69, 12, '自動車', 1),
(70, 12, 'バイク', 1),
(71, 12, '結婚', 1),
(72, 12, '出産', 1),
(73, 12, '介護', 1),
(74, 12, '家具', 1),
(75, 12, '家電', 1),
(76, 12, 'その他', 1),
(77, 13, 'ガソリン', 1),
(78, 13, '駐車場', 1),
(79, 13, '自動車保険', 1),
(80, 13, '自動車税', 1),
(81, 13, '自動車ローン', 1),
(82, 13, '免許教習', 1),
(83, 13, '高速料金', 1),
(84, 13, 'その他', 1),
(85, 14, '仕送り', 1),
(86, 14, 'お小遣い', 1),
(87, 14, '使途不明金', 1),
(88, 14, '立替金', 1),
(89, 14, '未分類', 1),
(90, 14, '現金の引出', 1),
(91, 14, 'カードの引落', 1),
(92, 14, '電子マネーにチャージ', 1),
(93, 14, 'その他', 1),
(94, 15, 'レジャー', 1),
(95, 15, 'イベント', 1),
(96, 15, '映画・動画', 1),
(97, 15, '音楽', 1),
(98, 15, '漫画', 1),
(99, 15, '書籍', 1),
(100, 15, 'ゲーム', 1),
(101, 15, 'その他', 1);

--
-- Indexes for dumped tables
--

--
-- Indexes for table `account`
--
ALTER TABLE `account`
  ADD PRIMARY KEY (`id`),
  ADD UNIQUE KEY `credit_id_uindex` (`id`),
  ADD KEY `account_fk` (`owner`);

--
-- Indexes for table `csv`
--
ALTER TABLE `csv`
  ADD PRIMARY KEY (`id`),
  ADD UNIQUE KEY `csv_id_uindex` (`id`),
  ADD KEY `csv_fk` (`account_id`);

--
-- Indexes for table `income_expense`
--
ALTER TABLE `income_expense`
  ADD PRIMARY KEY (`id`),
  ADD UNIQUE KEY `income_expense_id_uindex` (`id`),
  ADD KEY `income_expense_csv_fk` (`csv`),
  ADD KEY `income_expense_member_fk` (`member`),
  ADD KEY `income_expense_type_fk` (`type`);

--
-- Indexes for table `member`
--
ALTER TABLE `member`
  ADD PRIMARY KEY (`id`),
  ADD UNIQUE KEY `member_id_uindex` (`id`);

--
-- Indexes for table `type`
--
ALTER TABLE `type`
  ADD PRIMARY KEY (`id`),
  ADD UNIQUE KEY `type_id_uindex` (`id`);

--
-- Indexes for table `type_detail`
--
ALTER TABLE `type_detail`
  ADD PRIMARY KEY (`id`),
  ADD UNIQUE KEY `type_detail_id_uindex` (`id`),
  ADD KEY `type_detail_fk` (`type`);

--
-- AUTO_INCREMENT for dumped tables
--

--
-- AUTO_INCREMENT for table `account`
--
ALTER TABLE `account`
  MODIFY `id` tinyint(4) NOT NULL AUTO_INCREMENT, AUTO_INCREMENT=19;
--
-- AUTO_INCREMENT for table `csv`
--
ALTER TABLE `csv`
  MODIFY `id` int(11) NOT NULL AUTO_INCREMENT, AUTO_INCREMENT=87;
--
-- AUTO_INCREMENT for table `income_expense`
--
ALTER TABLE `income_expense`
  MODIFY `id` int(11) NOT NULL AUTO_INCREMENT, AUTO_INCREMENT=1308;
--
-- AUTO_INCREMENT for table `member`
--
ALTER TABLE `member`
  MODIFY `id` tinyint(3) NOT NULL AUTO_INCREMENT, AUTO_INCREMENT=7;
--
-- AUTO_INCREMENT for table `type`
--
ALTER TABLE `type`
  MODIFY `id` tinyint(3) NOT NULL AUTO_INCREMENT, AUTO_INCREMENT=22;
--
-- AUTO_INCREMENT for table `type_detail`
--
ALTER TABLE `type_detail`
  MODIFY `id` tinyint(3) NOT NULL AUTO_INCREMENT, AUTO_INCREMENT=102;
--
-- ダンプしたテーブルの制約
--

--
-- テーブルの制約 `account`
--
ALTER TABLE `account`
  ADD CONSTRAINT `account_fk` FOREIGN KEY (`owner`) REFERENCES `member` (`id`);

--
-- テーブルの制約 `csv`
--
ALTER TABLE `csv`
  ADD CONSTRAINT `csv_fk` FOREIGN KEY (`account_id`) REFERENCES `account` (`id`);

--
-- テーブルの制約 `income_expense`
--
ALTER TABLE `income_expense`
  ADD CONSTRAINT `income_expense_csv_fk` FOREIGN KEY (`csv`) REFERENCES `csv` (`id`),
  ADD CONSTRAINT `income_expense_member_fk` FOREIGN KEY (`member`) REFERENCES `member` (`id`),
  ADD CONSTRAINT `income_expense_type_fk` FOREIGN KEY (`type`) REFERENCES `type` (`id`);

--
-- テーブルの制約 `type_detail`
--
ALTER TABLE `type_detail`
  ADD CONSTRAINT `type_detail_fk` FOREIGN KEY (`type`) REFERENCES `type` (`id`);

/*!40101 SET CHARACTER_SET_CLIENT=@OLD_CHARACTER_SET_CLIENT */;
/*!40101 SET CHARACTER_SET_RESULTS=@OLD_CHARACTER_SET_RESULTS */;
/*!40101 SET COLLATION_CONNECTION=@OLD_COLLATION_CONNECTION */;
