-- phpMyAdmin SQL Dump
-- version 4.5.2
-- http://www.phpmyadmin.net
--
-- Host: localhost
-- Generation Time: 2017 年 2 月 24 日 20:15
-- サーバのバージョン： 10.1.19-MariaDB
-- PHP Version: 7.0.13

SET SQL_MODE = "NO_AUTO_VALUE_ON_ZERO";
SET time_zone = "+00:00";


/*!40101 SET @OLD_CHARACTER_SET_CLIENT=@@CHARACTER_SET_CLIENT */;
/*!40101 SET @OLD_CHARACTER_SET_RESULTS=@@CHARACTER_SET_RESULTS */;
/*!40101 SET @OLD_COLLATION_CONNECTION=@@COLLATION_CONNECTION */;
/*!40101 SET NAMES utf8mb4 */;

--
-- Database: `mamazon`
--
CREATE DATABASE IF NOT EXISTS `mamazon` DEFAULT CHARACTER SET utf8 COLLATE utf8_general_ci;
USE `mamazon`;

-- --------------------------------------------------------

--
-- テーブルの構造 `branch`
--

CREATE TABLE `branch` (
  `id` tinyint(3) NOT NULL,
  `platform` tinyint(3) NOT NULL DEFAULT '1',
  `name` varchar(10) NOT NULL
) ENGINE=InnoDB DEFAULT CHARSET=utf8;

-- --------------------------------------------------------

--
-- テーブルの構造 `brand`
--

CREATE TABLE `brand` (
  `id` tinyint(3) UNSIGNED ZEROFILL NOT NULL,
  `japanese_name` varchar(20) NOT NULL,
  `chinese_name` varchar(20) NOT NULL,
  `english_name` varchar(20) NOT NULL
) ENGINE=InnoDB DEFAULT CHARSET=utf8;

--
-- テーブルのデータのダンプ `brand`
--

INSERT INTO `brand` (`id`, `japanese_name`, `chinese_name`, `english_name`) VALUES
(001, '花王', '花王', 'KAO'),
(015, 'ユニチャーム', '尤尼佳', 'MOONY'),
(016, 'グーン', '大王', 'GOON'),
(017, '明治', '明治', 'MEIJI'),
(018, 'アイクレオ', '固力果', 'ICREO'),
(019, '和光堂', '和光堂', 'WAKODO'),
(020, '森永', '森永', 'MORINAGA'),
(021, 'ベッタ', '贝塔', 'BETTA'),
(022, '犬印', '犬印', 'INUJIRUSHI'),
(023, 'ピジョン', '贝亲', 'PIGEON'),
(024, 'DACCO', '三洋', 'DACCO'),
(025, '龍角散', '龙角散', ' '),
(026, '小林製薬', '小林制药', ' '),
(027, '太田胃散', '太田胃散', ' '),
(028, '大正製薬', '大正制药', ' '),
(029, '佐藤製薬', '佐藤制药', ' '),
(030, '久光製薬', '久光制药', ' '),
(031, '救心製薬', '救心制药', ' '),
(032, 'ハーバー', 'HABA', ' '),
(033, 'FANCL', '芳珂', 'FANCL'),
(034, 'mama&kids', 'mama&kids', ' '),
(035, 'サーモス', '膳魔师', 'THERMOS'),
(036, 'タイガー', '虎牌', 'TIGER'),
(037, '象印', '象印', 'ZOJIRUSHI'),
(038, 'アトピコ', '阿B哥', 'ATOPICO'),
(039, 'ビオレ', '碧柔', 'BIORE'),
(040, '資生堂', '资生堂', 'SHISEIDO'),
(041, 'ワコール', '华歌尔', 'WACOAL'),
(042, '丸栄バイオファーマ', '丸荣', ' '),
(043, 'パンパース', '帮宝适', 'PAMPERS'),
(044, 'BELLE MAISON', '千趣会', 'SENSHUKAI'),
(045, '参天製薬', '参天', 'SANTEN'),
(046, 'ロート製薬', '乐敦', 'ROHTO'),
(047, 'ライオン', '狮王', 'LION'),
(048, '岡本', '冈本', 'OKAMOTO');

-- --------------------------------------------------------

--
-- テーブルの構造 `buy`
--

CREATE TABLE `buy` (
  `id` int(8) NOT NULL,
  `shop` tinyint(3) NOT NULL DEFAULT '1',
  `money` int(11) NOT NULL,
  `pay` tinyint(3) NOT NULL,
  `point+` int(11) DEFAULT '0',
  `point-` int(11) DEFAULT '0',
  `tiem` date NOT NULL
) ENGINE=InnoDB DEFAULT CHARSET=utf8;

-- --------------------------------------------------------

--
-- テーブルの構造 `buy_detail`
--

CREATE TABLE `buy_detail` (
  `id` int(11) NOT NULL,
  `buy` int(11) NOT NULL,
  `item` int(11) NOT NULL,
  `number` tinyint(3) NOT NULL DEFAULT '1',
  `price` tinyint(8) DEFAULT NULL
) ENGINE=InnoDB DEFAULT CHARSET=utf8;

-- --------------------------------------------------------

--
-- テーブルの構造 `item`
--

CREATE TABLE `item` (
  `id` int(10) UNSIGNED ZEROFILL NOT NULL,
  `brand` tinyint(3) UNSIGNED ZEROFILL DEFAULT NULL,
  `japanese_name` varchar(50) NOT NULL,
  `chinese_name` varchar(50) NOT NULL,
  `on_sale` int(11) DEFAULT '0',
  `ship` tinyint(4) NOT NULL DEFAULT '2',
  `weight` smallint(5) UNSIGNED ZEROFILL NOT NULL,
  `buying_price` int(11) NOT NULL DEFAULT '0',
  `cost` int(11) DEFAULT '0',
  `selling_price` int(11) NOT NULL DEFAULT '0',
  `shop` tinyint(3) NOT NULL DEFAULT '1',
  `link` varchar(300) DEFAULT NULL,
  `descripe` varchar(160) DEFAULT NULL,
  `sample` varchar(300) DEFAULT NULL,
  `kind` tinyint(3) UNSIGNED ZEROFILL DEFAULT NULL
) ENGINE=InnoDB DEFAULT CHARSET=utf8;

--
-- テーブルのデータのダンプ `item`
--

INSERT INTO `item` (`id`, `brand`, `japanese_name`, `chinese_name`, `on_sale`, `ship`, `weight`, `buying_price`, `cost`, `selling_price`, `shop`, `link`, `descripe`, `sample`, `kind`) VALUES
(0000000001, 001, 'メリーズ テープ 新生児 90枚', '尿不湿 新生儿/NB(～5kg) 90枚', 1, 5, 01800, 1325, 1865, 0, 2, '', '', 'https://detail.tmall.hk/hk/item.htm?spm=a1z10.5-b-s.w4011-14448547836.139.kxIIUb&id=40991830073&rn=27f9d30614f10f228d61726f7a60af46&abbucket=8', NULL),
(0000000002, 001, 'メリーズ テープ  S 82枚', '尿不湿 S(4～8kg) 82枚', 1, 5, 02000, 1410, 1869, 0, 1, '', '', 'https://detail.tmall.hk/hk/item.htm?spm=a1z10.5-b-s.w4011-14448547836.123.kxIIUb&id=40970419860&rn=27f9d30614f10f228d61726f7a60af46&abbucket=8', NULL),
(0000000003, 001, 'メリーズ テープ  M 64枚', '尿不湿 M(6～11kg) 64枚', 1, 5, 01900, 1428, 1998, 0, 3, '', '@@', 'https://detail.tmall.hk/hk/item.htm?spm=a1z10.5-b-s.w4011-14448547836.132.kxIIUb&id=41027020868&rn=27f9d30614f10f228d61726f7a60af46&abbucket=8', NULL),
(0000000004, 015, 'エアフィット S 84枚', '尿不湿 S(4～8kg) 84枚', 1, 5, 02300, 1360, 1914, 0, 1, '', '@@', 'https://detail.tmall.hk/hk/item.htm?spm=a1z10.3-b-s.w4011-14448547843.104.Lo2C5l&id=41089149782&rn=d29a33f98434804273b60ff983b83d06&abbucket=8', NULL),
(0000000005, 015, 'エアフィット 新生児 90枚', '尿不湿 新生儿/NB(～5kg) 90枚', 1, 5, 01800, 1360, 1764, 0, 1, '', '@@', 'https://detail.tmall.hk/hk/item.htm?spm=a1z10.3-b-s.w4011-14448547843.102.Lo2C5l&id=41102388884&rn=d29a33f98434804273b60ff983b83d06&abbucket=8', NULL),
(0000000006, 015, 'エアフィット M 64枚', '尿不湿 M(6～11kg) 64枚', 1, 5, 02100, 1390, 1881, 0, 1, '', '@@', 'https://detail.tmall.hk/hk/item.htm?spm=a1z10.3-b-s.w4011-14448547843.99.Lo2C5l&id=41068006088&rn=d29a33f98434804273b60ff983b83d06&abbucket=8', NULL),
(0000000007, 015, 'エアフィット L 54枚', '尿不湿 L(9～14kg) 54枚', 1, 5, 01800, 1360, 1764, 0, 1, '', '@@', 'https://detail.tmall.hk/hk/item.htm?spm=a1z10.3-b-s.w4011-14448547843.101.Lo2C5l&id=41103876282&rn=d29a33f98434804273b60ff983b83d06&abbucket=8', NULL),
(0000000008, 001, 'メリーズ パンツ M 58枚', '拉拉裤 M(6～11kg) 58枚', 1, 5, 02200, 1410, 1929, 0, 1, '', '@@', 'https://detail.tmall.hk/hk/item.htm?spm=a1z10.5-b-s.w4011-14448547836.131.9HvjPH&id=41943063168&rn=3f89e1b7d0d0a43a0b5adad6ea2509a9&abbucket=8', NULL),
(0000000009, 001, 'メリーズ パンツ L 44枚', '拉拉裤 L(9～14kg) 44枚', 1, 5, 01500, 1410, 1719, 0, 1, '', '@@', 'https://detail.tmall.hk/hk/item.htm?spm=a1z10.5-b-s.w4011-14448547836.151.9HvjPH&id=41041252273&rn=3f89e1b7d0d0a43a0b5adad6ea2509a9&abbucket=8', NULL),
(0000000010, 016, '天使の産着 新生児 62枚', '天使 尿不湿 新生儿/NB(～5kg) 62枚', 1, 5, 01500, 1480, 1930, 0, 2, NULL, '@@', NULL, NULL),
(0000000011, 016, '天使の産着 S 58枚', '天使 尿不湿 S(4～8kg) 58枚', 1, 5, 01500, 1480, 1930, 0, 2, NULL, '@@', NULL, NULL),
(0000000012, 016, '天使の産着 M 46枚', '天使 尿不湿 M(6～11kg) 46枚', 1, 5, 01400, 1780, 2200, 0, 2, '', '@@', 'https://detail.tmall.hk/hk/item.htm?spm=a1z10.5-b-s.w4011-14448547836.134.TEXgEY&id=530945228158&rn=e9038de21269e4ebf0e18cd536e3c0e9&abbucket=8', NULL),
(0000000013, 016, '天使の産着 L 38枚', '天使 尿不湿 L(9～14kg) 38枚', 1, 5, 01300, 2380, 2770, 0, 2, '', '', 'https://detail.tmall.hk/hk/item.htm?spm=a1z10.5-b-s.w4011-14448547836.100.TEXgEY&id=530897090644&rn=e9038de21269e4ebf0e18cd536e3c0e9&abbucket=8', NULL),
(0000000014, 017, '明治 ほほえみ 800g', '奶粉 一段/1段(～1岁) 800克', 1, 5, 01000, 2170, 2253, 0, 1, '', '@@', 'https://detail.tmall.hk/hk/item.htm?spm=a220o.1000855.1998025129.1.r1tfW0&id=38697249645&pvid=af3360da-1ba6-43a1-b109-497f3fe4610e&abbucket=_AB-M32_B9&acm=03054.1003.1.971095&aldid=okR2IORA&abtest=_AB-LR32-PR32&scm=1007.12559.40794.100200300000000&pos=1', NULL),
(0000000015, 017, '明治 ステップ 820g', '奶粉 二段/2段(1～3岁) 820克', 1, 5, 01000, 1690, 1821, 0, 1, '', '@@', 'https://detail.tmall.hk/hk/item.htm?spm=a230r.1.14.1.vAVz5a&id=38972752728&cm_id=140105335569ed55e27b&abbucket=17', NULL),
(0000000016, 018, 'アイクレオ バランスミルク 800g', '奶粉 一段/1段(～9个月) 800克', 1, 5, 01000, 2690, 2721, 0, 1, '', '@@', 'https://detail.tmall.hk/hk/item.htm?spm=a220o.1000855.1998025129.1.k92XIf&id=38436727184&pvid=b7048dd3-4304-4210-89ea-59d82b03d163&abbucket=_AB-M32_B9&acm=03054.1003.1.971095&aldid=fcXOqu6v&abtest=_AB-LR32-PR32&scm=1007.12559.40794.100200300000000&pos=1', NULL),
(0000000017, 018, 'アイクレオ フォローアップミルク 820g', '奶粉 二段/2段(9个月～3岁) 820克', 1, 5, 01000, 2030, 2127, 0, 1, '', '@@', 'https://detail.tmall.hk/hk/item.htm?spm=a1z10.5-b-s.w4011-14870325012.83.K3rFII&id=38526113191&rn=ee634c390a53716f020d4adbe9e38a91&abbucket=8', NULL),
(0000000018, 019, 'はいはい 850g', '奶粉 一段/1段(～9个月) 850克', 1, 5, 01100, 1970, 2103, 0, 1, '', '@@', 'https://detail.tmall.hk/hk/item.htm?spm=a1z10.3-b-s.w4011-14870182976.146.dKHAkt&id=38940551247&rn=eda44e13f51f9090d11cd56f513325ea&abbucket=8', NULL),
(0000000019, 019, 'ぐんぐん 850g', '奶粉 二段/2段(9个月～3岁) 850克', 1, 5, 01100, 1391, 1721, 0, 6, '', '@@', 'https://detail.tmall.hk/hk/item.htm?spm=a1z10.3-b-s.w4011-14870182976.143.dKHAkt&id=38952747862&rn=eda44e13f51f9090d11cd56f513325ea&abbucket=8', NULL),
(0000000020, 020, '森永はぐくみ 810g', '奶粉 一段/1段(～1岁) 810克', 1, 5, 01000, 2055, 2355, 0, 6, 'http://store.shopping.yahoo.co.jp/matsumotokiyoshi/4902720109116.html', '@@', 'https://detail.tmall.hk/hk/item.htm?spm=a1z10.3-b-s.w4011-14870182976.170.dKHAkt&id=38887808078&rn=eda44e13f51f9090d11cd56f513325ea&abbucket=8', NULL),
(0000000021, 020, '森永 チルミル 820g', '奶粉 二段/2段(1～3岁) 820克', 1, 5, 01000, 1548, 1848, 0, 6, '', '@@', 'https://detail.tmall.hk/hk/item.htm?spm=a1z10.3-b-s.w4011-14870182976.161.dKHAkt&id=38710280135&rn=eda44e13f51f9090d11cd56f513325ea&abbucket=8', NULL),
(0000000022, 021, 'ブレイン PPSU発売記念 S3セット', '智能PPSU奶瓶套装', 1, 2, 00600, 9200, 9616, 0, 4, 'http://www.betta.co.jp/products/detail.php?product_id=750', '(1,智能PPSUl240ml奶瓶 2,智能PPSU120m奶瓶l 3,betta专用马毛瓶刷2件套 4,替换奶瓶盖 5,漏斗 6,奶瓶保温套（随机,8色可选,请留言备注） 7,奶瓶清洗液150ml)@@', '', NULL),
(0000000024, 021, 'ジュエル ママパパ安心 セット', '钻石玻璃+PPSU奶瓶套装', 1, 2, 00800, 12900, 13442, 0, 4, NULL, '(1,钻石玻璃150ml奶瓶 2,钻石PPSU240ml奶瓶 3,钻石PPSU120ml奶瓶 4,专用马毛瓶刷2件套 5,奶瓶 清洗液150ML瓶装 6,钻石×型奶嘴2枚盒装 7,漏斗 8,替换奶盖 9,奶瓶保温套（13色可选, 不留言则随机发货))@@', NULL, NULL),
(0000000025, 021, 'ジュエル S2-Bee セット', '宝石PPSU奶瓶套装', 1, 2, 00600, 8700, 9126, 0, 4, 'http://www.betta.co.jp/products/detail.php?product_id=607', '(1,宝石PPSUl240ml奶瓶 2,宝石PPSU120m奶瓶l 3,专用马毛瓶刷2件套 4,替换奶瓶盖 5,漏斗 6,奶瓶保温套（随机,8色可选,请留言备注） 7,奶瓶清洗液150ml)@@', '', NULL),
(0000000026, 021, 'ジュエル  PPSU セット', '宝石PPSU奶瓶套装', 1, 2, 00600, 8600, 9028, 0, 4, 'http://www.betta.co.jp/products/detail.php?product_id=756', '(1,宝石PPSUl240ml奶瓶 2,宝石PPSU120m奶瓶 3,专用马毛瓶刷2件套 4,宝石x型奶嘴2枚盒装 5,漏斗 6,奶瓶保温套（随机,8色可选,请留言备注))@@', '', NULL),
(0000000027, 022, 'S3054', '产后束腹收腹带 S3054 3L', 1, 2, 00200, 3456, 3656, 0, 5, 'http://www.inujirushi-shop.jp/shopdetail/009001000003/009/001/X/page1/brandname/', '', 'https://detail.tmall.com/item.htm?spm=a220m.1000858.1000725.13.2YwJra&id=41099426192&skuId=63709622172&areaId=210321&cat_id=52792006&rn=5ab732a47ad5bc8726cc0be92c83e986&user_id=2197280603&is_b=1', NULL),
(0000000028, 022, 'G4508', '产后束腹收腹带 G4508 ', 1, 2, 00200, 4860, 5060, 0, 5, 'http://www.inujirushi-shop.jp/shopdetail/000000003200/009/003/X/page1/brandname/', '', '', NULL),
(0000000029, 022, 'N3810', '产后骨盆矫正恢复带 N3810 2L,3L', 1, 2, 00200, 4320, 4520, 0, 5, 'http://www.inujirushi-shop.jp/shopdetail/000000003302/009/001/X/page1/brandname/', '', 'https://detail.tmall.hk/hk/item.htm?spm=a1z10.3-b-s.w4011-14711361056.171.1VPac3&id=535702512337&rn=04b7d7d2e6c2e1fc13b5bbf0194551aa&abbucket=8&sku_properties=1627207:28341', NULL),
(0000000030, 022, 'HB8055', '孕妇产前托腹带 HB8055 3L', 1, 2, 00200, 3888, 4088, 0, 5, 'http://www.inujirushi-shop.jp/shopdetail/000000003201/015/001/X/page1/brandname/', '', 'https://detail.tmall.com/item.htm?spm=a1z10.3-b-s.w4011-14569094593.137.by0wWa&id=41080603404&rn=976bc40fc1672517bdeb73800ff87abf&abbucket=8', NULL),
(0000000031, 022, 'BR1569', '孕妇哺乳文胸 BR1569 5l', 1, 2, 00200, 2484, 2684, 0, 5, 'http://www.inujirushi-shop.jp/shopdetail/000000003130/003/O/page1/brandname/', '', 'https://detail.tmall.com/item.htm?spm=a1z10.3-b-s.w4011-14569094593.122.by0wWa&id=41098402807&rn=976bc40fc1672517bdeb73800ff87abf&abbucket=8', NULL),
(0000000032, 023, '母乳実感 乳首', '奶嘴 1盒2个', 1, 2, 00100, 1020, 1017, 0, 1, NULL, 'SS(出生～) S(1个月～) M(3个月～) L(6个月～) @ ＠SS,S,M,L', NULL, NULL),
(0000000033, 023, '母乳実感 哺乳びん ガラス 160ml', '玻璃奶瓶 160ml (出生～) ', 1, 2, 00200, 1910, 1918, 0, 1, NULL, '@黄色,绿色＠', NULL, NULL),
(0000000034, 023, '母乳実感 哺乳びん ガラス 240ml', '玻璃奶瓶 240ml (3个月～) ', 1, 2, 00300, 2110, 2198, 0, 1, NULL, '@黄色,绿色＠', NULL, NULL),
(0000000035, 023, '母乳実感 哺乳びん プラスチック 160ml', '树脂奶瓶 160ml (出生～) ', 1, 2, 00100, 1730, 1657, 0, 1, 'http://www.yodobashi.com/%E3%83%94%E3%82%B8%E3%83%A7%E3%83%B3-pigeon-%E6%AF%8D%E4%B9%B3%E5%AE%9F%E6%84%9F%E5%93%BA%E4%B9%B3%E3%81%B3%E3%82%93-%E3%83%97%E3%83%A9%E3%82%B9%E3%83%81%E3%83%83%E3%82%AF-240ml-%E3%83%9F%E3%83%83%E3%82%AD%E3%83%BC-%E5%AF%BE%E8%B1%A1%E6%9C%88%E9%BD%A2%EF%BC%9A3%E3%83%B5%E6%9', '', '', NULL),
(0000000036, 023, '母乳実感 哺乳びん プラスチック 240ml', '树脂奶瓶 240ml (3个月～) ', 1, 2, 00100, 1675, 1775, 0, 2, 'http://www.yodobashi.com/%E3%83%94%E3%82%B8%E3%83%A7%E3%83%B3-pigeon-%E6%AF%8D%E4%B9%B3%E5%AE%9F%E6%84%9F%E5%93%BA%E4%B9%B3%E3%81%B3%E3%82%93-%E3%83%97%E3%83%A9%E3%82%B9%E3%83%81%E3%83%83%E3%82%AF-240ml-%E3%83%9F%E3%83%83%E3%82%AD%E3%83%BC-%E5%AF%BE%E8%B1%A1%E6%9C%88%E9%BD%A2%EF%BC%9A3%E3%83%B5%E6%9', '', '', NULL),
(0000000037, 023, '母乳実感 哺乳びん プラスチック 160ml', '树脂奶瓶 160ml (出生～) ', 1, 2, 00100, 1830, 1747, 0, 1, 'http://www.yodobashi.com/%E3%83%94%E3%82%B8%E3%83%A7%E3%83%B3-pigeon-%E6%AF%8D%E4%B9%B3%E5%AE%9F%E6%84%9F%E5%93%BA%E4%B9%B3%E3%81%B3%E3%82%93-%E3%83%97%E3%83%A9%E3%82%B9%E3%83%81%E3%83%83%E3%82%AF-240ml-%E3%83%9F%E3%83%83%E3%82%AD%E3%83%BC-%E5%AF%BE%E8%B1%A1%E6%9C%88%E9%BD%A2%EF%BC%9A3%E3%83%B5%E6%9', '', '', NULL),
(0000000038, 023, '母乳実感 哺乳びん プラスチック 240ml', '树脂奶瓶 240ml (3个月～) ', 1, 2, 00100, 1910, 1819, 0, 1, 'http://www.yodobashi.com/%E3%83%94%E3%82%B8%E3%83%A7%E3%83%B3-pigeon-%E6%AF%8D%E4%B9%B3%E5%AE%9F%E6%84%9F%E5%93%BA%E4%B9%B3%E3%81%B3%E3%82%93-%E3%83%97%E3%83%A9%E3%82%B9%E3%83%81%E3%83%83%E3%82%AF-240ml-%E3%83%9F%E3%83%83%E3%82%AD%E3%83%BC-%E5%AF%BE%E8%B1%A1%E6%9C%88%E9%BD%A2%EF%BC%9A3%E3%83%B5%E6%9', '', '', NULL),
(0000000040, 023, 'ピジョン スポンジブラシ', '树脂奶瓶专用刷子', 0, 2, 00100, 432, 488, 0, 1, NULL, '@@', NULL, NULL),
(0000000041, 023, 'ピジョン ナイロンブラシ', '玻璃奶瓶专用刷子', 0, 2, 00100, 424, 481, 0, 1, NULL, '@@', NULL, NULL),
(0000000042, 023, 'ピジョン さく乳器 電動', '电动吸奶器/榨乳器', 1, 2, 00600, 6080, 6072, 500, 1, '', '@@', '', NULL),
(0000000043, 023, 'ピジョン さく乳器 手動', '手动吸奶器/榨乳器', 1, 2, 00400, 3450, 3505, 300, 1, '', '@@', '', NULL),
(0000000044, 023, 'ピジョン びんポーチ', '奶瓶专用袋子', 0, 2, 00200, 1380, 1441, 0, 1, NULL, '@白色,黑色@', NULL, NULL),
(0000000045, 021, 'ジュエル  GC3-150', '宝石/钻石 玻璃奶瓶 GC3-150', 1, 2, 00300, 2700, 2946, 0, 4, 'http://www.betta.co.jp/products/detail.php?product_id=549', '@@', '', NULL),
(0000000046, 021, 'ジュエル  240ML', '宝石/钻石 PPSU树脂奶瓶 240ML', 1, 2, 00100, 2200, 2256, 0, 4, 'http://www.betta.co.jp/products/detail.php?product_id=758', '@蜜蜂,普通@', '', NULL),
(0000000047, 021, 'ジュエル  120ML', '宝石/钻石 PPSU树脂奶瓶 120ML', 1, 2, 00100, 2100, 2158, 0, 4, 'http://www.betta.co.jp/products/detail.php?product_id=759', '@蜜蜂,普通@', '', NULL),
(0000000048, 021, 'ブレイン  GF4-150', '智能/智慧 玻璃奶瓶 GF4-150 ', 1, 2, 00300, 2800, 3044, 0, 4, 'http://www.betta.co.jp/products/detail.php?product_id=547', '@@', '', NULL),
(0000000049, 021, 'ブレイン  240ML', '智能/智慧 PPSU树脂奶瓶 240ML', 1, 2, 00100, 2500, 2550, 0, 4, 'http://www.betta.co.jp/products/detail.php?product_id=748', '@枫叶,普通@', '', NULL),
(0000000050, 021, 'ブレイン  120ML', '智能/智慧 PPSU树脂奶瓶 120ML', 1, 2, 00100, 2400, 2452, 0, 4, 'http://www.betta.co.jp/products/detail.php?product_id=749', '@枫叶,普通@', '', NULL),
(0000000051, 021, 'ブレイン替乳首', '智能/智慧  婴儿硅胶奶嘴 2个装', 1, 2, 00100, 920, 1002, 89, 4, 'http://www.betta.co.jp/products/detail.php?product_id=224', '@十字,圆孔@', '', NULL),
(0000000052, 021, 'スタンダード替乳首', '宝石/钻石 婴儿硅胶奶嘴 2个装', 1, 2, 00100, 760, 845, 79, 4, 'http://www.betta.co.jp/products/detail.php?product_id=336', '@十字,圆孔@', '', NULL),
(0000000053, 021, 'ミルクケース', '奶粉盒', 1, 2, 00100, 1800, 1864, 169, 4, 'http://www.betta.co.jp/products/detail.php?product_id=553', '@粉色,绿色@', '', NULL),
(0000000054, 021, '専用ブラシセット', '纯天然白马毛奶瓶奶嘴刷套装', 1, 2, 00100, 1100, 1178, 99, 4, 'http://www.betta.co.jp/products/detail.php?product_id=457', '@@', '', NULL),
(0000000055, 021, 'ロート・フラワー', '花型奶粉奶瓶漏斗', 1, 2, 00100, 460, 551, 49, 4, 'http://www.betta.co.jp/products/detail.php?product_id=478', '@深粉,浅粉@', '', NULL),
(0000000056, 021, '保温ポーチ', '奶瓶保温袋', 1, 2, 00200, 2400, 2552, 0, 4, NULL, '@@', NULL, NULL),
(0000000057, 021, '保温ポーチ', '奶瓶保温袋', 1, 2, 00200, 2600, 2748, 0, 4, NULL, '@绿色,蓝色@', NULL, NULL),
(0000000058, 021, 'シュガーウォッシュ 150ml', '纯天然奶瓶洗涤清洗清洁剂 150ml', 1, 2, 00200, 1600, 1768, 149, 4, 'http://www.betta.co.jp/products/detail.php?product_id=363', '@@', '', NULL),
(0000000059, 021, 'シュガーウォッシュ 280ml', '纯天然奶瓶洗涤清洗清洁剂 280ml', 1, 2, 00300, 2200, 2456, 199, 4, 'http://www.betta.co.jp/products/detail.php?product_id=364', '@@', '', NULL),
(0000000060, 021, 'シュガーウォッシュ 400ml', '纯天然奶瓶洗涤清洗清洁剂 400ml', 1, 2, 00500, 3000, 3440, 269, 4, 'http://www.betta.co.jp/products/detail.php?product_id=710', '@@', '', NULL),
(0000000061, 021, 'シュガーウォッシュ詰替用 400ml', '奶瓶洗涤剂 400ml 袋装', 1, 2, 00500, 2400, 2852, 209, 4, 'http://www.betta.co.jp/products/detail.php?product_id=365', '@@', '', NULL),
(0000000062, 022, 'HB8149', '产前产后骨盆矫正带 HB8149 2L', 1, 2, 00200, 5076, 5276, 0, 5, 'http://www.inujirushi-shop.jp/shopdetail/000000003216/ct116/page1/brandname/', '加强型收胯提臀 ＠黑色,粉色＠M,L,2L', 'https://detail.tmall.com/item.htm?spm=a1z10.3-b-s.w4011-14569094593.157.by0wWa&id=41098690738&rn=976bc40fc1672517bdeb73800ff87abf&abbucket=8', NULL),
(0000000063, 024, 'ウエストニッパー', '产后束腹收腹带', 1, 2, 00200, 3240, 3440, 0, 2, NULL, '加强型收胯提臀 ＠＠SS,S,M,L,2L3L', NULL, NULL),
(0000000064, 024, 'ダッコ キュッとベルト', '产后骨盆矫正恢复带 ', 1, 2, 00200, 3390, 3250, 0, 1, NULL, '均码 ＠＠', NULL, NULL),
(0000000065, 024, 'ウエストニッパー ＋ キュッとベルト', '产后束腹收腹带＋骨盆带', 1, 2, 00300, 6180, 6480, 0, 2, NULL, '＠＠SS,S,M,L,2L3L', NULL, NULL),
(0000000066, 023, 'ピジョン さく乳器 電動', '电动静音吸奶器/榨乳器', 1, 2, 00800, 9590, 9431, 750, 1, '', '', '', NULL),
(0000000067, 001, 'スリムガード', '卫生巾 乐尔雅LAURIER ', 0, 2, 00200, 386, 547, 0, 1, NULL, '17/20.5/25/30/35CM@@', NULL, NULL),
(0000000068, 023, 'ピジョン おしゃぶり', '安抚奶嘴 ', 0, 2, 00100, 565, 608, 60, 1, '', 'S(0个月～) M(3个月～) L(6个月～) @米奇,米妮 ＠S,M,L', 'https://detail.tmall.hk/hk/item.htm?spm=a1z10.3-b.w4011-6573925181.49.YkuQzh&id=41207380015&rn=5574f4199f87d741a905a95ef6b8fc7c&abbucket=8&sku_properties=162720', NULL),
(0000000069, 023, 'ピジョン ストローボトル トール', '带手柄吸管杯 330ml', 0, 2, 00200, 790, 911, 90, 1, '', '', 'https://detail.tmall.hk/hk/item.htm?spm=a1z10.3-b.w4011-6573925181.376.o85Owz&id=38731511215&rn=5ca46a566fdad2e09746a62241d84784', NULL),
(0000000070, 019, 'シッカロールナチュラル', '爽身粉新生婴幼儿宝宝痱子粉', 0, 2, 00200, 496, 646, 65, 1, '', '纯天然植物0刺激120克 @@', 'https://detail.tmall.hk/hk/item.htm?spm=a1z10.3-b.w4011-6573925181.174.pcXFkH&id=38748502407&rn=cc7bb13e84c19816fc196581c1d9a0db&abbucket=8', NULL),
(0000000071, 025, '龍角散 ダイレクト', '止咳化痰润喉 16包', 0, 2, 00100, 592, 632, 0, 1, NULL, '@蓝色,粉色 ＠', NULL, NULL),
(0000000072, 023, 'ベビークリアオイル', '纯天然婴儿植物精油按摩油 80ml', 0, 2, 00100, 440, 496, 50, 1, 'http://www.yodobashi.com/ec/product/100000001002153570/index.html?gad1=&gad2=g&gad3=&gad4=56278881131&gad5=17350054342670690717&gad6=1o1&xfr=pla&gclid=CN-truSZq', '', '', NULL),
(0000000073, 026, '小林製薬 熱さまシート', '婴儿儿童退热贴退烧贴', 0, 2, 00300, 475, 728, 0, 1, '', '粉色12片（0-2岁）, 蓝色16片（2岁以上）@蓝色,粉色 ＠\r\n日本最大制药企业－小林制药生产原装婴幼儿冷却贴、冰宝贴。可8小时提供清凉感觉。采用物理疗法给发烧的宝宝缓解因发热酸痛带来的不适感。头疼、牙疼、肌肉酸疼的成人也可使用，是宝宝家庭需要常备的用品。', '', NULL),
(0000000074, 027, '太田胃散分包 16包', '太田胃散 16包', 0, 2, 00100, 523, 570, 0, 1, NULL, '@＠', NULL, NULL),
(0000000075, 027, '太田胃散分包 32包', '太田胃散 32包', 0, 2, 00100, 995, 995, 0, 1, NULL, '@＠', NULL, NULL),
(0000000076, 027, '太田胃散分包 48包', '太田胃散 48包', 0, 2, 00100, 1220, 1197, 0, 1, NULL, '@＠', NULL, NULL),
(0000000077, 028, 'パブロンゴールドA<微粒>', '综合感冒药 44包', 0, 2, 00200, 1499, 1699, 0, 2, NULL, '@＠', NULL, NULL),
(0000000078, 028, 'パブロンゴールドA<微粒>', '综合感冒药 28包', 0, 2, 00100, 1048, 1148, 0, 2, NULL, '@＠', NULL, NULL),
(0000000079, 029, 'ナザール「スプレー」 ポンプ ', '鼻炎喷剂 30毫升', 0, 2, 00100, 440, 495, 0, 1, NULL, '@＠', NULL, NULL),
(0000000080, 030, 'サロンパスAe 140枚 ', '萨隆巴斯 镇痛贴140枚', 0, 2, 00200, 698, 953, 0, 7, NULL, '@＠', NULL, NULL),
(0000000081, 026, '小林製薬 ニノキュア ', '胳膊手大腿去鸡皮去角质软化毛囊膏', 0, 2, 00100, 1030, 1027, 0, 1, 'http://www.yodobashi.com/%E5%B0%8F%E6%9E%97%E8%A3%BD%E8%96%AC-%E3%83%8B%E3%83%8E%E3%82%AD%E3%83%A5%E3%82%A2-30g-%E7%AC%AC3%E9%A1%9E%E5%8C%BB%E8%96%AC%E5%93%81%E6%89%8B%E6%8C%87%E3%81%AE%E8%8D%92%E3%82%8C%E3%83%BB%E8%A7%92%E5%8C%96%E7%97%87/pd/100000001002368416/', '30g @蓝色,粉色 ＠', '', NULL),
(0000000082, 026, '小林製薬 命の母A 420錠 ', '命之母', 0, 2, 00200, 1900, 1909, 0, 1, NULL, '改善调理女性保健更年期障害 420粒 每日3次 每次4粒 35日量 @蓝色,粉色 ＠', NULL, NULL),
(0000000083, 026, '小林製薬 命の母A 840錠 ', '命之母', 0, 2, 00400, 3650, 3684, 0, 1, NULL, '改善调理女性保健更年期障害 840粒 每日3次 每次4粒 70日量 @＠', NULL, NULL),
(0000000084, 026, '小林製薬 命の母A 252錠 ', '命之母', 0, 2, 00200, 1490, 1540, 0, 1, NULL, '改善调理女性保健更年期障害 252粒 每日3次 每次4粒 21日量 @＠', NULL, NULL),
(0000000085, 026, 'サカムケア ', '防水液体创可贴', 0, 2, 00100, 753, 777, 0, 1, NULL, '10g @＠', NULL, NULL),
(0000000086, 028, '口内炎パッチ大正A ', '口腔溃疡贴口内炎贴 10片', 0, 2, 00100, 720, 820, 0, 2, NULL, '@＠', NULL, NULL),
(0000000087, 029, 'ポリベビー 50g', '婴儿护臀膏宝宝儿童湿疹膏 50g', 0, 2, 00100, 665, 698, 0, 1, '', '这款湿疹膏可以有效治疗宝宝尿布疹（红屁股）、痱子、湿疹等常见皮肤问题，携带方便随处可用。', '', NULL),
(0000000088, 031, '救心 30粒', '救心丸 30粒', 0, 2, 00100, 2030, 1926, 0, 1, NULL, '@＠', NULL, NULL),
(0000000089, 031, '救心 60粒', '救心丸 60粒', 0, 2, 00100, 3790, 3510, 0, 1, NULL, '@＠', NULL, NULL),
(0000000090, 031, '救心 120粒', '救心丸 120粒', 0, 2, 00100, 6890, 6300, 0, 1, NULL, '@＠', NULL, NULL),
(0000000091, 032, 'Gローション 180ml', 'G露保湿柔肤水180ml', 0, 2, 00300, 1944, 2244, 0, 8, NULL, '@＠', NULL, NULL),
(0000000092, 032, '薬用VCローション 180ml', '润白柔肤水VC补水保湿180ml', 0, 2, 00300, 3456, 3756, 0, 8, NULL, '@＠', NULL, NULL),
(0000000093, 032, 'スクワラン 15ml', '无添加鲨烷美白美容油 15ml', 0, 2, 00100, 1512, 1612, 0, 8, NULL, '@＠', NULL, NULL),
(0000000094, 032, 'スクワラン 30ml', '无添加鲨烷美白美容油 30ml', 0, 2, 00100, 2700, 2800, 0, 8, NULL, '@＠', NULL, NULL),
(0000000095, 032, 'スクワラン 60ml', '无添加鲨烷美白美容油 60ml', 0, 2, 00100, 4968, 5068, 0, 8, NULL, '@＠', NULL, NULL),
(0000000096, 032, 'スクワラン 120ml', '无添加鲨烷美白美容油 120ml', 0, 2, 00200, 9180, 9380, 0, 8, NULL, '@＠', NULL, NULL),
(0000000097, 032, '薬用ホワイトニングスクワラン 15ml', '无添加鲨烷美白美容油 15ml', 0, 2, 00100, 1728, 1828, 0, 8, NULL, '@＠', NULL, NULL),
(0000000098, 032, '薬用ホワイトニングスクワラン 30ml', '无添加鲨烷美白美容油 30ml', 0, 2, 00100, 3240, 3340, 0, 8, NULL, '@＠', NULL, NULL),
(0000000099, 032, '薬用ホワイトニングスクワラン 60ml', '无添加鲨烷美白美容油 60ml', 0, 2, 00100, 6048, 6148, 0, 8, NULL, '@＠', NULL, NULL),
(0000000100, 032, '薬用ホワイトレディ 10ml', '美白淡斑提亮肤色精华美容液 10ml', 0, 2, 00100, 1512, 1612, 0, 8, NULL, '@＠', NULL, NULL),
(0000000101, 032, '薬用ホワイトレディ 30ml', '美白淡斑提亮肤色精华美容液 30ml', 0, 2, 00100, 3888, 3988, 0, 8, NULL, '@＠', NULL, NULL),
(0000000102, 032, '薬用ホワイトレディ 60ml', '美白淡斑提亮肤色精华美容液 60ml', 0, 2, 00100, 6480, 6580, 0, 8, NULL, '@＠', NULL, NULL),
(0000000103, 033, 'マイルドクレンジング オイル', '无添加纳米卸妆液 120ml', 0, 2, 00200, 1836, 1944, 0, 9, NULL, '@＠', NULL, NULL),
(0000000104, 033, 'BC クレンジングオイル', 'BC抗老化卸妆油 120ml ', 0, 2, 00200, 3086, 3131, 0, 9, NULL, '@＠', NULL, NULL),
(0000000105, 033, '洗顔パウダー II しっとり', '柔滑洁面粉滋润型 50g', 0, 2, 00100, 1296, 1331, 0, 9, NULL, '@＠', NULL, NULL),
(0000000106, 033, '洗顔パウダー Ｉ さっぱり', '柔滑洁面粉清爽型 50g', 0, 2, 00100, 1296, 1331, 0, 9, NULL, '@＠', NULL, NULL),
(0000000107, 033, 'モイスト＆リフトマスク', 'DX胶原修护 保湿紧致面膜 6片装', 0, 2, 00200, 3726, 3739, 0, 9, NULL, '@＠', NULL, NULL),
(0000000108, 033, 'BC マスク', 'DBC面膜 6对装', 0, 2, 00200, 6172, 6063, 0, 9, NULL, '@＠', NULL, NULL),
(0000000109, 033, 'ホワイトニング マスク', '美白祛斑净白精华面膜 6片装', 0, 2, 00200, 3240, 3277, 0, 9, NULL, '@＠', NULL, NULL),
(0000000110, 033, 'HTCコラーゲンDX パウダー', 'HTC胶原蛋白粉末 30支30日 ', 0, 2, 00200, 3240, 3277, 0, 9, NULL, '@＠', NULL, NULL),
(0000000111, 034, 'ナチュラルマーククリーム', '孕妇预防妊娠纹护理乳液 470g ', 0, 2, 00600, 8100, 7890, 0, 10, 'http://www.natural-s.jp/shop/g/g241/', '@＠', 'https://detail.tmall.hk/hk/item.htm?spm=a1z10.3-b-s.w4011-14871333671.120.DfFfgb&id=536875539051&rn=815c62763533b602d3e203fabffc8c3f&abbucket=8', NULL),
(0000000112, 034, 'ナチュラルマーククリーム', '孕妇预防妊娠纹护理乳液 120g ', 0, 2, 00300, 2916, 2924, 0, 10, 'http://www.natural-s.jp/shop/g/g241/', '@＠', 'https://detail.tmall.hk/hk/item.htm?spm=a1z10.3-b-s.w4011-14871333671.120.n7gCwc&id=524902573168&rn=8f605db740028e5d659ea15889d8d716&abbucket=8', NULL),
(0000000113, 034, 'シャンプー＆トリートメント', '孕妇黑糖洗发水+护发素 720ml', 0, 2, 01200, 7600, 8039, 0, 10, NULL, '@＠', NULL, NULL),
(0000000114, 034, 'オリゴモイストシャンプー', '孕妇防产后脱发黑糖洗发水 720ml', 0, 2, 00900, 4104, 4593, 0, 10, NULL, '@＠', NULL, NULL),
(0000000115, 034, 'オリゴトリートメント', '孕妇防产后脱发黑糖护发素 720ml', 0, 2, 00900, 4104, 4593, 0, 10, NULL, '@＠', NULL, NULL),
(0000000116, 034, 'ベビーヘアシャンプー', '婴儿无添加低刺激洗发水 350ml', 0, 2, 00500, 1458, 1812, 0, 10, 'http://www.natural-s.jp/shop/g/g518/', '', 'https://detail.tmall.hk/hk/item.htm?spm=a1z10.3-b-s.w4011-14871333671.117.DfFfgb&id=524907684959&rn=815c62763533b602d3e203fabffc8c3f&abbucket=8', NULL),
(0000000117, 034, 'ベビー全身シャンプ', '婴儿无添加低刺激沐浴液 400ml', 0, 2, 00500, 1512, 1861, 0, 10, 'http://www.natural-s.jp/shop/g/g517/', '@＠', 'https://detail.tmall.hk/hk/item.htm?spm=a1z10.3-b-s.w4011-14871333671.113.c0WvKu&id=524907764124&rn=26aa078f8c482d2f03e1c7b1e5044bba&abbucket=8', NULL),
(0000000118, 034, 'ベビーミルキーローション', '婴儿羊水配方润肤乳液  380ml', 0, 2, 00500, 4536, 4582, 0, 10, 'http://www.natural-s.jp/shop/g/g519/', '', 'https://detail.tmall.hk/hk/item.htm?spm=a1z10.3-b-s.w4011-14871333671.123.DfFfgb&id=524999278714&rn=815c62763533b602d3e203fabffc8c3f&abbucket=8', NULL),
(0000000119, 034, 'ベビーミルキーローション', '婴儿羊水配方润肤乳液  150ml', 0, 2, 00300, 1944, 2050, 0, 10, 'http://www.natural-s.jp/shop/g/g521/', '', 'https://detail.tmall.hk/hk/item.htm?spm=a1z10.3-b-s.w4011-14871333671.105.6pWES0&id=524860627415&rn=d4a4c9d3939faef72a32edd47b00560a&abbucket=8', NULL),
(0000000120, 034, 'ベビーミルキークリーム', '婴儿天然无添加保湿面霜 75g', 0, 2, 00100, 1944, 1850, 0, 10, 'http://www.natural-s.jp/shop/g/g527/', '@＠', 'https://detail.tmall.hk/hk/item.htm?spm=a1z10.3-b-s.w4011-14871333671.129.DfFfgb&id=524905904937&rn=815c62763533b602d3e203fabffc8c3f&abbucket=8', NULL),
(0000000121, 034, 'ベビーミルキークリーム', '婴儿天然无添加保湿面霜 310g', 0, 2, 00400, 5400, 5259, 0, 10, NULL, '@＠', NULL, NULL),
(0000000122, 035, 'FFR-804WF', '儿童保温保冷两用杯 FFR-804WF ', 0, 2, 00700, 2618, 3318, 0, 2, 'https://www.amazon.co.jp/%E3%82%B5%E3%83%BC%E3%83%A2%E3%82%B9-%E7%9C%9F%E7%A9%BA%E6%96%AD%E7%86%B12WAY%E3%83%9C%E3%83%88%E3%83%AB-%E3%83%89%E3%83%83%E3%83%88%E3%83%94%E3%83%B3%E3%82%AF-FFR-804WF-D-P/dp/B00PPVIO52/ref=sr_1_1_m?ie=UTF8&qid=1473211656&sr=8-1&keywords=FFR-804WF', '', '', NULL),
(0000000123, 035, 'FFI-401FDS', '儿童保冷专用杯 FFI-401FDS', 0, 2, 00400, 2780, 2901, 0, 1, NULL, '350ML  中国产@＠', NULL, NULL),
(0000000124, 035, 'FFI-400F', '儿童保冷专用杯 FFI-400F', 0, 2, 00400, 2210, 2388, 0, 1, NULL, '350ML  中国产@＠', NULL, NULL),
(0000000125, 035, 'JBI-272', '焖烧杯 JBI-272', 0, 2, 00400, 2210, 2388, 0, 1, NULL, '270ML  中国产@＠', NULL, NULL),
(0000000126, 035, 'JBI-382', '焖烧杯 JBI-382', 0, 2, 00400, 2530, 2676, 0, 1, NULL, '380ML  中国产@＠', NULL, NULL),
(0000000127, 035, 'JBM-500', '焖烧杯 JBM-500', 0, 2, 00500, 2470, 2722, 0, 1, NULL, '500ML  中国产@＠', NULL, NULL),
(0000000128, 036, 'MCL-A025', '焖烧杯 MCL-A025', 0, 2, 00400, 1900, 2109, 0, 1, NULL, '250ML  中国产@＠', NULL, NULL),
(0000000129, 036, 'MCA-B025', '焖烧杯 MCA-B025', 0, 2, 00400, 2654, 3054, 0, 12, NULL, '250ML  中国产@＠', NULL, NULL),
(0000000130, 037, 'SW-HB45', '焖烧杯 SW-HB45', 0, 2, 00400, 3110, 3198, 0, 1, NULL, '450ML  泰国产@＠', NULL, NULL),
(0000000131, 037, 'SW-GC36', '焖烧杯 SW-GC36', 0, 2, 00400, 2750, 2874, 0, 1, NULL, '360ML  泰国产@＠', NULL, NULL),
(0000000132, 037, 'SC-MB60', '儿童保温保冷杯 SC-MB60', 0, 2, 00500, 2030, 2326, 0, 1, NULL, '600ML  泰国产@＠', NULL, NULL),
(0000000133, 037, 'SC-ZS45', '儿童保温保冷两用杯  SC-ZS45', 0, 2, 00700, 3480, 3831, 0, 1, NULL, '450ML  两个头（吸管➕杯盖）泰国产@＠', NULL, NULL),
(0000000134, 037, 'SM-KB48', '保温杯 SM-KB48', 0, 2, 00400, 2330, 2496, 0, 1, NULL, '480ML  泰国产@＠', NULL, NULL),
(0000000135, 037, 'SM-SA48', '保温杯 SM-SA48', 0, 2, 00400, 2940, 3045, 0, 1, NULL, '480ML  泰国产@＠', NULL, NULL),
(0000000136, 037, 'SM-JD48', '保温杯 SM-JD48', 0, 2, 00400, 2090, 2281, 0, 1, '', '', '', NULL),
(0000000137, 037, 'SM-JD36', '保温杯 SM-JD36', 0, 2, 00400, 1820, 2037, 0, 1, NULL, '360ML  泰国产@＠', NULL, NULL),
(0000000138, 037, 'SM-XB36', '保温杯 SM-XB36', 0, 2, 00400, 1745, 2145, 0, 2, 'https://www.amazon.co.jp/%E3%82%B9%E3%83%86%E3%83%B3%E3%83%AC%E3%82%B9%E3%83%9E%E3%82%B0-360ml-%E3%83%80%E3%83%BC%E3%82%AF%E3%82%B3%E3%82%B3%E3%82%A2%E3%82%AF%E3%82%A4%E3%83%83%E3%82%AF%E3%82%AA%E3%83%BC%E3%83%97%E3%83%B3-%E3%82%A4%E3%83%BC%E3%82%B8%E3%83%BC%E3%83%AD%E3%83%83%E3%82%AF-SM-XB36-TD/dp/', '', 'https://detail.tmall.com/item.htm?spm=a1z10.3-b.w4011-10311852670.54.YMnaRa&id=44140180162&rn=8fec329d9a65994cffa817ffef55ce8c&abbucket=8', NULL),
(0000000139, 037, 'SM-SA36', '保温杯 SM-SA36', 0, 2, 00400, 2480, 2631, 0, 1, NULL, '360ML  泰国产@＠', NULL, NULL),
(0000000140, 037, 'SM-XB60', '保温杯 SM-XB60', 0, 2, 00400, 2209, 2609, 0, 2, 'https://www.amazon.co.jp/%E3%82%B9%E3%83%86%E3%83%B3%E3%83%AC%E3%82%B9%E3%83%9E%E3%82%B0-600ml-%E3%82%AB%E3%83%BC%E3%83%9C%E3%83%B3%E3%83%96%E3%83%A9%E3%83%83%E3%82%AF%E3%82%AF%E3%82%A4%E3%83%83%E3%82%AF%E3%82%AA%E3%83%BC%E3%83%97%E3%83%B3-%E3%82%A4%E3%83%BC%E3%82%B8%E3%83%BC%E3%83%AD%E3%83%83%E3%82', '', 'https://detail.tmall.com/item.htm?spm=a1z10.3-b.w4011-10311852670.44.YMnaRa&id=44159056140&rn=8fec329d9a65994cffa817ffef55ce8c&abbucket=8', NULL),
(0000000141, 037, 'SM-SA60', '保温杯 SM-SA60', 0, 2, 00400, 2850, 2964, 0, 1, NULL, '600ML  泰国产@＠', NULL, NULL),
(0000000142, 038, 'アトピコ スキンケアソープ', '天然茶花油婴儿香皂80克', 0, 2, 00100, 812, 830, 0, 1, NULL, '', NULL, NULL),
(0000000143, 038, 'アトピコ スキンケアシャンプー', '婴儿洗发水沐浴露沐浴液400ml2合1', 0, 2, 00500, 1200, 1579, 0, 1, NULL, '', NULL, NULL),
(0000000144, 038, 'アトピコ スキンケアシャンプー', '婴儿洗发水沐浴露200ml2合1', 0, 2, 00300, 736, 962, 0, 1, NULL, '', NULL, NULL),
(0000000145, 038, 'アトピコ オイルローション', '滋润茶花油润肤乳液120ml', 0, 2, 00200, 1200, 1279, 0, 1, NULL, '', NULL, NULL),
(0000000146, 038, 'アトピコ ウォーターローション', '茶花油婴儿水性保湿液150ml', 0, 2, 00200, 966, 1069, 0, 1, NULL, '', NULL, NULL),
(0000000147, 038, 'アトピコ スキンケアオイル', '茶花油婴儿润肤油按摩油30ml', 0, 2, 00100, 1190, 1170, 0, 1, NULL, '', NULL, NULL),
(0000000148, 038, 'アトピコ スキンケアシャンプー', '婴儿洗发水沐浴露補充裝350ml', 0, 2, 00400, 777, 1099, 0, 1, NULL, ' ', NULL, NULL),
(0000000149, 039, 'ビオレウォータリーエッセンス', '防晒霜SPF50+全身可用50g', 0, 2, 00100, 652, 686, 0, 1, NULL, '', NULL, NULL),
(0000000150, 039, 'ビオレウォータリーエッセンス', '防晒霜SPF50+全身可用90ml', 0, 2, 00100, 684, 715, 0, 1, NULL, '', NULL, NULL),
(0000000151, 040, 'アネッサ パーフェクトUV', '安耐晒防晒霜金瓶60ml', 0, 2, 00100, 2720, 2547, 0, 1, NULL, '', NULL, NULL),
(0000000152, 040, 'アネッサ パーフェクトUV', '安耐晒防晒霜金瓶40g', 0, 2, 00100, 2130, 2016, 0, 1, NULL, '', NULL, NULL),
(0000000153, 040, 'アネッサ エッセンスUV', '安耐晒防晒霜银瓶60ml', 0, 2, 00100, 2720, 2547, 0, 1, NULL, '', NULL, NULL),
(0000000154, 040, 'アネッサ エッセンスUV', '安耐晒防晒霜银瓶40g', 0, 2, 00100, 2130, 2016, 0, 1, NULL, '', NULL, NULL),
(0000000155, 022, 'S3054', '产后束腹收腹带 S3054 M,L', 0, 2, 00200, 3024, 3224, 0, 5, 'http://www.inujirushi-shop.jp/shopdetail/009001000002/009/001/X/page1/brandname/', '顺产剖腹产兼用 第一阶段 产后立即使用 @粉色,黑色 ＠M,L,2L,3L', 'https://detail.tmall.com/item.htm?spm=a220m.1000858.1000725.13.2YwJra&id=41099426192&skuId=63709622172&areaId=210321&cat_id=52792006&rn=5ab732a47ad5bc8726cc0be92c83e986&user_id=2197280603&is_b=1', NULL),
(0000000156, 022, 'S3054', '产后束腹收腹带 S3054 2L', 0, 2, 00200, 3240, 3440, 0, 5, 'http://www.inujirushi-shop.jp/shopdetail/009001000004/009/001/X/page1/brandname/', '顺产剖腹产兼用 第一阶段 产后立即使用 @粉色,黑色 ＠M,L,2L,3L', 'https://detail.tmall.com/item.htm?spm=a220m.1000858.1000725.13.2YwJra&id=41099426192&skuId=63709622172&areaId=210321&cat_id=52792006&rn=5ab732a47ad5bc8726cc0be92c83e986&user_id=2197280603&is_b=1', NULL),
(0000000157, 022, 'HB8149', '产前产后骨盆矫正恢复带 HB8149 M,L', 0, 2, 00200, 4860, 5060, 0, 5, 'http://www.inujirushi-shop.jp/shopdetail/000000003217/ct116/page1/brandname/', '', 'https://detail.tmall.com/item.htm?spm=a1z10.3-b-s.w4011-14569094593.157.by0wWa&id=41098690738&rn=976bc40fc1672517bdeb73800ff87abf&abbucket=8', NULL),
(0000000158, 022, 'N3810', '产后骨盆矫正恢复带 N3810 M,L', 0, 2, 00200, 4104, 4304, 0, 5, 'http://www.inujirushi-shop.jp/shopdetail/000000003303/009/001/X/page1/brandname/', '', 'https://detail.tmall.hk/hk/item.htm?spm=a1z10.3-b-s.w4011-14711361056.171.1VPac3&id=535702512337&rn=04b7d7d2e6c2e1fc13b5bbf0194551aa&abbucket=8&sku_properties=1627207:28341', NULL),
(0000000159, 022, 'N3200R', '产后骨盆矫正恢复带 N3200R M,L', 0, 2, 00200, 3456, 3656, 0, 5, 'http://www.inujirushi-shop.jp/shopdetail/000000003301/009/001/X/page1/brandname/', '', 'https://detail.tmall.com/item.htm?spm=a1z10.3-b-s.w4011-14569094593.204.by0wWa&id=44630214581&rn=976bc40fc1672517bdeb73800ff87abf&abbucket=8', NULL),
(0000000160, 022, 'N3200R', '产后骨盆矫正恢复带 N3200R 2L,3L', 0, 2, 00200, 3672, 3872, 0, 5, 'http://www.inujirushi-shop.jp/shopdetail/000000003300/009/001/X/page1/brandname/', '', 'https://detail.tmall.com/item.htm?spm=a1z10.3-b-s.w4011-14569094593.204.by0wWa&id=44630214581&rn=976bc40fc1672517bdeb73800ff87abf&abbucket=8', NULL),
(0000000161, 022, 'S3073', '产后束腹收腹带 S3073', 0, 2, 00200, 3240, 3440, 0, 5, 'http://www.inujirushi-shop.jp/shopdetail/000000002422/009/001/X/page1/brandname/', '', 'https://detail.tmall.hk/hk/item.htm?spm=a1z10.3-b-s.w4011-14711361056.163.1VPac3&id=535812864785&rn=04b7d7d2e6c2e1fc13b5bbf0194551aa&abbucket=8&sku_properties=20509:10122', NULL),
(0000000162, 022, 'HB8055', '孕妇产前托腹保胎子宫保暖带 2L', 0, 2, 00200, 3672, 3872, 0, 5, 'http://www.inujirushi-shop.jp/shopdetail/000000003202/015/001/X/page1/brandname/', '', 'https://detail.tmall.com/item.htm?spm=a1z10.3-b-s.w4011-14569094593.137.by0wWa&id=41080603404&rn=976bc40fc1672517bdeb73800ff87abf&abbucket=8', NULL),
(0000000163, 022, 'HB8055', '孕妇产前托腹保胎子宫保暖带 M,L', 0, 2, 00200, 3456, 3656, 0, 5, 'http://www.inujirushi-shop.jp/shopdetail/015001000004/015/001/X/page1/brandname/', '', 'https://detail.tmall.com/item.htm?spm=a1z10.3-b-s.w4011-14569094593.137.by0wWa&id=41080603404&rn=976bc40fc1672517bdeb73800ff87abf&abbucket=8', NULL),
(0000000164, 022, 'N2803', '产后束腹收腹带 N2803', 0, 2, 00200, 3132, 3332, 0, 5, 'http://www.inujirushi-shop.jp/shopdetail/000000002397/009/002/X/page1/brandname/', '', 'https://detail.tmall.hk/hk/item.htm?spm=a1z10.3-b-s.w4011-14711361056.101.1VPac3&id=535366294551&rn=04b7d7d2e6c2e1fc13b5bbf0194551aa&abbucket=8', NULL),
(0000000165, 022, 'SH2479', '产后收腹内裤 SH2479', 0, 2, 00200, 1944, 2144, 0, 5, 'http://www.inujirushi-shop.jp/shopdetail/000000003371/009/002/X/page1/brandname/', '', 'https://detail.tmall.com/item.htm?spm=a1z10.3-b-s.w4011-14569094593.187.by0wWa&id=44649479391&rn=976bc40fc1672517bdeb73800ff87abf&abbucket=8&sku_properties=20509:10122', NULL),
(0000000166, 021, 'ブレインママパパ安心セット', '智能玻璃+PPSU奶瓶套装', 0, 2, 00800, 13800, 14324, 0, 4, 'http://www.betta.co.jp/products/detail.php?product_id=753', '(1,钻石玻璃150ml奶瓶 2,钻石PPSU240ml奶瓶 3,钻石PPSU120ml奶瓶 4,专用马毛瓶刷2件套 5,奶瓶 清洗液150ML瓶装 6,钻石×型奶嘴2枚盒装 7,漏斗 8,替换奶盖 9,奶瓶保温套（13色可选, 不留言则随机发货))@@', '', NULL),
(0000000167, 041, 'ワコール BDB284', 'BDB284', 0, 2, 00100, 5476, 5576, 0, 11, NULL, '', NULL, NULL),
(0000000168, 041, 'ワコール BRB461', 'BRB461', 0, 2, 00100, 6048, 6148, 0, 11, NULL, '', NULL, NULL),
(0000000169, 041, 'ワコール BRB400', 'BRB400', 0, 2, 00100, 5940, 6040, 0, 11, NULL, '', NULL, NULL),
(0000000170, 042, '2H＆2D ロング＆ホットスプレー', '2H2D男用延池喷剂', 0, 2, 00100, 1850, 1950, 0, 12, NULL, '', NULL, NULL),
(0000000171, 034, 'ビーアップホワイト', '乳房修复乳头护理乳液80mL', 0, 2, 00200, 3888, 3699, 0, 10, 'http://www.natural-s.jp/shop/g/g169/', '@＠', 'https://detail.tmall.hk/hk/item.htm?spm=a1z10.3-b-s.w4011-14871333671.129.n7gCwc&id=536899261280&rn=8f605db740028e5d659ea15889d8d716&abbucket=8', NULL),
(0000000172, 034, 'ファーミングリフト', '腹部紧肤霜200mL', 0, 2, 00200, 3750, 3575, 0, 10, 'http://www.natural-s.jp/shop/g/g168/', '@＠', 'https://detail.tmall.hk/hk/item.htm?spm=a1z10.3-b-s.w4011-14871333671.126.n7gCwc&id=536935400639&rn=8f605db740028e5d659ea15889d8d716&abbucket=8', NULL),
(0000000173, 043, 'はじめて肌へのテープ 新生児 84枚', '尿不湿 新生儿(～5kg) 84枚', 0, 5, 01700, 1750, 2260, 0, 3, NULL, '@@', NULL, NULL),
(0000000174, 043, 'はじめて肌へのテープ S 76枚', '尿不湿 S(4～8kg) 76枚', 0, 5, 01700, 1750, 2260, 0, 3, NULL, '@@', NULL, NULL),
(0000000175, 043, 'はじめて肌へのテープ M 62枚', '尿不湿 M(6～12kg) 62枚', 0, 5, 01600, 1750, 2230, 0, 3, NULL, '@@', NULL, NULL),
(0000000176, 043, 'はじめて肌へのテープ L 52枚', '尿不湿 L(9～14kg) 52枚', 0, 5, 01500, 1750, 2200, 0, 3, NULL, '@@', NULL, NULL),
(0000000177, 043, 'はじめて肌へのパンツ M 58枚', '拉拉裤 M(5～10kg) 58枚', 0, 5, 01700, 1750, 2260, 0, 3, NULL, '@@', NULL, NULL),
(0000000178, 043, 'はじめて肌へのパンツ L 46枚', '拉拉裤 L(9～14kg) 46枚', 0, 5, 01600, 1750, 2230, 0, 3, NULL, '@@', NULL, NULL),
(0000000179, 043, 'はじめて肌へのパンツ XL 40枚', '拉拉裤 XL(12～22kg) 40枚', 0, 5, 01400, 1750, 2170, 0, 3, NULL, '@@', NULL, NULL),
(0000000180, 001, 'メリーズ パンツ XL 38枚', '拉拉裤 XL(12～22kg) 38枚', 0, 5, 01400, 1479, 1899, 0, 2, '', '', 'https://detail.tmall.hk/hk/item.htm?spm=a1z10.5-b-s.w4011-14448547836.139.9HvjPH&id=41041576049&rn=3f89e1b7d0d0a43a0b5adad6ea2509a9&abbucket=8', NULL),
(0000000181, 001, 'メリーズ パンツ XXL 26枚', '拉拉裤 XXL(22kg～) 26枚', 0, 5, 01400, 1597, 2017, 0, 12, '', '', 'https://detail.tmall.hk/hk/item.htm?spm=a1z10.5-b-s.w4011-14448547836.127.9HvjPH&id=42034360383&rn=3f89e1b7d0d0a43a0b5adad6ea2509a9&abbucket=8', NULL),
(0000000182, 044, '229-34373', '婴儿女棉质印花短袖连体衣', 0, 2, 00100, 1944, 2044, 0, 13, NULL, '@@', NULL, NULL),
(0000000183, 043, 'はじめて肌へのパンツ XL 40枚', '拉拉裤 XL(12～22kg) 40枚', 0, 5, 01300, 1240, 1630, 0, 2, NULL, '@@', NULL, NULL),
(0000000184, 044, '229-34340', '婴儿女棉质印花短袖连体衣', 0, 2, 00100, 1944, 2044, 0, 13, NULL, '@@', NULL, NULL),
(0000000185, 044, '229-34440', '婴儿女棉质印花短袖连体衣', 0, 2, 00100, 1728, 1828, 0, 13, NULL, '@@', NULL, NULL),
(0000000186, 044, '229-34406', '婴儿男棉质印花短袖连体衣', 0, 2, 00100, 1728, 1828, 0, 13, NULL, '@@', NULL, NULL),
(0000000187, 044, '206-02071', '婴儿男棉质长袖连体衣', 0, 2, 00100, 2149, 2249, 0, 13, NULL, '@@', NULL, NULL),
(0000000190, 044, '033-19315', '千趣会 BABY婴儿男女接结天竺棉条纹蛙式连体衣', 0, 2, 00100, 1620, 1720, 160, 13, 'http://www.bellemaison.jp/ep/srvlt/EPFB00/EPFB0005/dProdDtlShow?BELN_SHOP_KBN=100&KAT_BTGO=B17341_490_2016_02&SHNCRTTKKRO_KBN=04&CHMN_NO=03319315', '', 'https://world.tmall.com/item/44037441437.htm?spm=a312a.7700824.w4011-14853139437.124.JNWVRd&id=44037441437&rn=6c9c52e121f4fbee2769f476fc702984&abbucket=20', NULL),
(0000000191, 044, '206-01615', '婴儿男棉质长袖连体衣', 0, 2, 00100, 1620, 1720, 0, 13, NULL, '@@', NULL, NULL),
(0000000193, 044, '229-37283', '360度围兜饭兜两色组', 0, 2, 00100, 1080, 1180, 0, 13, NULL, '@@', NULL, NULL),
(0000000194, 044, '229-37252', '纯棉围嘴口水围兜两色组', 0, 2, 00100, 1350, 1450, 0, 13, NULL, '@@', NULL, NULL),
(0000000195, 035, 'FFR-1004WF', '儿童保温保冷两用杯 FFR-1004', 0, 2, 00700, 2909, 3609, 0, 2, NULL, '800ML  两个头（直饮➕杯盖）中国产@＠', NULL, NULL),
(0000000196, 035, 'FHI-250', '儿童保温保冷两用杯 FHI-250', 0, 2, 00400, 2563, 2963, 0, 2, '', '', 'https://detail.tmall.hk/hk/item.htm?spm=a1z10.3-b-s.w4011-14448547843.193.Ib6s3M&id=525755295795&rn=bfd9571dcbf55f48cd079d562c3e3b68&abbucket=8', NULL),
(0000000197, 035, 'FFH290ST', '儿童保温保冷两用杯 FFH290ST', 0, 2, 00400, 2091, 2491, 0, 2, NULL, '', NULL, NULL),
(0000000198, 035, 'NPA340', '儿童保温保冷两用杯 NPA340', 0, 2, 00300, 1245, 1545, 0, 2, NULL, '', NULL, NULL),
(0000000199, 036, 'MCL-A030', '焖烧杯 MCL-A030', 0, 2, 00400, 2200, 2379, 0, 1, NULL, '250ML  中国产@＠', NULL, NULL),
(0000000200, 036, 'MCL-A038', '焖烧杯 MCL-A038', 0, 2, 00400, 2700, 2829, 0, 1, NULL, '250ML  中国产@＠', NULL, NULL),
(0000000201, 044, '229-37252', '纯棉围嘴口水围兜两色组', 0, 2, 00100, 1350, 1450, 0, 13, 'http://www.bellemaison.jp/ep/srvlt/EPFB00/EPFB0005/dProdDtlShow?BELN_SHOP_KBN=100&KAT_BTGO=B54575_312_2016_B&SHNCRTTKKRO_KBN=04&CHMN_NO=22937252', '@@', '', NULL),
(0000000203, 045, 'サンテFXVプラス 12mL', '参天FX NEO眼药水12ml', 0, 2, 00100, 300, 424, 0, 7, NULL, '@@', NULL, NULL),
(0000000204, 046, 'ロート リセ コンタクトb 8mL', '乐敦Lycee隐形眼镜眼药水', 0, 2, 00100, 513, 561, 0, 1, NULL, '@@', NULL, NULL),
(0000000205, 047, 'デントヘルス ハブラシ', '狮王 超软护理月子牙刷', 0, 2, 00100, 342, 407, 0, 1, NULL, '@@', NULL, NULL),
(0000000206, 039, 'ビオレ さらさらUV のびのびキッズミルク', '花王碧柔儿童防晒霜', 0, 2, 00100, 713, 742, 70, 1, '', 'SPF50+全身可用90ｇ,专为儿童设计的温和防晒霜。无香料、无着色、不含酒精，用起来感觉对皮肤特别温和。晚上洗澡时用沐浴露或香皂就可以轻松卸掉，非常方便。', '', NULL),
(0000000207, 026, 'エスエス製薬 イブA錠 60錠', 'EVE镇痛止热系列药品', 0, 2, 00100, 725, 752, 70, 1, '', 'EVE也是常备药里的大名人啦！除了头疼发热、全身用&女性生理痛用也有，夏天本来就够痛苦了，如果再赶上生理那可真是地狱体验呀～', '', NULL),
(0000000208, 026, 'ムクトレール 120錠', '改源Mukutoreil 消除水肿汉方药', 0, 2, 00100, 2590, 2431, 350, 1, '', '夏天坐办公室空调开很大，户外运动又减少的时候相信不少妹纸都会有水肿的困扰Mukutoreil含有9种中草药成份，可以帮助身体循环加快代谢，解除水肿、疲劳等问题～', '', NULL),
(0000000209, 026, 'ムクトレール 240錠', '改源Mukutoreil 消除水肿汉方药', 0, 2, 00100, 4280, 3951, 0, 1, NULL, '夏天坐办公室空调开很大，户外运动又减少的时候相信不少妹纸都会有水肿的困扰Mukutoreil含有9种中草药成份，可以帮助身体循环加快代谢，解除水肿、疲劳等问题～', NULL, NULL),
(0000000210, 026, 'ドクター・ショール 寝ながらメディキュット ロング', 'Dr.Scholl QTTO阶段压力舒缓睡眠美腿袜', 0, 2, 00100, 2400, 2260, 200, 1, '', '哎呀哎呀～又是一位明星选手啦！女生必备压力舒缓睡眠美腿袜～以前通常的夏日款是蓝色，而这款则是可爱清新的柠檬色哟～而且凉感更是上升20%，即使夏天也不要忘记穿美腿袜睡觉哟！完全不会热滴～', '', NULL),
(0000000211, 026, 'ベビーフット イージーパックSPT', 'babyfoot脚部去角质足膜', 0, 2, 00100, 1720, 1648, 150, 1, '', 'babyfoot足膜相信大家都认识，每年夏天穿凉鞋之前必买一贴呀！虽然蜕角质死皮的时候有点恶心，不过忍过之后你就能拥有重生般的嫩脚啦！\r\n', '', NULL),
(0000000212, 026, '女の欲望 アームカバー', '女の欲望 防紫外线降温袖套', 0, 2, 00100, 993, 1093, 100, 2, '', '别以为女の欲望只卖袜子，人家袖套也卖的(☆_☆)而且防紫外线还自带cool感，外出可以更加一层防晒保护的同时还冰凉凉，真是太棒啦！', '', NULL),
(0000000213, 026, 'プライバシーUVミスト50フォープラス', '黑龙堂 privacy防晒喷雾SPF50+ PA++++', 0, 2, 00100, 874, 887, 90, 1, '', '防晒产品根据倍数不同，其实每隔几小时就必须重新涂抹，但是已经化好妆了再抹一层防晒霜实在是不干想像，多少妹纸就此放弃防晒守则，就这么残忍的被晒黑了+_+而黑龙堂这款产品就很棒啦！清爽透明，不会起白沫的喷雾，妆容上随时一喷就可以保持防晒状态还不花妆，而且还可以保湿呢！一举两得～', '', NULL),
(0000000214, 026, 'フリープラス モイストケアエマルジョン 【1】', 'freeplus保湿修护清爽乳液100ml', 0, 2, 00200, 3016, 3216, 270, 2, '', '此保湿乳液能形成保护膜有效地锁住角质层水分，保湿滋润，同时调整肌肤肌理使其莹润动人。质地浓稠，干燥肌肤适用，滋润保湿修护。能有效锁住肌肤底层水分，一层一层修护让肌肤健康水润', '', NULL),
(0000000215, 026, 'フリープラス モイストケアエマルジョン 【2】', 'freeplus保湿修护清爽乳液100ml', 0, 2, 00200, 2913, 3113, 0, 2, NULL, '此保湿乳液能形成保护膜有效地锁住角质层水分，保湿滋润，同时调整肌肤肌理使其莹润动人。质地浓稠，干燥肌肤适用，滋润保湿修护。能有效锁住肌肤底层水分，一层一层修护让肌肤健康水润', NULL, NULL),
(0000000216, 042, '姫の滴', '姫の滴', 0, 2, 00100, 758, 858, 0, 2, NULL, '', NULL, NULL),
(0000000217, 048, 'オカモトゼロワン', '冈本001超薄避孕套', 0, 2, 00100, 826, 843, 0, 1, NULL, '', NULL, NULL),
(0000000218, 042, '潮吹の鬼', '女用兴奋润滑剂', 0, 2, 00100, 756, 856, 0, 2, NULL, '', NULL, NULL),
(0000000219, 042, '絶倫の鬼', '絶倫の鬼', 0, 2, 00100, 756, 856, 0, 2, NULL, '', NULL, NULL),
(0000000220, 042, '女の鳴きどころ', '女の鳴きどころ', 0, 2, 00100, 544, 644, 0, 2, NULL, '', NULL, NULL),
(0000000221, 042, '完全名器', '完全名器', 0, 2, 01000, 4233, 5233, 500, 2, 'https://www.amazon.co.jp/s/ref=search_black_curtain_yes?_encoding=UTF8&field-keywords=%E5%AE%8C%E5%8https://www.amazon.co.jp/s/ref=nb_sb_noss_2?__mk_ja_JP=%E3%82%AB%E3%82%BF%E3%82%AB%E3%83%8A&url=sear', '', '', NULL),
(0000000222, 036, 'MBR-A06GR', '儿童保温保冷杯MBR-A06G', 0, 2, 00600, 4290, 4461, 450, 1, 'http://www.yodobashi.com/%E3%82%BF%E3%82%A4%E3%82%AC%E3%83%BC-TIGER-MBR-A06GR-%E3%82%B9%E3%83%86%E3%83%B3%E3%83%AC%E3%82%B9%E3%83%9C%E3%83%88%E3%83%AB-%E3%82%B5%E3%83%8F%E3%83%A9-%E3%82%B3%E3%83%AD%E3%83%9C%E3%83%83%E3%82%AF%E3%83%AB-%E4%BF%9D%E6%B8%A9%E3%83%BB%E4%BF%9D%E5%86%B7-0-6L-%E3%83%A9%E3%82', '', 'https://item.taobao.com/item.htm?spm=a230r.1.14.49.512SlU&id=521472051076&ns=1&abbucket=11#detail', NULL),
(0000000223, 023, 'アンパンマン ベビーフレンドベル', '面包超人(6)星星款', 0, 2, 00100, 1012, 1112, 110, 2, 'https://www.amazon.co.jp/%E3%82%A2%E3%82%AC%E3%83%84%E3%83%9E-415057-3000325-%E3%82%A2%E3%83%B3%E3%83%91%E3%83%B3%E3%83%9E%E3%83%B3-%E3%83%99%E3%83%93%E3%83%BC%E3%83%95%E3%83%AC%E3%83%B3%E3%83%89%E3%83%99%E3%83%AB/dp/B001ARZ5AC/ref=sr_1_fkmr0_1?ie=UTF8&qid=1474839380&sr=8-1-fkmr0&keywords=%E3%82%A2%', '', 'https://world.taobao.com/item/531507338884.htm?fromSite=main&ali_refid=a3_430620_1006:1110655515:N:%E9%9D%A2%E5%8C%85%E8%B6%85%E4%BA%BA:819a6aa2e30ade3e501a9177', NULL),
(0000000224, 023, 'アンパンマン ベビータンバリン', '面包超人(2)摇铃牙胶', 0, 2, 00100, 623, 723, 80, 2, 'https://www.amazon.co.jp/%E3%82%A2%E3%82%AC%E3%83%84%E3%83%9E-%E3%82%A2%E3%83%B3%E3%83%91%E3%83%B3%E3%83%9E%E3%83%B3-%E3%83%99%E3%83%93%E3%83%BC%E3%82%BF%E3%83%B3%E3%83%90%E3%83%AA%E3%83%B3/dp/B0062E0O2M/ref=sr_1_1?ie=UTF8&qid=1474842923&sr=8-1&keywords=%E3%82%A2%E3%83%B3%E3%83%91%E3%83%B3%E3%83%9E%', '', 'https://world.taobao.com/item/531507338884.htm?fromSite=main&ali_refid=a3_430620_1006:1110655515:N:%E9%9D%A2%E5%8C%85%E8%B6%85%E4%BA%BA:819a6aa2e30ade3e501a9177', NULL),
(0000000225, 023, 'アンパンマン うちのこ天才 カタカタカスタ', '面包超人(7)小响板', 0, 2, 00100, 417, 517, 60, 2, 'https://www.amazon.co.jp/%E3%82%A2%E3%82%AC%E3%83%84%E3%83%9E-20150199-%E3%82%A2%E3%83%B3%E3%83%91%E3%83%B3%E3%83%9E%E3%83%B3-%E3%81%86%E3%81%A1%E3%81%AE%E3%81%93%E5%A4%A9%E6%89%8D-%E3%82%AB%E3%82%BF%E3%82%AB%E3%82%BF%E3%82%AB%E3%82%B9%E3%82%BF/dp/B00PVBV0QQ/ref=sr_1_2?ie=UTF8&qid=1474842782&sr=8-2&', '', 'https://world.taobao.com/item/531507338884.htm?fromSite=main&ali_refid=a3_430620_1006:1110655515:N:%E9%9D%A2%E5%8C%85%E8%B6%85%E4%BA%BA:819a6aa2e30ade3e501a9177', NULL),
(0000000226, 023, 'アンパンマン ベビーラッパ', '面包超人(3)小喇叭', 0, 2, 00100, 1054, 1154, 90, 2, 'https://www.amazon.co.jp/%E3%82%A2%E3%82%AC%E3%83%84%E3%83%9E-415057-3000327-%E3%82%A2%E3%83%B3%E3%83%91%E3%83%B3%E3%83%9E%E3%83%B3-%E3%83%99%E3%83%93%E3%83%BC%E3%83%A9%E3%83%83%E3%83%91/dp/B001ARZ5AW/ref=sr_1_1?ie=UTF8&qid=1474842582&sr=8-1&keywords=%E3%82%A2%E3%83%B3%E3%83%91%E3%83%B3%E3%83%9E%E3%', '', 'https://world.taobao.com/item/531507338884.htm?fromSite=main&ali_refid=a3_430620_1006:1110655515:N:%E9%9D%A2%E5%8C%85%E8%B6%85%E4%BA%BA:819a6aa2e30ade3e501a9177', NULL),
(0000000227, 023, 'アンパンマン うちのこ天才 フレンドベル', '面包超人(8)手摇铃', 0, 2, 00100, 578, 678, 80, 2, 'https://www.amazon.co.jp/%E3%82%A2%E3%82%AC%E3%83%84%E3%83%9E-20150199-%E3%82%A2%E3%83%B3%E3%83%91%E3%83%B3%E3%83%9E%E3%83%B3-%E3%81%86%E3%81%A1%E3%81%AE%E3%81%93%E5%A4%A9%E6%89%8D-%E3%83%95%E3%83%AC%E3%83%B3%E3%83%89%E3%83%99%E3%83%AB/dp/B00PVBUVLG/ref=sr_1_1?ie=UTF8&qid=1474842308&sr=8-1&keywords=', '', 'https://world.taobao.com/item/531507338884.htm?fromSite=main&ali_refid=a3_430620_1006:1110655515:N:%E9%9D%A2%E5%8C%85%E8%B6%85%E4%BA%BA:819a6aa2e30ade3e501a9177', NULL),
(0000000228, 023, 'ベビラボ アンパンマン NEWはじめてのはがためラトル', '面包超人(4)牙胶', 0, 2, 00100, 694, 725, 80, 1, 'http://www.yodobashi.com/ec/product/100000001001386757/index.html?gad1=&gad2=g&gad3=&gad4=56278881131&gad5=4441820762660841674&gad6=1o1&xfr=pla&gclid=CL3HnLWWqc', '', 'https://world.taobao.com/item/531507338884.htm?fromSite=main&ali_refid=a3_430620_1006:1110655515:N:%E9%9D%A2%E5%8C%85%E8%B6%85%E4%BA%BA:819a6aa2e30ade3e501a9177', NULL),
(0000000229, 023, 'スケーター ストローホッパーキャップ', 'SKATER儿童便携吸管', 0, 2, 00100, 645, 745, 105, 2, '', '对于幼童来说，大口径的水瓶喝水容易呛到，有了这个就不怕了。配备上外出管套，干净方便，出门包里再塞上一个孩子就OK了。炎炎夏日，多喝水很重要。', '', NULL),
(0000000230, 023, 'ビオレ ビオレu 泡ハンドソープ ポンプ', '碧柔泡沫洗手液', 0, 2, 00400, 276, 648, 70, 1, '', '弱酸性对皮肤刺激小，按一下就有丰富的泡沫，也极易冲洗，起到彻底清洁皮肤，杀菌消毒的作用。8个月起的宝宝就可以使用啦，一定要从小养成爱洗手讲卫生的好习惯哦！\r\n蓝色无香型\r\n绿色柑橘香\r\n', '', NULL),
(0000000231, 023, 'pigeon 乳歯ブラシセット', '贝亲儿童牙刷', 0, 2, 00100, 960, 964, 80, 1, '', '宝宝的牙齿和牙龈都是非常娇嫩敏感的，所以如果发现刷毛有些不好了，要立即更换，不然伤到牙龈就不好了。\r\n\r\n', '', NULL),
(0000000232, 023, 'pigeon  ぷちキッズ', '贝亲儿童可吞咽牙膏', 0, 2, 00100, 494, 545, 50, 1, '', '牙膏是可吞咽的，宝宝即使不小心吃下去也不用担心。\r\n', '', NULL),
(0000000233, 019, '虫きちゃダメ 60枚', '和光堂驱蚊贴', 0, 2, 00100, 869, 969, 80, 2, '', '年年夏季都能卖到断货的驱蚊贴，纯天然桉树气味，安全无毒。只要把驱蚊贴贴在宝宝衣服上，宝宝不再害怕蚊虫叮咬。', '', NULL),
(0000000234, 019, '虫きちゃダメ 24枚', '和光堂驱蚊贴', 0, 2, 00100, 491, 591, 80, 2, '', '年年夏季都能卖到断货的驱蚊贴，纯天然桉树气味，安全无毒。只要把驱蚊贴贴在宝宝衣服上，宝宝不再害怕蚊虫叮咬。', '', NULL),
(0000000235, 023, '液体ムヒベビー 40mL', '池田模范堂儿童无比滴40mL', 0, 2, 00100, 715, 744, 80, 1, '', '名副其实的必备神器啊。无论是宝宝还是成人，蚊虫叮咬后涂上无比滴立马见效。而且还可以治疗痱子，湿疹等各类皮肤病哦。\r\n', '', NULL),
(0000000236, 023, 'ムヒ・ベビー 15g', '池田模范堂儿童无比滴40mL', 0, 2, 00100, 612, 651, 80, 1, '', '小孩用止痒常备药。广泛适用于痱子、蚊虫叮咬，湿疹，尿布疹等。 温和不刺激的乳霜类型。对抗炎症，不沾染皮肤，修护婴儿娇嫩肌肤。复合软管，体积轻巧，携带便利。\r\n', '', NULL),
(0000000237, 023, 'ムヒのこどもせきどめシロップS 120ml', '池田模范堂祛痰止咳药', 0, 2, 00200, 817, 935, 85, 1, '', '止咳化痰，缓解咳嗽症状，在服用药水的同时不能服用其他的止咳药，感冒药和抗过敏药和麻醉的内服用。给孩子吃药是每个妈妈的大难题，这个可爱的面包超人形象及水果口味的糖浆，会令孩子非常容易接受。特殊的安全瓶盖设计，可以防止孩子自己打开瓶盖。专门的小量杯上，也有个可爱的面包超人头像。', '', NULL),
(0000000238, 023, 'ムヒのこどもかぜシロップSa  120ml', '池田模范堂感冒药', 0, 2, 00200, 817, 935, 85, 1, '', '红色款：综合感冒糖浆\r\n这款是针对感冒的各种症状 （鼻塞，咽痛，流鼻涕等）的缓和。以可爱的面包超人形象及草莓口味的咳嗽药使孩子容易接受。\r\n草莓味 桃子味\r\n粉色款：退烧感冒糖浆\r\n这款是针对感冒发热的症状缓和，口味是小编最爱的桃子味。特殊的安全瓶盖设计，可以防止孩子自己代开瓶盖，小量杯上也有个可爱的面包超人头像哦。', '', NULL),
(0000000239, 023, 'ムヒのこども鼻炎シロップS  120ml', '池田模范堂感冒鼻炎糖浆药水', 0, 2, 00200, 817, 935, 85, 1, '', '针对急性鼻炎，过敏性鼻炎引起的鼻塞，头重等症状的缓和（注：没有退烧的作用哦）所以，如果感冒不严重，只是鼻塞流鼻涕的话，用它就对了。给孩子吃药是每个妈妈的大难题，这个可爱的面包超人形象及水果口味的糖浆，会令孩子非常容易接受。特殊的安全瓶盖设计，可以防止孩子自己打开瓶盖。专门的小量杯上，也有个可爱的面包超人头像。', '', NULL),
(0000000240, 023, 'ピジョン ももの葉', '贝亲桃子水 200ml', 0, 2, 00300, 970, 1270, 80, 2, '', '这款桃子水算是宝宝用的液体爽身粉。妈妈不用担心宝宝会将粉末吸入的隐患。不仅可以在平时使用，也可以将爽身水倒入浴盆，防止宝宝长痱子。', '', NULL),
(0000000241, 023, 'ベビーバーユ マドンナ 25g', 'Madonna婴儿马油护肤面霜 25g', 0, 2, 00100, 1200, 1300, 110, 12, '', '日本产院助产士强力推荐的madonna马油护臀霜，0岁开始使用，宝宝全身可用！可以帮助宝宝解决红屁屁的现象。新妈妈们可用在乳头上，帮助乳头滋润，恢复龟裂带来的疼痛，使妈妈早日适应母乳的状态。', '', NULL),
(0000000242, 023, 'ベビーバーユ マドンナ 83g', 'Madonna婴儿马油护肤面霜 83g', 0, 2, 00100, 3564, 3664, 290, 12, '', '日本产院助产士强力推荐的madonna马油护臀霜，0岁开始使用，宝宝全身可用！可以帮助宝宝解决红屁屁的现象。新妈妈们可用在乳头上，帮助乳头滋润，恢复龟裂带来的疼痛，使妈妈早日适应母乳的状态。', '', NULL),
(0000000243, 019, 'マルツエキス 260g', '和光堂 幼儿便秘药', 0, 2, 00300, 1360, 1524, 150, 1, '', '这个是儿童用药，专门给小宝宝用的便秘药，带一点点甜味，宝宝喝起来不会很痛苦。治疗便秘的同时还可以补充营养', '', NULL),
(0000000244, 019, '大正下痢止め〈小児用〉 6包', '大正制药 儿童止泻冲剂6包', 0, 2, 00100, 593, 693, 75, 2, '', '婴幼儿儿童止泻冲剂。香蕉味，有效缓解腹泻症状，帮助宝宝免受腹泻之苦。香蕉口味，小编认为宝宝比较容易接受！', '', NULL),
(0000000245, 019, 'パパーゼリー5', '大木制药 5种复合维生素软糖丸160粒', 0, 2, 00300, 1580, 1880, 155, 12, '', '这是一款适合用于幼儿发育期、偏食儿童、病中病后.食欲不振.营养不良.发热性消耗性疾患等场合的营养补充。滋养强壮,改善虚弱体质。非常可爱及美味的维生素软糖丸，具有草莓的香甜口味，软胶丸的质地,很有嚼劲。', '', NULL),
(0000000246, 023, 'ピジョン 鼻づまり改善薬 50g', '贝亲 婴儿通鼻药膏 50g', 0, 2, 00100, 578, 678, 65, 2, '', '宝宝常因感冒引起鼻塞，又不会擤鼻涕，因憋气而哭闹，或者无法喝奶，使用这一款改善鼻塞症状的药膏就能缓解鼻塞问题。将药膏抹在宝宝胸前，略加按摩，体温会将药膏中的天然生药成分挥发出来.给宝宝神清气爽，呼吸畅通的感觉。', '', NULL),
(0000000247, 023, 'ピジョン 香りですっきりスティック', '贝亲 婴儿通鼻棒', 0, 2, 00100, 970, 973, 45, 1, '', '携带太方便了，就和一只唇膏一样。含薄荷油、甘草，当宝宝感冒，鼻塞，不舒服的时候，可以用通鼻棒涂抹于宝宝鼻下，舒缓鼻塞，缓解宝宝不适。', '', NULL),
(0000000248, 019, 'カワイ肝油ドロップS 300粒', 'KAWAI鱼肝油 300粒', 0, 2, 00100, 2278, 2378, 80, 12, '', 'KAWAI肝油丸，占据着日本不可动摇的主导地位。没有腥味，口感好，产品不仅有维生素AD，还有含有维生素AD和维生素C的肝油丸，以及添加了钙的鱼肝油。这是深受很多妈妈喜爱的KAWAI日本肝油丸，不少人对这个经典的广告很熟悉“日本肝油丸，KAWAI咧！”', '', NULL),
(0000000249, 019, 'カワイ肝油ドロップC20', '肝油糖C20 200粒日', 0, 2, 00100, 2160, 2260, 80, 12, '', '这款由肝油主要成分的维生素A、维生素D和维生素C配合制成。它是可以不用水嚼着吃的橘子味胶状水果糖制剂，不论是谁都很容易服用。', '', NULL),
(0000000250, 019, 'カワイ肝油ドロップM400 180粒', '肝油糖M400 180粒', 0, 2, 00100, 2580, 2680, 80, 12, '', '由肝油的主要成分的维生素A、维生素D和钙配合制成。它配合维生素D可以促进钙吸收。这款肝油糖可以不用水嚼着吃的胶状水果糖制剂，不论是谁都很容易服用。', '', NULL),
(0000000251, 023, 'リンメル プリズム クリームアイカラー', 'RIMMEL单色眼影', 0, 2, 00100, 864, 878, 85, 1, '', '被许多博主封为「最喜欢的日本开架眼影前三名」，色调大部分属于人人都可以驾驭的基本色彩，颜色不会非常突兀浓郁、而且粉质非常透亮、很好上手就算初学者也不容易出错，拿来打底或混擦都很适合，也是女孩们去到日本都会入手个一两盘的强势好物。', '', NULL),
(0000000252, 023, 'KOSEアイゾーンマスク', 'KOSE高丝Q10弹力紧致提拉眼膜', 0, 2, 00100, 548, 593, 55, 1, '', '添加辅酶 Q10 （泛醌）、甘油 （保湿）的眼周专用面膜。集中护理易由于干燥形成细纹的眼周甚至眼角。令您的眼周生动亮洁、富有弹性。', '', NULL),
(0000000253, 023, 'KOSEアイゾーンマスク 22回分', 'KOSE高丝Q10弹力紧致提拉眼膜', 0, 2, 00200, 886, 997, 95, 1, '', '添加辅酶 Q10 （泛醌）、甘油 （保湿）的眼周专用面膜。集中护理易由于干燥形成细纹的眼周甚至眼角。令您的眼周生动亮洁、富有弹性。', '', NULL),
(0000000254, 023, 'REVITAL リンクルリフトＡＡ', '资生堂悅薇眼膜', 0, 2, 00100, 4990, 4591, 375, 1, '', '防皱眼膜的片状纸膜上注满液化纯维他命A，紧贴肌肤，让活性成分全面迅速渗透肌肤深层，淡化皱纹非常显著。使用眼膜一次，15分钟后眼纹舒缓效果十分明显，连续使用会使眼纹得到很好的改善哦。', '', NULL),
(0000000255, 023, 'HAKU メラノシールド マスク', 'HAKU药用美白面膜', 0, 2, 00100, 1620, 1558, 135, 1, '', 'HAKU在资生堂大家庭里美白功效是出了名的好，这款面膜同样延续了这一特点，成分中加入了充分的美白美容液(精华)，薄薄的着哩状乳液质地，很容易被肌肤吸收到肌肤底层，而且触感轻轻凉凉的，非常舒服。', '', NULL),
(0000000256, 023, '第一三共ヘルスケアマスク', 'TRANSINO美白祛斑面膜', 0, 2, 00100, 1830, 1747, 145, 1, '', '日本人美白淡斑都爱用的一款面膜哦，含有足够65次使用的美白精华液成分配合传明酸成分达到祛斑美白的效果，有效抑制黑色素的生成，滋养肌肤的同时增强皮肤的弹性。', '', NULL),
(0000000257, 023, 'スキンケアBBクリーム (モイスト) NB', '嘉娜宝Freshel浸透保湿五合一BB霜', 0, 2, 00100, 1460, 1414, 145, 1, '', '1瓶含有美容液、乳液、乳霜、防晒、淡妆&打底等5种功效，对肌肤温和的防晒矿物BB霜。在日本热卖大人气的嘉娜宝肤芯freshelBB霜系列一共扩容到4款。轻轻一抹，透薄底妆即現！', '', NULL),
(0000000258, 023, 'MAQuillAGE BB 30g', '资生堂心机彩妆完美多效BB霜30g', 0, 2, 00100, 3240, 3016, 265, 1, '', '对毛孔粗大及不均匀肤色，添加了毛孔隐形凝胶，自然填补不均匀凹凸处肌肤。调理不均匀肤色，修饰斑点、雀斑、暗沉和黑眼圈，重塑充满透明感的的肤色。', '', NULL),
(0000000259, 023, 'アネッサBB', '安耐晒BB霜SPF50+ PA+++', 0, 2, 00100, 2027, 1924, 160, 1, 'http://www.yodobashi.com/%E8%B3%87%E7%94%9F%E5%A0%82-SHISEIDO-%E3%82%A2%E3%83%8D%E3%83%83%E3%82%B5-%E3%83%95%E3%82%A7%E3%83%BC%E3%82%B9%E3%82%B5%E3%83%B3%E3%82%B9%E3%82%AF%E3%83%AA%E3%83%BC%E3%83%B3BB-%E3%83%A9%E3%82%A4%E3%83%88-%E6%97%A5%E3%82%84%E3%81%91%E6%AD%A2%E3%82%81-SPF50-PA/pd/1000000010014', '保湿且高防晒指数的BB霜诞生啦！大名鼎鼎的安耐晒出的这款防晒霜，涂后不油不闷，可以单独使用或者作为粉底前打底均可。含玻尿酸及双重胶原蛋白保湿护肤成分，滋润但不油腻，非常清爽的哦！', '', NULL),
(0000000260, 023, 'ビオレBB', '碧柔水润防晒水感BB霜SPF50＋', 0, 2, 00100, 684, 716, 70, 1, '', '兼防晒、保湿、润色、修饰功能为一体的防晒BB霜。SPF50,PA++++高倍防晒，添加玻尿酸保湿成分和柑橘萃取，让你的肌肤水水嫩嫩。', '', NULL),
(0000000261, 023, 'GypsophilA(ジプソフィラ) 生酵素 60粒 ', '生酵素222种植物水果谷物发酵浓缩精华胶囊60粒', 0, 2, 00100, 1435, 1535, 70, 2, 'https://www.amazon.co.jp/%E3%82%B8%E3%83%97%E3%82%BD%E3%83%95%E3%82%A3%E3%83%A9-GypsophilA-%E7%94%9F%E9%85%B5%E7%B4%A0-60%E7%B2%92/dp/B006LFV3L8/ref=sr_1_1?ie=U', '', 'https://detail.tmall.hk/hk/item.htm?spm=a1z10.3-b.w4011-11001254976.96.8kDcds&id=21252743851&rn=a7f5640280b92e17a4d8eea855fd1120&abbucket=3', NULL),
(0000000262, 023, 'サンテFXネオ 12mL', '参天FX NEO眼药水12ml清凉型缓解眼疲劳充血', 0, 2, 00100, 469, 569, 70, 2, 'https://www.amazon.co.jp/%E3%82%B5%E3%83%B3%E3%83%86-%E3%80%90%E7%AC%AC2%E9%A1%9E%E5%8C%BB%E8%96%AC%E5%93%81%E3%80%91%E3%82%B5%E3%83%B3%E3%83%86FX%E3%83%8D%E3%82%AA-12mL/dp/B0055QC8MC/ref=sr_1_1?ie=UTF8&qid=1471314807&sr=8-1&keywords=fxneo', '', 'https://detail.tmall.hk/hk/item.htm?spm=a1z10.3-b.w4011-11001254976.101.8kDcds&id=526978062106&rn=a7f5640280b92e17a4d8eea855fd1120&abbucket=3', NULL),
(0000000263, 023, 'めぐりズム 蒸気でホットアイマスク 無香料 14枚入 ', '花王Kao蒸汽眼罩缓解疲劳（无香型）14片', 0, 2, 00100, 979, 981, 70, 1, 'http://www.yodobashi.com/%E8%8A%B1%E7%8E%8B-%E3%82%81%E3%81%90%E3%82%8A%E3%82%BA%E3%83%A0-%E3%82%81%E3%81%90%E3%82%8A%E3%82%BA%E3%83%A0-%E8%92%B8%E6%B0%97%E3%81%A7%E3%83%9B%E3%83%83%E3%83%88%E3%82%A2%E3%82%A4%E3%83%9E%E3%82%B9%E3%82%AF-%E7%84%A1%E9%A6%99%E6%96%99-14%E6%9E%9A/pd/100000001001738715/', '', 'https://detail.tmall.hk/hk/item.htm?spm=a1z10.3-b.w4011-11001254976.106.8kDcds&id=22579855583&rn=a7f5640280b92e17a4d8eea855fd1120&abbucket=3', NULL);
INSERT INTO `item` (`id`, `brand`, `japanese_name`, `chinese_name`, `on_sale`, `ship`, `weight`, `buying_price`, `cost`, `selling_price`, `shop`, `link`, `descripe`, `sample`, `kind`) VALUES
(0000000264, 023, 'サンテ ボーティエ 12mL ', '参天Beautyeye高浓度眼药水12ml7缓解眼疲劳充血', 0, 2, 00100, 1290, 1261, 70, 1, 'http://www.yodobashi.com/%E5%8F%82%E5%A4%A9%E8%A3%BD%E8%96%AC-Santen-%E3%82%B5%E3%83%B3%E3%83%86-%E3%83%9C%E3%83%BC%E3%83%86%E3%82%A3%E3%82%A8-12ml-%E7%AC%AC2%E9%A1%9E%E5%8C%BB%E8%96%AC%E5%93%81-%E7%9B%AE%E8%96%AC/pd/100000001002272892/', '', 'https://detail.tmall.hk/hk/item.htm?spm=a1z10.3-b.w4011-11001254976.111.8kDcds&id=526968230501&rn=a7f5640280b92e17a4d8eea855fd1120&abbucket=3', NULL),
(0000000265, 023, '豆腐の盛田屋ヨーグルトパック 150g', '日本盛田屋豆腐豆乳面膜150g补水美白', 0, 2, 00100, 1760, 1684, 70, 1, 'http://www.yodobashi.com/%E8%B1%86%E8%85%90%E3%81%AE%E7%9B%9B%E7%94%B0%E5%B1%8B-%E8%B1%86%E4%B9%B3%E3%82%88%E3%83%BC%E3%81%90%E3%82%8B%E3%81%A8%E3%81%B1%E3%81%A3%E3%81%8F-%E7%8E%89%E3%81%AE%E8%BC%BF-%E3%83%95%E3%82%A7%E3%82%A4%E3%82%B9%E3%83%91%E3%83%83%E3%82%AF/pd/100000001002331148/', '', 'https://detail.tmall.hk/hk/item.htm?spm=a1z10.3-b.w4011-11001254976.116.8kDcds&id=37278381197&rn=a7f5640280b92e17a4d8eea855fd1120&abbucket=3&skuId=62402987557', NULL),
(0000000266, 023, '利尻昆布ヘアカラートリートメント白髪染め', '利尻昆布植物天然染发剂润发乳纯白头发200ml护理护发素', 0, 2, 00300, 2720, 3020, 70, 2, 'https://www.amazon.co.jp/%E8%87%AA%E7%84%B6%E6%B4%BEclub%E3%82%B5%E3%82%B9%E3%83%86%E3%82%A3-%E5%88%A9%E5%B0%BB%E6%98%86%E5%B8%83%E3%83%98%E3%82%A2%E3%82%AB%E3%83%A9%E3%83%BC%E3%83%88%E3%83%AA%E3%83%BC%E3%83%88%E3%83%A1%E3%83%B3%E3%83%88%E7%99%BD%E9%AB%AA%E6%9F%93%E3%82%81%E3%80%80200%EF%BD%87%C3%97', '', 'https://detail.tmall.hk/hk/item.htm?spm=a1z10.3-b.w4011-11001254976.121.8kDcds&id=525068213934&rn=a7f5640280b92e17a4d8eea855fd1120&abbucket=3', NULL),
(0000000267, 023, 'サンテPC 12mL ', '参天PC电脑手机蓝光专用眼药水12ml 缓解眼疲劳充血', 0, 2, 00300, 530, 830, 70, 2, 'https://www.amazon.co.jp/%E3%82%B5%E3%83%B3%E3%83%86-%E3%80%90%E7%AC%AC2%E9%A1%9E%E5%8C%BB%E8%96%AC%E5%93%81%E3%80%91%E3%82%B5%E3%83%B3%E3%83%86PC-12mL/dp/B00F4MRZY8/ref=sr_1_1?ie=UTF8&qid=1471322582&sr=8-1&keywords=%E5%8F%82%E5%A4%A9pc', '', 'https://detail.tmall.hk/hk/item.htm?spm=a1z10.3-b.w4011-11001254976.126.8kDcds&id=526930767008&rn=a7f5640280b92e17a4d8eea855fd1120&abbucket=3', NULL),
(0000000268, 023, 'ナザール「スプレー」(ポンプ) 30mL', 'Sato佐藤NAZAL鼻炎喷剂急慢性过敏性鼻塞流鼻水鼻痒鼻宁30ml', 0, 2, 00300, 440, 696, 70, 1, 'http://www.yodobashi.com/%E4%BD%90%E8%97%A4%E8%A3%BD%E8%96%AC-sato-%E3%83%8A%E3%82%B6%E3%83%BC%E3%83%AB%E3%80%8C%E3%82%B9%E3%83%97%E3%83%AC%E3%83%BC%E3%80%8D-%E3%83%9D%E3%83%B3%E3%83%97-30ml-%E7%AC%AC2%E9%A1%9E%E5%8C%BB%E8%96%AC%E5%93%81/pd/100000001002364404/', '', 'https://detail.tmall.hk/hk/item.htm?spm=a1z10.3-b.w4011-11001254976.136.8kDcds&id=527000888915&rn=a7f5640280b92e17a4d8eea855fd1120&abbucket=3', NULL),
(0000000269, 023, 'シッカロールナチュラル 120g', 'Wakodo和光堂 植物绿茶婴儿爽身粉 120g 带粉扑 ', 0, 2, 00300, 496, 746, 70, 1, 'http://www.yodobashi.com/%E5%92%8C%E5%85%89%E5%A0%82-WAKODO-%E3%82%B7%E3%83%83%E3%82%AB%E3%83%AD%E3%83%BC%E3%83%AB%E3%83%8A%E3%83%81%E3%83%A5%E3%83%A9%E3%83%AB-120g/pd/100000001002312120/', '', 'https://detail.tmall.hk/hk/item.htm?spm=a1z10.3-b-s.w4011-14448547843.238.IXPTvK&id=524584112395&rn=c42676d863838f556ac8053f684e07ee&abbucket=8', NULL),
(0000000270, 023, '液体ムヒベビー 40mL', '池田模范堂婴儿无比滴蚊虫叮咬宝宝止痒液40ml ', 0, 2, 00300, 715, 944, 70, 1, 'http://www.yodobashi.com/%E6%B1%A0%E7%94%B0%E6%A8%A1%E7%AF%84%E5%A0%82-IKEDAMOHANDO-%E6%B6%B2%E4%BD%93%E3%83%A0%E3%83%92%E3%83%99%E3%83%93%E3%83%BC-40mL-%E7%AC%AC3%E9%A1%9E%E5%8C%BB%E8%96%AC%E5%93%81-%E3%81%97%E3%81%A3%E3%81%97%E3%82%93%E3%83%BB%E3%81%8B%E3%82%86%E3%81%BF/pd/100000001002273161/', '', 'https://detail.tmall.hk/hk/item.htm?spm=a1z10.3-b.w4011-11001254976.141.8kDcds&id=26259264306&rn=a7f5640280b92e17a4d8eea855fd1120&abbucket=3', NULL),
(0000000271, 023, 'めぐりズム 蒸気でホットアイマスク ラベンダーセージの香り [14枚]', '花王Kao蒸汽浴眼膜/眼罩/眼贴 缓解疲劳 14枚薰衣草', 0, 2, 00300, 978, 1180, 70, 1, 'http://www.yodobashi.com/%E8%8A%B1%E7%8E%8B-%E3%82%81%E3%81%90%E3%82%8A%E3%82%BA%E3%83%A0-%E3%82%81%E3%81%90%E3%82%8A%E3%82%BA%E3%83%A0-%E8%92%B8%E6%B0%97%E3%81%A7%E3%83%9B%E3%83%83%E3%83%88%E3%82%A2%E3%82%A4%E3%83%9E%E3%82%B9%E3%82%AF-%E3%83%A9%E3%83%99%E3%83%B3%E3%83%80%E3%83%BC%E3%82%BB%E3%83%BC%', '', 'https://detail.tmall.hk/hk/item.htm?spm=a1z10.3-b.w4011-11001254976.156.8kDcds&id=35818824550&rn=a7f5640280b92e17a4d8eea855fd1120&abbucket=3', NULL),
(0000000272, 023, '液体ムヒS2a 50mL ', '池田模范堂液体muhi无比滴S2a清凉冷感止痒露药水 50ml', 0, 2, 00300, 440, 696, 70, 1, 'http://www.yodobashi.com/%E6%B1%A0%E7%94%B0%E6%A8%A1%E7%AF%84%E5%A0%82-IKEDAMOHANDO-%E6%B6%B2%E4%BD%93%E3%83%A0%E3%83%92S-50mL-%E6%8C%87%E5%AE%9A%E7%AC%AC2%E9%A1%9E%E5%8C%BB%E8%96%AC%E5%93%81-%E8%99%AB%E5%88%BA%E3%81%95%E3%82%8C/pd/100000001002273187/', '', 'https://detail.tmall.hk/hk/item.htm?spm=a1z10.3-b.w4011-11001254976.161.8kDcds&id=530546982034&rn=a7f5640280b92e17a4d8eea855fd1120&abbucket=3', NULL),
(0000000273, 023, '利尻白髪かくし ブラック 20g ', '利尻昆布纯天然纯植物无添加一次性染发棒笔膏遮白发多色', 0, 2, 00300, 2490, 2790, 70, 2, 'https://www.amazon.co.jp/%E3%83%94%E3%83%A5%E3%83%BC%E3%83%AB-609423-0-%E5%88%A9%E5%B0%BB%E7%99%BD%E9%AB%AA%E3%81%8B%E3%81%8F%E3%81%97-%E3%83%96%E3%83%A9%E3%83%83%E3%82%AF-20g/dp/B00JKO1LXM/ref=sr_1_3?ie=UTF8&qid=1471323428&sr=8-3&keywords=%E5%88%A9%E5%B0%BB%E6%98%86%E5%B8%83', '', 'https://detail.tmall.hk/hk/item.htm?spm=a1z10.3-b.w4011-11001254976.166.8kDcds&id=525029463001&rn=a7f5640280b92e17a4d8eea855fd1120&abbucket=3', NULL),
(0000000274, 023, '龍角散ののどすっきり飴 100g', '龙角散喉糖清凉糖袋装原味100g ', 0, 2, 00300, 204, 484, 70, 1, 'http://www.yodobashi.com/%E9%BE%8D%E8%A7%92%E6%95%A3-%E9%BE%8D%E8%A7%92%E6%95%A3%E3%81%AE%E3%81%AE%E3%81%A9%E3%81%99%E3%81%A3%E3%81%8D%E3%82%8A%E9%A3%B4-100g-%E8%A2%8B%E5%85%A5%E3%82%8A/pd/100000001001678234/', '', 'https://detail.tmall.hk/hk/item.htm?spm=a1z10.3-b.w4011-11001254976.181.8kDcds&id=45176654636&rn=a7f5640280b92e17a4d8eea855fd1120&abbucket=3&skuId=102013552099', NULL),
(0000000275, 023, 'ミルふわベビー石けん', '和光堂 植物性低敏婴儿皂香皂 85g', 0, 2, 00300, 221, 521, 70, 2, 'https://www.amazon.co.jp/%E5%92%8C%E5%85%89%E5%A0%82-%E3%83%9F%E3%83%AB%E3%81%B5%E3%82%8F%E3%83%99%E3%83%93%E3%83%BC%E7%9F%B3%E3%81%91%E3%82%93-%E5%9B%BA%E5%BD%A2-85g%C3%972%E5%80%8B%E5%85%A5/dp/B00GXYGCB8/ref=sr_1_2?ie=UTF8&qid=1471323994&sr=8-2&keywords=wakodo+baby+soap', '', 'https://detail.tmall.hk/hk/item.htm?spm=a1z10.3-b.w4011-11001254976.186.8kDcds&id=35905189094&rn=a7f5640280b92e17a4d8eea855fd1120&abbucket=3', NULL),
(0000000276, 023, 'シルコット うるうるスポンジ仕立て 40枚入', '尤妮佳1/2强力吸收省水化妆棉卸妆棉40枚', 0, 2, 00300, 198, 478, 70, 1, 'http://www.yodobashi.com/%E3%83%A6%E3%83%8B%E3%83%81%E3%83%A3%E3%83%BC%E3%83%A0-%E3%82%B7%E3%83%AB%E3%82%B3%E3%83%83%E3%83%88-%E3%82%B7%E3%83%AB%E3%82%B3%E3%83%83%E3%83%88-%E3%81%86%E3%82%8B%E3%81%86%E3%82%8B%E3%82%B9%E3%83%9D%E3%83%B3%E3%82%B8%E4%BB%95%E7%AB%8B%E3%81%A6-40%E6%9E%9A/pd/1000000010016', '', 'https://detail.tmall.hk/hk/item.htm?spm=a1z10.3-b.w4011-11001254976.196.8kDcds&id=530724023739&rn=a7f5640280b92e17a4d8eea855fd1120&abbucket=3&skuId=3162919917574', NULL),
(0000000277, 023, 'アース製薬 温泉郷めぐり 30ｇｘ18包 ', '巴斯洛漫袋装浴盐温泉乡 30g*18包温泉泡澡沐浴三种香味', 0, 2, 00300, 615, 854, 70, 1, 'http://www.yodobashi.com/%E3%82%A2%E3%83%BC%E3%82%B9%E8%A3%BD%E8%96%AC-%E5%B7%A1%E3%82%8A%E8%82%8C-%E6%B8%A9%E6%B3%89%E9%83%B7%E3%82%81%E3%81%90%E3%82%8A-18%E5%8C%85%E5%85%A5%E3%82%8A/pd/100000001001654381/', '', 'https://detail.tmall.hk/hk/item.htm?spm=a1z10.3-b.w4011-11001254976.201.8kDcds&id=521255721611&rn=a7f5640280b92e17a4d8eea855fd1120&abbucket=3', NULL),
(0000000278, 023, 'サンテメディカルガード 12ml ', '参天眼科药级G眼药水预防消炎症眼干燥修复角膜12ml黄瓶', 0, 2, 00300, 875, 1088, 70, 1, 'http://www.yodobashi.com/%E5%8F%82%E5%A4%A9%E8%A3%BD%E8%96%AC-Santen-%E3%82%B5%E3%83%B3%E3%83%86%E3%83%A1%E3%83%87%E3%82%A3%E3%82%AB%E3%83%AB%E3%82%AC%E3%83%BC%E3%83%89-12ml-%E7%AC%AC2%E9%A1%9E%E5%8C%BB%E8%96%AC%E5%93%81/pd/100000001002273588/', '', 'https://detail.tmall.hk/hk/item.htm?spm=a1z10.3-b.w4011-11001254976.206.8kDcds&id=530436155388&rn=a7f5640280b92e17a4d8eea855fd1120&abbucket=3', NULL),
(0000000279, 023, '熟成黒酢入り納豆キナーゼ ', '井藤汉方 熟成黑醋 纳豆激酶胶囊20日/60粒', 0, 2, 00300, 720, 948, 70, 1, 'http://www.yodobashi.com/%E4%BA%95%E8%97%A4%E6%BC%A2%E6%96%B9%E8%A3%BD%E8%96%AC-%E7%86%9F%E6%88%90%E9%BB%92%E9%85%A2%E5%85%A5%E3%82%8A%E7%B4%8D%E8%B1%86%E3%82%AD%E3%83%8A%E3%83%BC%E3%82%BC-250mg%C3%9760%E7%B2%92-%E6%A9%9F%E8%83%BD%E6%80%A7%E9%A3%9F%E5%93%81/pd/100000001001678017/', '', 'https://detail.tmall.hk/hk/item.htm?spm=a1z10.3-b.w4011-11001254976.211.8kDcds&id=22436087992&rn=a7f5640280b92e17a4d8eea855fd1120&abbucket=3', NULL),
(0000000280, 023, 'すまいるぽけっと チーズスティック 3本×7包', '和光堂婴儿辅食 芝士奶酪棒饼干加钙3支*7袋7个月起 ', 0, 2, 00300, 178, 460, 70, 1, 'http://www.yodobashi.com/%E5%92%8C%E5%85%89%E5%A0%82-WAKODO-%E3%81%99%E3%81%BE%E3%81%84%E3%82%8B%E3%81%BD%E3%81%91%E3%81%A3%E3%81%A8-%E3%83%81%E3%83%BC%E3%82%BA%E3%82%B9%E3%83%86%E3%82%A3%E3%83%83%E3%82%AF-3%E6%9C%AC%C3%977%E5%8C%85-%E5%AF%BE%E8%B1%A1%E6%9C%88%E9%BD%A2%EF%BC%9A7%E3%83%B6%E6%9C%88%E9', '', 'https://detail.tmall.hk/hk/item.htm?spm=a1z10.3-b.w4011-11001254976.216.8kDcds&id=35894619973&rn=a7f5640280b92e17a4d8eea855fd1120&abbucket=3', NULL),
(0000000281, 023, 'ロートジー プロc 12ml ', 'Rohto乐敦Z!PROc眼药水12ml清凉度8+', 0, 2, 00300, 596, 836, 70, 1, 'http://www.yodobashi.com/%E3%83%AD%E3%83%BC%E3%83%88%E8%A3%BD%E8%96%AC-ROHTO-%E3%83%AD%E3%83%BC%E3%83%88%E3%82%B8%E3%83%BC-%E3%83%97%E3%83%ADc-12ml-%E7%AC%AC2%E9%A1%9E%E5%8C%BB%E8%96%AC%E5%93%81/pd/100000001002274105/', '', 'https://detail.tmall.hk/hk/item.htm?spm=a1z10.3-b.w4011-11001254976.221.8kDcds&id=526991236464&rn=a7f5640280b92e17a4d8eea855fd1120&abbucket=3', NULL),
(0000000282, 023, 'センターイン コンパクトフレグランス スイート 多い日昼用 17枚', 'SOFY/苏菲/口袋魔法超薄棉柔花香日用卫生巾24cm17片', 0, 2, 00300, 286, 557, 70, 1, 'http://www.yodobashi.com/%E3%83%A6%E3%83%8B%E3%83%81%E3%83%A3%E3%83%BC%E3%83%A0-%E3%82%BB%E3%83%B3%E3%82%BF%E3%83%BC%E3%82%A4%E3%83%B3-%E3%82%BB%E3%83%B3%E3%82%BF%E3%83%BC%E3%82%A4%E3%83%B3-%E3%82%B3%E3%83%B3%E3%83%91%E3%82%AF%E3%83%88%E3%83%95%E3%83%AC%E3%82%B0%E3%83%A9%E3%83%B3%E3%82%B9-%E3%82%B9%', '', 'https://detail.tmall.hk/hk/item.htm?spm=a1z10.3-b.w4011-11001254976.221.8kDcds&id=526991236464&rn=a7f5640280b92e17a4d8eea855fd1120&abbucket=3', NULL),
(0000000283, 023, 'ブレスケアピーチ50粒', '小林制药香口油囊珠 清新口气除胃里异味50粒 蜜桃味', 0, 2, 00300, 452, 707, 70, 1, 'http://www.yodobashi.com/%E5%B0%8F%E6%9E%97%E8%A3%BD%E8%96%AC-%E3%83%96%E3%83%AC%E3%82%B9%E3%82%B1%E3%82%A2-%E3%83%96%E3%83%AC%E3%82%B9%E3%82%B1%E3%82%A2%E3%83%94%E3%83%BC%E3%83%8150%E7%B2%92/pd/100000001001664916/', '', 'https://detail.tmall.hk/hk/item.htm?spm=a1z10.3-b.w4011-11001254976.236.8kDcds&id=19899262359&rn=a7f5640280b92e17a4d8eea855fd1120&abbucket=3', NULL),
(0000000284, 023, 'オカモトコンドームズ ０．０２ＥＸ（エクセレント） ２４個入', 'okamoto/冈本超薄避孕套安全套002 0.02EX 24只装', 0, 2, 00300, 3019, 3319, 70, 2, 'https://www.amazon.co.jp/%E7%94%B7%E6%80%A7%E5%90%91%E3%81%91-%E3%82%B3%E3%83%B3%E3%83%89%E3%83%BC%E3%83%A0-%E3%82%AA%E3%82%AB%E3%83%A2%E3%83%88%E7%A4%BE%E3%81%AE%E6%A5%AD%E5%8B%99%E7%94%A8-%E3%82%AA%E3%82%AB%E3%83%A2%E3%83%88%E3%82%B3%E3%83%B3%E3%83%89%E3%83%BC%E3%83%A0%E3%82%BA-%EF%BC%90%EF%BC%8E%', '', 'https://detail.tmall.hk/hk/item.htm?spm=a1z10.3-b.w4011-11001254976.241.8kDcds&id=42041091837&rn=a7f5640280b92e17a4d8eea855fd1120&abbucket=3', NULL),
(0000000285, 023, 'ロート リセ コンタクトb 8mL ', 'ROHTO 乐敦Lycee隐形眼镜眼药水缓解眼疲劳眼充血8ml', 0, 2, 00000, 513, 462, 70, 1, 'http://www.yodobashi.com/%E3%83%AD%E3%83%BC%E3%83%88%E8%A3%BD%E8%96%AC-ROHTO-%E3%83%AD%E3%83%BC%E3%83%88-%E3%83%AA%E3%82%BB-%E3%82%B3%E3%83%B3%E3%82%BF%E3%82%AF%E3%83%88b-8mL-%E7%AC%AC3%E9%A1%9E%E5%8C%BB%E8%96%AC%E5%93%81-%E7%9B%AE%E8%96%AC/pd/100000001003057420/', '', 'https://detail.tmall.hk/hk/item.htm?spm=a1z10.3-b.w4011-11001254976.246.8kDcds&id=531590586115&rn=a7f5640280b92e17a4d8eea855fd1120&abbucket=3', NULL),
(0000000286, 023, 'すまいるぽけっと たまごボーロ 25g×2袋', '和光堂婴儿辅食牛奶鸡蛋小馒头磨牙饼干25g2袋7个月', 0, 2, 00000, 180, 162, 70, 1, 'http://www.yodobashi.com/%E5%92%8C%E5%85%89%E5%A0%82-WAKODO-%E3%81%99%E3%81%BE%E3%81%84%E3%82%8B%E3%81%BD%E3%81%91%E3%81%A3%E3%81%A8-%E3%81%9F%E3%81%BE%E3%81%94%E3%83%9C%E3%83%BC%E3%83%AD-25g%C3%972%E8%A2%8B-%E5%AF%BE%E8%B1%A1%E6%9C%88%E9%BD%A2%EF%BC%9A7%E3%83%B6%E6%9C%88%E9%A0%83%EF%BD%9E/pd/100000', '', 'https://detail.tmall.hk/hk/item.htm?spm=a1z10.3-b.w4011-11001254976.251.8kDcds&id=35893314025&rn=a7f5640280b92e17a4d8eea855fd1120&abbucket=3', NULL),
(0000000287, 023, 'シッカロールキュア 140g ', 'Wakodo和光堂低敏婴儿爽身粉痱子粉140g 带粉扑', 0, 2, 00000, 398, 358, 70, 1, 'http://www.yodobashi.com/%E5%92%8C%E5%85%89%E5%A0%82-WAKODO-%E3%82%B7%E3%83%83%E3%82%AB%E3%83%AD%E3%83%BC%E3%83%AB%E3%82%AD%E3%83%A5%E3%82%A2-140g-%E5%8C%BB%E8%96%AC%E9%83%A8%E5%A4%96%E5%93%81/pd/100000001001674195/', '', 'https://detail.tmall.hk/hk/item.htm?spm=a1z10.3-b.w4011-11001254976.256.8kDcds&id=35858776693&rn=a7f5640280b92e17a4d8eea855fd1120&abbucket=3', NULL),
(0000000288, 023, 'キュレル アイゾーン美容液 20g ', '花王CUREL珂润 干燥敏感肌用眼部保湿美容液/眼霜20g', 0, 2, 00000, 1940, 1746, 70, 1, 'http://www.yodobashi.com/%E8%8A%B1%E7%8E%8B-Curel-%E3%82%AD%E3%83%A5%E3%83%AC%E3%83%AB-%E3%82%AD%E3%83%A5%E3%83%AC%E3%83%AB-%E3%82%A2%E3%82%A4%E3%82%BE%E3%83%BC%E3%83%B3%E7%BE%8E%E5%AE%B9%E6%B6%B2-20g/pd/100000001002975053/', '', 'https://detail.tmall.hk/hk/item.htm?spm=a1z10.3-b.w4011-11001254976.261.8kDcds&id=27586856829&rn=a7f5640280b92e17a4d8eea855fd1120&abbucket=3&skuId=32738313458', NULL),
(0000000289, 023, 'サガミオリジナル002 12個入り ', '相模sagami 0.02mm超薄避孕套12只非乳胶防过敏', 0, 2, 00000, 1402, 1402, 70, 2, 'https://www.amazon.co.jp/%E3%82%B5%E3%82%AC%E3%83%9F%E3%82%AA%E3%83%AA%E3%82%B8%E3%83%8A%E3%83%AB-4974234616008-%E3%82%B5%E3%82%AC%E3%83%9F%E3%82%AA%E3%83%AA%E3%82%B8%E3%83%8A%E3%83%AB002-12%E5%80%8B%E5%85%A5%E3%82%8A/dp/B000FQSLE6/ref=sr_1_2?ie=UTF8&qid=1471326742&sr=8-2&keywords=sagami+0.02', '', 'https://detail.tmall.hk/hk/item.htm?spm=a1z10.3-b.w4011-11001254976.266.8kDcds&id=42074253980&rn=a7f5640280b92e17a4d8eea855fd1120&abbucket=3', NULL),
(0000000290, 023, 'プレミアムプレサ フェイスマスク ヒアルロン酸 3枚入り', 'Utena佑天兰PURESA黄金级果冻面膜W玻尿酸3片', 0, 2, 00000, 647, 582, 70, 1, 'http://www.yodobashi.com/%E3%83%97%E3%83%AC%E3%82%B5-%E3%82%B4%E3%83%BC%E3%83%AB%E3%83%87%E3%83%B3%E3%82%B8%E3%83%A5%E3%83%AC%E3%83%9E%E3%82%B9%E3%82%AF-PREMIUM-PUReSA-%E3%83%97%E3%83%AC%E3%83%9F%E3%82%A2%E3%83%A0%E3%83%97%E3%83%AC%E3%82%B5-%E3%83%95%E3%82%A7%E3%82%A4%E3%82%B9%E3%83%9E%E3%82%B9%E3%8', '', 'https://detail.tmall.hk/hk/item.htm?spm=a1z10.3-b.w4011-11001254976.266.8kDcds&id=42074253980&rn=a7f5640280b92e17a4d8eea855fd1120&abbucket=3', NULL),
(0000000291, 023, 'ロゼット 洗顔パスタ 海泥スムース 120g', 'Rosette Paste海泥洗面奶120g 矿物质清洁毛孔敏感肌', 0, 2, 00000, 408, 367, 70, 1, 'http://www.yodobashi.com/%E3%83%AD%E3%82%BC%E3%83%83%E3%83%88-%E6%B4%97%E9%A1%94%E3%83%91%E3%82%B9%E3%82%BF-%E6%B5%B7%E6%B3%A5%E3%82%B9%E3%83%A0%E3%83%BC%E3%82%B9-120g/pd/100000001001343833/', '', 'https://detail.tmall.hk/hk/item.htm?spm=a1z10.3-b.w4011-11001254976.286.8kDcds&id=27168472443&rn=a7f5640280b92e17a4d8eea855fd1120&abbucket=3&skuId=48429332742', NULL),
(0000000292, 023, '資生堂フルメークウォッシャブルベース35g ', '资生堂FWB妆前隔离乳霜 分隔彩妆保护肌肤 温水轻松卸妆 35g ', 0, 2, 00000, 765, 688, 70, 1, 'http://www.yodobashi.com/%E3%83%95%E3%83%AB%E3%83%A1%E3%83%BC%E3%82%AF-%E3%82%A6%E3%82%A9%E3%83%83%E3%82%B7%E3%83%A3%E3%83%96%E3%83%AB-%E3%83%99%E3%83%BC%E3%82%B9-%E5%8C%96%E7%B2%A7%E4%B8%8B%E5%9C%B0/pd/100000001001681436/', '', 'https://detail.tmall.hk/hk/item.htm?spm=a1z10.3-b.w4011-11001254976.291.8kDcds&id=21217579711&rn=a7f5640280b92e17a4d8eea855fd1120&abbucket=3', NULL),
(0000000293, 023, 'メタボリック イースト×エンザイムダイエット 60粒 ', 'metabolic 酵素X酵母 发酵物60粒', 0, 2, 00000, 1050, 945, 70, 1, 'http://www.yodobashi.com/%E3%83%A1%E3%82%BF%E3%83%9C%E3%83%AA%E3%83%83%E3%82%AF-%E3%82%A4%E3%83%BC%E3%82%B9%E3%83%88%C3%97%E3%82%A8%E3%83%B3%E3%82%B6%E3%82%A4%E3%83%A0%E3%83%80%E3%82%A4%E3%82%A8%E3%83%83%E3%83%88-60%E7%B2%92/pd/100000001002954149/', '', 'https://detail.tmall.hk/hk/item.htm?spm=a1z10.3-b.w4011-11001254976.296.8kDcds&id=35593302202&rn=a7f5640280b92e17a4d8eea855fd1120&abbucket=3', NULL),
(0000000294, 023, 'めぐりズム 蒸気でホットアイマスク 完熟ゆず14枚入', '花王Kao蒸汽浴眼膜/眼罩/眼贴 缓解疲劳 14枚柚子 ', 0, 2, 00000, 978, 880, 70, 1, 'http://www.yodobashi.com/%E8%8A%B1%E7%8E%8B-%E3%82%81%E3%81%90%E3%82%8A%E3%82%BA%E3%83%A0-%E8%92%B8%E6%B0%97%E3%81%A7%E3%83%9B%E3%83%83%E3%83%88%E3%82%A2%E3%82%A4%E3%83%9E%E3%82%B9%E3%82%AF-%E5%AE%8C%E7%86%9F%E3%82%86%E3%81%9A-14%E5%80%8B%E5%85%A5%E3%82%8A/pd/100000001001604365/', '', 'https://detail.tmall.hk/hk/item.htm?spm=a1z10.3-b.w4011-11001254976.301.8kDcds&id=38531630959&rn=a7f5640280b92e17a4d8eea855fd1120&abbucket=3', NULL),
(0000000295, 023, '利尻カラーシャンプー', '利尻昆布植物无添加白发用染发膏剂洗发水200ml黑色', 0, 2, 00000, 3780, 3402, 70, 1, 'http://www.yodobashi.com/%E3%83%94%E3%83%A5%E3%83%BC%E3%83%AB-%E3%82%B5%E3%82%B9%E3%83%86%E3%82%A3-%E5%88%A9%E5%B0%BB%E3%82%AB%E3%83%A9%E3%83%BC%E3%82%B7%E3%83%A3%E3%83%B3%E3%83%97%E3%83%BC-%E3%83%96%E3%83%A9%E3%83%83%E3%82%AF-%E7%99%BD%E9%AB%AA%E7%94%A8%E3%82%AB%E3%83%A9%E3%83%BC%E3%82%B7%E3%83%A3%', '', 'https://detail.tmall.hk/hk/item.htm?spm=a1z10.3-b.w4011-11001254976.306.8kDcds&id=525062673138&rn=a7f5640280b92e17a4d8eea855fd1120&abbucket=3&skuId=3125091573532', NULL),
(0000000296, 023, '龍角散ののどすっきり飴', '龙角散喉糖清凉糖80g3种口味 ', 0, 2, 00000, 220, 198, 70, 1, 'http://www.yodobashi.com/%E9%BE%8D%E8%A7%92%E6%95%A3-%E9%BE%8D%E8%A7%92%E6%95%A3%E3%81%AE%E3%81%AE%E3%81%A9%E3%81%99%E3%81%A3%E3%81%8D%E3%82%8A%E9%A3%B4-%E3%81%97%E3%81%A8%E3%82%84%E3%81%8B%E7%99%BD%E6%A1%83%E5%91%B3/pd/100000001001678232/', '', 'https://detail.tmall.hk/hk/item.htm?spm=a1z10.3-b.w4011-11001254976.311.8kDcds&id=45240908602&rn=a7f5640280b92e17a4d8eea855fd1120&abbucket=3', NULL),
(0000000297, 023, 'カロリーメイトブロック 4本入 チョコレート味', '大冢Calorie Mate 低卡 营养饼干 均衡膳食 4块 巧克力味', 0, 2, 00000, 162, 146, 70, 1, 'http://www.yodobashi.com/%E5%A4%A7%E5%A1%9A%E8%A3%BD%E8%96%AC-Otsuka-%E3%82%AB%E3%83%AD%E3%83%AA%E3%83%BC%E3%83%A1%E3%82%A4%E3%83%88-%E3%82%AB%E3%83%AD%E3%83%AA%E3%83%BC%E3%83%A1%E3%82%A4%E3%83%88%E3%83%96%E3%83%AD%E3%83%83%E3%82%AF-4%E6%9C%AC%E5%85%A5-%E3%83%81%E3%83%A7%E3%82%B3%E3%83%AC%E3%83%BC%E', '', 'https://detail.tmall.hk/hk/item.htm?spm=a1z10.3-b.w4011-11001254976.316.8kDcds&id=26266188407&rn=a7f5640280b92e17a4d8eea855fd1120&abbucket=3', NULL),
(0000000298, 023, 'クレンジングリサーチウォッシュクレンジング', 'Sony CP果酸AHA酵素深层清洁洗面奶120g 柔肤防痘 ', 0, 2, 00000, 708, 637, 70, 1, 'http://www.yodobashi.com/%E3%82%AF%E3%83%AC%E3%83%B3%E3%82%B8%E3%83%B3%E3%82%B0%E3%83%AA%E3%82%B5%E3%83%BC%E3%83%81-PC-4215-%E3%82%AF%E3%83%AC%E3%83%B3%E3%82%B8%E3%83%B3%E3%82%B0%E3%83%AA%E3%82%B5%E3%83%BC%E3%83%81%E3%82%A6%E3%82%A9%E3%83%83%E3%82%B7%E3%83%A5%E3%82%AF%E3%83%AC%E3%83%B3%E3%82%B8%E3%8', '', 'https://detail.tmall.hk/hk/item.htm?spm=a1z10.3-b.w4011-11001254976.321.8kDcds&id=19872509044&rn=a7f5640280b92e17a4d8eea855fd1120&abbucket=3&skuId=36915599060', NULL),
(0000000299, 023, 'ミルふわ ベビーミルキーローション 150ml', '和光堂秋冬 婴儿保湿润肤乳液150ml 低敏', 0, 2, 00000, 533, 533, 70, 2, 'https://www.amazon.co.jp/%E5%92%8C%E5%85%89%E5%A0%82-%E3%83%9F%E3%83%AB%E3%81%B5%E3%82%8F-%E3%83%99%E3%83%93%E3%83%BC%E3%83%9F%E3%83%AB%E3%82%AD%E3%83%BC%E3%83%AD%E3%83%BC%E3%82%B7%E3%83%A7%E3%83%B3-150ml/dp/B00FEYV3IK/ref=sr_1_2?ie=UTF8&qid=1471328469&sr=8-2&keywords=%E3%83%9F%E3%83%AB%E3%81%B5%E3%', '', 'https://detail.tmall.hk/hk/item.htm?spm=a1z10.3-b.w4011-11001254976.331.8kDcds&id=35896781815&rn=a7f5640280b92e17a4d8eea855fd1120&abbucket=3', NULL),
(0000000300, 023, 'センターイン コンパクトフレグランス スイート ふつうの日用 22枚', 'SOFY/苏菲/口袋魔法超薄棉柔花香日用卫生巾21cm22片 ', 0, 2, 00000, 286, 257, 70, 1, 'http://www.yodobashi.com/%E3%83%A6%E3%83%8B%E3%83%81%E3%83%A3%E3%83%BC%E3%83%A0-%E3%82%BB%E3%83%B3%E3%82%BF%E3%83%BC%E3%82%A4%E3%83%B3-%E3%82%BB%E3%83%B3%E3%82%BF%E3%83%BC%E3%82%A4%E3%83%B3-%E3%82%B3%E3%83%B3%E3%83%91%E3%82%AF%E3%83%88%E3%83%95%E3%83%AC%E3%82%B0%E3%83%A9%E3%83%B3%E3%82%B9-%E3%82%B9%', '', 'https://detail.tmall.hk/hk/item.htm?spm=a1z10.3-b.w4011-11001254976.336.8kDcds&id=42392766788&rn=a7f5640280b92e17a4d8eea855fd1120&abbucket=3', NULL),
(0000000301, 023, 'センターイン コンパクトフレグランス スイート 多い日夜用 12枚', 'SOFY/苏菲/口袋魔法超薄棉柔花香夜用卫生巾30cm12片 ', 0, 2, 00000, 286, 257, 70, 1, 'http://www.yodobashi.com/%E3%83%A6%E3%83%8B%E3%83%81%E3%83%A3%E3%83%BC%E3%83%A0-%E3%82%BB%E3%83%B3%E3%82%BF%E3%83%BC%E3%82%A4%E3%83%B3-%E3%82%BB%E3%83%B3%E3%82%BF%E3%83%BC%E3%82%A4%E3%83%B3-%E3%82%B3%E3%83%B3%E3%83%91%E3%82%AF%E3%83%88%E3%83%95%E3%83%AC%E3%82%B0%E3%83%A9%E3%83%B3%E3%82%B9-%E3%82%B9%', '', 'https://detail.tmall.hk/hk/item.htm?spm=a1z10.3-b.w4011-11001254976.391.8kDcds&id=42425105436&rn=a7f5640280b92e17a4d8eea855fd1120&abbucket=3', NULL),
(0000000302, 023, 'ムヒ・ベビー 15g ', '池田模范堂婴儿无比滴15g蚊虫叮咬宝宝止痒药膏 ', 0, 2, 00000, 612, 551, 70, 1, 'http://www.yodobashi.com/%E6%B1%A0%E7%94%B0%E6%A8%A1%E7%AF%84%E5%A0%82-IKEDAMOHANDO-%E3%83%A0%E3%83%92%E3%83%BB%E3%83%99%E3%83%93%E3%83%BC-15g-%E7%AC%AC3%E9%A1%9E%E5%8C%BB%E8%96%AC%E5%93%81-%E3%81%97%E3%81%A3%E3%81%97%E3%82%93%E3%83%BB%E3%81%8B%E3%82%86%E3%81%BF/pd/100000001002273157/', '', 'https://detail.tmall.hk/hk/item.htm?spm=a1z10.3-b.w4011-11001254976.346.8kDcds&id=526935659789&rn=a7f5640280b92e17a4d8eea855fd1120&abbucket=3', NULL),
(0000000303, 023, '大塚製薬 ポカリスエット 74g×5包', '原装宝矿力水特粉末补充水分电解质运动功能饮料冲剂5包 ', 0, 2, 00000, 482, 434, 70, 1, 'http://www.yodobashi.com/%E5%A4%A7%E5%A1%9A%E8%A3%BD%E8%96%AC-Otsuka-2305FU-%E3%83%9D%E3%82%AB%E3%83%AA%E3%82%B9%E3%82%A8%E3%83%83%E3%83%88-74g%EF%BC%881L%E7%94%A8%EF%BC%89%C3%975%E8%A2%8B%E5%85%A5%E3%82%8A/pd/100000001000486173/', '', 'https://detail.tmall.hk/hk/item.htm?spm=a1z10.3-b.w4011-11001254976.356.8kDcds&id=41974469016&rn=a7f5640280b92e17a4d8eea855fd1120&abbucket=3', NULL),
(0000000304, 023, 'めぐりズム 蒸気でホットアイマスク 咲きたてローズの香り 14枚入 ', '花王Kao蒸汽浴眼膜/眼罩/眼贴 缓解疲劳 14枚玫瑰香', 0, 2, 00000, 1030, 927, 70, 1, 'http://www.yodobashi.com/%E8%8A%B1%E7%8E%8B-%E3%82%81%E3%81%90%E3%82%8A%E3%82%BA%E3%83%A0-%E8%92%B8%E6%B0%97%E3%81%A7%E3%83%9B%E3%83%83%E3%83%88%E3%82%A2%E3%82%A4%E3%83%9E%E3%82%B9%E3%82%AF-%E5%92%B2%E3%81%8D%E3%81%9F%E3%81%A6%E3%83%AD%E3%83%BC%E3%82%BA%E3%81%AE%E9%A6%99%E3%82%8A-14%E6%9E%9A%E5%85%A', '', 'https://detail.tmall.hk/hk/item.htm?spm=a1z10.3-b.w4011-11001254976.361.8kDcds&id=38546937789&rn=a7f5640280b92e17a4d8eea855fd1120&abbucket=3', NULL),
(0000000305, 023, '利尻カラーシャンプー', '利尻昆布植物无添加白发用染发膏剂洗发水200ml深棕色', 0, 2, 00000, 3780, 3402, 70, 1, 'http://www.yodobashi.com/%E3%83%94%E3%83%A5%E3%83%BC%E3%83%AB-%E3%82%B5%E3%82%B9%E3%83%86%E3%82%A3-%E5%88%A9%E5%B0%BB%E3%82%AB%E3%83%A9%E3%83%BC%E3%82%B7%E3%83%A3%E3%83%B3%E3%83%97%E3%83%BC-%E3%83%80%E3%83%BC%E3%82%AF%E3%83%96%E3%83%A9%E3%82%A6%E3%83%B3-%E7%99%BD%E9%AB%AA%E7%94%A8%E3%82%AB%E3%83%A9%', '', 'https://detail.tmall.hk/hk/item.htm?spm=a1z10.3-b.w4011-11001254976.371.8kDcds&id=525026899464&rn=a7f5640280b92e17a4d8eea855fd1120&abbucket=3&skuId=3125020702204', NULL),
(0000000306, 023, 'サラサーティコットン100 2枚重ねのめくれるシート 72枚', '小林制药100%纯棉双层超薄卫生护垫36组72片 ', 0, 2, 00000, 410, 369, 70, 1, 'http://www.yodobashi.com/%E5%B0%8F%E6%9E%97%E8%A3%BD%E8%96%AC-%E3%82%B5%E3%83%A9%E3%82%B5%E3%83%BC%E3%83%86%E3%82%A3-%E3%82%B5%E3%83%A9%E3%82%B5%E3%83%BC%E3%83%86%E3%82%A3%E3%82%B3%E3%83%83%E3%83%88%E3%83%B3100-2%E6%9E%9A%E9%87%8D%E3%81%AD%E3%81%AE%E3%82%81%E3%81%8F%E3%82%8C%E3%82%8B%E3%82%B7%E3%83%', '', 'https://detail.tmall.hk/hk/item.htm?spm=a1z10.3-b.w4011-11001254976.376.8kDcds&id=36403354140&rn=a7f5640280b92e17a4d8eea855fd1120&abbucket=3', NULL),
(0000000307, 023, 'マルマン maruman', 'maruman肝活源90粒 酵母牡蛎蛤蜊精华 解酒', 0, 2, 00000, 1600, 1600, 70, 2, 'https://www.amazon.co.jp/%E3%83%9E%E3%83%AB%E3%83%9E%E3%83%B3-1-%E8%82%9D%E6%B4%BB%E6%BA%90-%E3%81%8B%E3%82%93%E3%81%8B%E3%81%A4%E3%81%92%E3%82%93-600mg%C3%9790%E7%B2%92/dp/B000FQOQI6/ref=sr_1_2?ie=UTF8&qid=1471330077&sr=8-2&keywords=%E8%82%9D%E6%B4%BB%E6%BA%90', '', 'https://detail.tmall.hk/hk/item.htm?spm=a1z10.3-b.w4011-11001254976.381.8kDcds&id=19013961217&rn=a7f5640280b92e17a4d8eea855fd1120&abbucket=3', NULL),
(0000000308, 023, 'すまいるぽけっと 赤ちゃんミルクウエハース 1枚×9包', '和光堂婴儿辅食无糖高钙牛奶威化磨牙饼干1*9袋7月起', 0, 2, 00000, 180, 162, 70, 1, 'http://www.yodobashi.com/%E5%92%8C%E5%85%89%E5%A0%82-WAKODO-%E3%81%99%E3%81%BE%E3%81%84%E3%82%8B%E3%81%BD%E3%81%91%E3%81%A3%E3%81%A8-%E8%B5%A4%E3%81%A1%E3%82%83%E3%82%93%E3%83%9F%E3%83%AB%E3%82%AF%E3%82%A6%E3%82%A8%E3%83%8F%E3%83%BC%E3%82%B9-1%E6%9E%9A%C3%979%E5%8C%85-%E5%AF%BE%E8%B1%A1%E6%9C%88%E9%', '', 'https://detail.tmall.hk/hk/item.htm?spm=a1z10.3-b.w4011-11001254976.386.8kDcds&id=35893010370&rn=a7f5640280b92e17a4d8eea855fd1120&abbucket=3', NULL),
(0000000309, 023, '専科 保湿クリームからつくった化粧水(しっとり) 200ml', '资生堂 保湿专科化妆水爽肤水 补水润泽收毛孔 滋润型 ', 0, 2, 00000, 707, 636, 70, 1, 'http://www.yodobashi.com/%E5%B0%82%E7%A7%91-%E4%BF%9D%E6%B9%BF%E3%82%AF%E3%83%AA%E3%83%BC%E3%83%A0%E3%81%8B%E3%82%89%E3%81%A4%E3%81%8F%E3%81%A3%E3%81%9F%E5%8C%96%E7%B2%A7%E6%B0%B4-%E3%81%97%E3%81%A3%E3%81%A8%E3%82%8A-200ml/pd/100000001001263464/', '', 'https://detail.tmall.hk/hk/item.htm?spm=a1z10.3-b.w4011-11001254976.366.8kDcds&id=26260492350&rn=a7f5640280b92e17a4d8eea855fd1120&abbucket=3&skuId=46526480675', NULL),
(0000000310, 023, '専科 保湿クリームからつくった乳液 つめかえ用 130ml', '资生堂保湿专科 保湿乳液 130ml替换装 ', 0, 2, 00000, 597, 537, 70, 1, 'http://www.yodobashi.com/%E4%BF%9D%E6%B9%BF%E3%82%AF%E3%83%AA%E3%83%BC%E3%83%A0%E3%81%8B%E3%82%89%E3%81%A4%E3%81%8F%E3%81%A3%E3%81%9F%E4%B9%B3%E6%B6%B2-%E3%81%A4%E3%82%81%E3%81%8B%E3%81%88%E7%94%A8/pd/100000001001398268/', '', 'https://detail.tmall.hk/hk/item.htm?spm=a1z10.3-b.w4011-11001254976.354.8kDcds&id=20164717598&rn=a7f5640280b92e17a4d8eea855fd1120&abbucket=3', NULL),
(0000000311, 044, '235-05040', '千趣会 BABY婴儿男女天竺棉印花7分袖T恤', 0, 2, 00100, 1069, 1169, 110, 13, 'http://www.bellemaison.jp/ep/srvlt/EPFB00/EPFB0005/dProdDtlShow?BELN_SHOP_KBN=100&KAT_BTGO=C01609_312_2016_C&SHNCRTTKKRO_KBN=03', '', 'https://world.tmall.com/item/536731771708.htm?spm=a312a.7700824.w4011-14853139437.122.goihgY&id=536731771708&rn=35dcb36aba47a162f5886608e0dffe1e&abbucket=20#', NULL),
(0000000312, 044, '235-04890', '千趣会 BABY婴儿男女天竺棉叠穿风印花长袖T恤', 0, 2, 00100, 1069, 1169, 110, 13, 'http://www.bellemaison.jp/ep/srvlt/EPFB00/EPFB0005/dProdDtlShow?BELN_SHOP_KBN=100&KAT_BTGO=C01607_312_2016_C&SHNCRTTKKRO_KBN=0H', '', 'https://world.tmall.com/item/536732475304.htm?spm=a312a.7700824.w4011-14853139437.130.goihgY&id=536732475304&rn=35dcb36aba47a162f5886608e0dffe1e&abbucket=20', NULL),
(0000000313, 044, '235-04964', '千趣会 BABY婴儿男女天竺棉印花长袖T恤', 0, 2, 00100, 1069, 1169, 110, 13, 'http://www.bellemaison.jp/ep/srvlt/EPFB00/EPFB0005/dProdDtlShow?BELN_SHOP_KBN=100&KAT_BTGO=C01608_312_2016_C&SHNCRTTKKRO_KBN=0H', '', 'https://world.tmall.com/item/536880536348.htm?spm=a312a.7700824.w4011-14853139437.142.goihgY&id=536880536348&rn=35dcb36aba47a162f5886608e0dffe1e&abbucket=20', NULL),
(0000000314, 044, '235-06716', '千趣会 BABY婴儿女宝宝条纹拼接连衣裙', 0, 2, 00100, 1933, 2033, 180, 13, 'http://www.bellemaison.jp/ep/srvlt/EPFB00/EPFB0005/dProdDtlShow?BELN_SHOP_KBN=100&KAT_BTGO=B17311_312_2016_C&SHNCRTTKKRO_KBN=0H', '', 'https://world.tmall.com/item/521801334091.htm?spm=a312a.7700824.w4011-14853139437.222.goihgY&id=521801334091&rn=35dcb36aba47a162f5886608e0dffe1e&abbucket=20', NULL),
(0000000315, 044, '235-05664', '千趣会 BABY婴儿男女腰部配色小毛圈长裤', 0, 2, 00100, 1069, 1169, 110, 13, 'http://www.bellemaison.jp/ep/srvlt/EPFB00/EPFB0005/dProdDtlShow?BELN_SHOP_KBN=100&KAT_BTGO=187944_312_2016_C&SHNCRTTKKRO_KBN=0H', '', 'https://world.tmall.com/item/37276290328.htm?spm=a312a.7700824.w4011-14853139437.122.23EUzS&id=37276290328&rn=744afe182fa5612843166564d55c7a2a&abbucket=20', NULL),
(0000000316, 044, '235-15820', '千趣会 BABY婴儿女宝宝附裙打底裤', 0, 2, 00100, 1393, 1493, 150, 13, 'http://www.bellemaison.jp/ep/srvlt/EPFB00/EPFB0005/dProdDtlShow?BELN_SHOP_KBN=100&KAT_BTGO=A75278_312_2016_C&SHNCRTTKKRO_KBN=0H', '', 'https://world.tmall.com/item/44556494835.htm?spm=a312a.7700824.w4011-14853139437.130.23EUzS&id=44556494835&rn=744afe182fa5612843166564d55c7a2a&abbucket=20', NULL),
(0000000317, 044, '235-04234', '千趣会 BABY婴儿男女弹力天竺棉印花长袖T恤', 0, 2, 00100, 961, 1061, 100, 13, 'http://www.bellemaison.jp/ep/srvlt/EPFB00/EPFB0005/dProdDtlShow?BELN_SHOP_KBN=100&KAT_BTGO=B96562_312_2016_C&SHNCRTTKKRO_KBN=0H', '', 'https://world.tmall.com/item/536880764678.htm?spm=a312a.7700824.w4011-14853139437.242.23EUzS&id=536880764678&rn=744afe182fa5612843166564d55c7a2a&abbucket=20', NULL),
(0000000318, 044, '235-04324', '千趣会 BABY婴儿男女卡通印花护肚双层连体式上衣', 0, 2, 00100, 1393, 1493, 150, 13, 'http://www.bellemaison.jp/ep/srvlt/EPFB00/EPFB0005/dProdDtlShow?BELN_SHOP_KBN=100&KAT_BTGO=C01606_312_2016_C&SHNCRTTKKRO_KBN=0H', '', 'https://world.tmall.com/item/536849345365.htm?spm=a312a.7700824.w4011-14853139437.234.23EUzS&id=536849345365&rn=744afe182fa5612843166564d55c7a2a&abbucket=20', NULL),
(0000000319, 044, '235-08156', '千趣会 BABY轻绗缝打底连体内衣', 0, 2, 00100, 1069, 1169, 110, 13, 'http://www.bellemaison.jp/ep/srvlt/EPFB00/EPFB0005/dProdDtlShow?BELN_SHOP_KBN=100&KAT_BTGO=980713_312_2016_C&SHNCRTTKKRO_KBN=0H', '', '', NULL),
(0000000320, 044, '235-07570', '千趣会 BABY轻绗缝打底连体内衣', 0, 2, 00100, 1026, 1126, 110, 13, 'http://www.bellemaison.jp/ep/srvlt/EPFB00/EPFB0005/dProdDtlShow?BELN_SHOP_KBN=100&KAT_BTGO=B17408_312_2016_C&SHNCRTTKKRO_KBN=0H', '', '', NULL),
(0000000321, 017, 'ミルフィー HP 850g', '低敏奶粉 850g 不含乳糖', 0, 5, 01000, 2910, 2919, 0, 1, 'http://www.yodobashi.com/%E6%98%8E%E6%B2%BB-%E3%83%9F%E3%83%AB%E3%83%95%E3%82%A3%E3%83%BC-%E3%83%9F%E3%83%AB%E3%83%95%E3%82%A3%E3%83%BC-HP-850g-%E7%89%B9%E6%AE%8A%E3%83%9F%E3%83%AB%E3%82%AF/pd/100000001002165445/', '@@', 'https://detail.tmall.hk/hk/item.htm?spm=a1z10.3-b-s.w4011-14870182976.344.SRLnGY&id=38752730268&rn=38deccc9492148269fe74689bd5d2656&abbucket=8', NULL),
(0000000322, 018, 'アイクレオ フォローアップミルク 820g', '奶粉 二段/2段(9个月～3岁) 便携装 13.6gX10', 0, 5, 01000, 2030, 2127, 0, 1, '', '@@', 'https://detail.tmall.hk/hk/item.htm?spm=a1z10.3-b-s.w4011-14870182976.188.NQSitm&id=38536508155&rn=f46a110c04f623f739899a6db1cc60ab&abbucket=8', NULL),
(0000000323, 017, '明治 ステップ らくらくキューブ', '奶粉2段便携装1344g', 0, 5, 01500, 3670, 3753, 0, 1, 'http://www.yodobashi.com/%E6%98%8E%E6%B2%BB-meiji-%E6%98%8E%E6%B2%BB-%E3%82%B9%E3%83%86%E3%83%83%E3%83%97-%E3%82%89%E3%81%8F%E3%82%89%E3%81%8F%E3%82%AD%E3%83%A5%E3%83%BC%E3%83%96-1344g%EF%BC%8828g%C3%9724%E8%A2%8B%C3%972%E7%AE%B1%EF%BC%89-%E5%AF%BE%E8%B1%A1%E6%9C%88%E9%BD%A2%EF%BC%9A%EF%BD%9E3%E6%AD', '', 'https://detail.tmall.hk/hk/item.htm?spm=a1z10.3-b-s.w4011-14870182976.107.NQSitm&id=528300504014&rn=f46a110c04f623f739899a6db1cc60ab&abbucket=8', NULL),
(0000000324, 017, '明治ほほえみ らくらくキューブ ', '1段便携装奶粉 0-1岁24袋*2盒', 0, 5, 01500, 4060, 4104, 0, 1, 'http://www.yodobashi.com/%E6%98%8E%E6%B2%BB-meiji-%E3%81%BB%E3%81%BB%E3%81%88%E3%81%BF-%E6%98%8E%E6%B2%BB%E3%81%BB%E3%81%BB%E3%81%88%E3%81%BF-%E3%82%89%E3%81%8F%E3%82%89%E3%81%8F%E3%82%AD%E3%83%A5%E3%83%BC%E3%83%96-27g%C3%9748%E8%A2%8B-%E5%AF%BE%E8%B1%A1%E6%9C%88%E9%BD%A2%EF%BC%9A0%E3%83%B6%E6%9C%88', '@@', 'https://detail.tmall.hk/hk/item.htm?spm=a1z10.3-b-s.w4011-14870182976.107.NQSitm&id=528300504014&rn=f46a110c04f623f739899a6db1cc60ab&abbucket=8', NULL),
(0000000325, 018, 'アイクレオ フォローアップミルク 820g', '1段便携装12.7g*10包', 0, 5, 01000, 2030, 2127, 0, 1, '', '@@', 'https://detail.tmall.hk/hk/item.htm?spm=a1z10.3-b-s.w4011-14870182976.182.NQSitm&id=38506535974&rn=f46a110c04f623f739899a6db1cc60ab&abbucket=8', NULL),
(0000000326, 022, 'BR1569', '孕妇哺乳文胸 BR1569 3-4l', 0, 2, 00200, 2268, 2468, 0, 5, 'http://www.inujirushi-shop.jp/shopdetail/000000003129/003/O/page1/brandname/', '', 'https://detail.tmall.com/item.htm?spm=a1z10.3-b-s.w4011-14569094593.122.by0wWa&id=41098402807&rn=976bc40fc1672517bdeb73800ff87abf&abbucket=8', NULL),
(0000000327, 022, 'BR1569', '孕妇哺乳文胸 BR1569 m-l', 0, 2, 00200, 2052, 2252, 0, 5, 'http://www.inujirushi-shop.jp/shopdetail/003000000019/003/O/page1/brandname/', '', 'https://detail.tmall.com/item.htm?spm=a1z10.3-b-s.w4011-14569094593.122.by0wWa&id=41098402807&rn=976bc40fc1672517bdeb73800ff87abf&abbucket=8', NULL),
(0000000328, 022, 'SH2466', '收腹内裤 SH2466', 0, 2, 00100, 972, 1072, 0, 5, 'http://www.inujirushi-shop.jp/shop/shopdetail.html?brandcode=000000003364&search=2466&sort=', '', 'https://detail.tmall.hk/hk/item.htm?spm=a1z10.3-b-s.w4011-14711361056.93.YKT1VX&id=535771452068&rn=125cf80cbd611536e7777e11a8eebbd3&abbucket=8&sku_properties=20509:80578', NULL),
(0000000329, 022, 'BR1624', '胸罩 BR1624', 0, 2, 00100, 1944, 2044, 0, 5, 'http://www.inujirushi-shop.jp/shopdetail/000000003137/003/O/page1/brandname/', '', 'https://detail.tmall.hk/hk/item.htm?spm=a1z10.3-b-s.w4011-14711361056.103.YKT1VX&id=535737204877&rn=125cf80cbd611536e7777e11a8eebbd3&abbucket=8&sku_properties=1627207:90554', NULL),
(0000000330, 022, 'N3807RR', '束腹带 N3807RR', 0, 2, 00200, 5400, 5600, 0, 5, 'http://www.inujirushi-shop.jp/shopdetail/000000004457/009/002/X/page1/brandname/', '', 'https://detail.tmall.hk/hk/item.htm?spm=a1z10.3-b-s.w4011-14711361056.108.YKT1VX&id=535688016445&rn=125cf80cbd611536e7777e11a8eebbd3&abbucket=8&sku_properties=20509:10122', NULL),
(0000000331, 022, '261-8704', '束腹带 261-8704', 0, 2, 00500, 4212, 4712, 0, 5, 'http://www.inujirushi-shop.jp/shopdetail/000000004395/', '', 'https://detail.tmall.hk/hk/item.htm?spm=a1z10.3-b-s.w4011-14711361056.123.YKT1VX&id=535930301363&rn=125cf80cbd611536e7777e11a8eebbd3&abbucket=8&sku_properties=20509:28383', NULL),
(0000000332, 022, 'SH2395', '收腹内裤 SH2395', 0, 2, 00100, 756, 856, 0, 5, 'http://www.inujirushi-shop.jp/shop/shopdetail.html?brandcode=005000000032&search=SH2395&sort=', '', 'https://detail.tmall.hk/hk/item.htm?spm=a1z10.3-b-s.w4011-14711361056.131.YKT1VX&id=535734452257&rn=125cf80cbd611536e7777e11a8eebbd3&abbucket=8&sku_properties=20509:80578', NULL),
(0000000333, 022, 'SH2455', '收腹内裤 SH2455', 0, 2, 00100, 864, 964, 0, 5, 'http://www.inujirushi-shop.jp/shop/shopdetail.html?brandcode=000000003360&search=SH2455&sort=', '', 'https://detail.tmall.hk/hk/item.htm?spm=a1z10.3-b-s.w4011-14711361056.138.YKT1VX&id=535736880449&rn=125cf80cbd611536e7777e11a8eebbd3&abbucket=8&sku_properties=20509:80578', NULL),
(0000000334, 022, 'HB8102A', '托腹带 HB8102A', 0, 2, 00200, 3456, 3656, 0, 5, 'http://www.inujirushi-shop.jp/shop/shopdetail.html?brandcode=000000004405&search=HB8102&sort=', '', 'https://detail.tmall.hk/hk/item.htm?spm=a1z10.3-b-s.w4011-14711361056.156.YKT1VX&id=535734945564&rn=125cf80cbd611536e7777e11a8eebbd3&abbucket=8', NULL),
(0000000335, 022, 'HB8102A', '托腹带 HB8102A LL', 0, 2, 00200, 3672, 3872, 0, 5, 'http://www.inujirushi-shop.jp/shop/shopdetail.html?brandcode=000000004405&search=HB8102&sort=', '', 'https://detail.tmall.hk/hk/item.htm?spm=a1z10.3-b-s.w4011-14711361056.156.YKT1VX&id=535734945564&rn=125cf80cbd611536e7777e11a8eebbd3&abbucket=8', NULL),
(0000000336, 022, 'HB8102A', '托腹带 HB8102A 3L', 0, 2, 00200, 3888, 4088, 0, 5, 'http://www.inujirushi-shop.jp/shop/shopdetail.html?brandcode=000000004407&search=HB8102&sort=', '', 'https://detail.tmall.hk/hk/item.htm?spm=a1z10.3-b-s.w4011-14711361056.156.YKT1VX&id=535734945564&rn=125cf80cbd611536e7777e11a8eebbd3&abbucket=8', NULL),
(0000000337, 022, 'SH2506', '收腹内裤 SH2506', 0, 2, 00100, 1080, 1180, 0, 5, 'http://www.inujirushi-shop.jp/shop/shopdetail.html?brandcode=000000004425&search=SH2506&sort=', '', 'https://detail.tmall.com/item.htm?spm=a1z10.3-b-s.w4011-14569094593.147.qaESec&id=41080243684&rn=e66a1bbf8325f75b7fa54cc44c189be9&abbucket=8&sku_properties=20509:80578', NULL),
(0000000338, 022, 'SH2506 3L', '收腹内裤 SH2506', 0, 2, 00100, 1296, 1396, 0, 5, 'http://www.inujirushi-shop.jp/shop/shopdetail.html?brandcode=000000004426&search=SH2506&sort=', '', 'https://detail.tmall.com/item.htm?spm=a1z10.3-b-s.w4011-14569094593.147.qaESec&id=41080243684&rn=e66a1bbf8325f75b7fa54cc44c189be9&abbucket=8&sku_properties=20509:80578', NULL),
(0000000339, 022, 'SH2506 5L', '收腹内裤 SH2506', 0, 2, 00100, 1404, 1504, 0, 5, 'http://www.inujirushi-shop.jp/shop/shopdetail.html?brandcode=000000004426&search=SH2506&sort=', '', 'https://detail.tmall.com/item.htm?spm=a1z10.3-b-s.w4011-14569094593.147.qaESec&id=41080243684&rn=e66a1bbf8325f75b7fa54cc44c189be9&abbucket=8&sku_properties=20509:80578', NULL),
(0000000340, 022, ' PS6218', '连裤袜 PS6218', 0, 2, 00100, 1080, 1180, 0, 5, 'http://www.inujirushi-shop.jp/shop/shopdetail.html?brandcode=008000000077&search=PS6218&sort=', '', 'https://detail.tmall.hk/hk/item.htm?spm=a1z10.3-b-s.w4011-14711361056.210.UqkaUA&id=535709077975&rn=6782d6708d619b57c01667bfcf27b81a&abbucket=8&sku_properties=20509:32102', NULL),
(0000000341, 022, 'PS6143　', '连裤袜 PS6143　', 0, 2, 00100, 1296, 1396, 0, 5, 'http://www.inujirushi-shop.jp/shopdetail/000000003308/008/O/page1/brandname/', '', 'https://detail.tmall.hk/hk/item.htm?spm=a1z10.5-b-s.w4011-14711361053.68.yhfrvI&id=535708673169&rn=d582b9f7866d1a3c0f36944efa7688ba&abbucket=8&sku_properties=20509:32102', NULL),
(0000000342, 022, 'PS6147', '连裤袜 PS6147　', 0, 2, 00100, 1080, 1180, 0, 5, 'http://www.inujirushi-shop.jp/shopdetail/000000004438/008/O/page1/brandname/', '', 'https://detail.tmall.hk/hk/item.htm?spm=a1z10.5-b-s.w4011-14711361053.68.yhfrvI&id=535708673169&rn=d582b9f7866d1a3c0f36944efa7688ba&abbucket=8&sku_properties=20509:32102', NULL),
(0000000343, 034, 'UVライトベール', '防晒乳液90ml', 0, 2, 00200, 2592, 2533, 0, 10, 'http://www.natural-s.jp/shop/g/g360/', '', 'https://detail.tmall.hk/hk/item.htm?spm=a1z10.3-b-s.w4011-14871333671.126.DfFfgb&id=524902501902&rn=815c62763533b602d3e203fabffc8c3f&abbucket=8', NULL),
(0000000344, 034, 'ニプルベール', '乳头保护霜', 0, 2, 00100, 1296, 1266, 0, 10, 'http://www.natural-s.jp/shop/g/g165/', '', 'https://detail.tmall.hk/hk/item.htm?spm=a1z10.3-b-s.w4011-14871333671.135.DfFfgb&id=536859162436&rn=815c62763533b602d3e203fabffc8c3f&abbucket=8', NULL),
(0000000345, 034, 'クリアターン ホワイトマスク', '高丝面膜 ', 0, 2, 00100, 504, 554, 0, 1, 'http://www.yodobashi.com/%E3%82%B3%E3%83%BC%E3%82%BB%E3%83%BC%E3%82%B3%E3%82%B9%E3%83%A1%E3%83%9D%E3%83%BC%E3%83%88-KOSE-COSMEPORT-%E3%82%AF%E3%83%AA%E3%82%A2%E3%82%BF%E3%83%BC%E3%83%B3-%E3%83%9B%E3%83%AF%E3%82%A4%E3%83%88%E3%83%9E%E3%82%B9%E3%82%AF-%E3%83%88%E3%83%A9%E3%83%8D%E3%82%AD%E3%82%B5%E3%8', '', 'https://detail.tmall.hk/hk/item.htm?spm=a1z10.3-b-s.w4011-14448547843.28.39oYMu&id=527696499940&rn=c70cd888df7ab91de5c5fabb48c95fb1&abbucket=8', NULL),
(0000000346, 034, 'どうぶつビスケット', '婴幼儿动物饼干 ', 0, 2, 00100, 181, 281, 0, 2, 'https://www.amazon.co.jp/%E5%92%8C%E5%85%89%E5%A0%82-T14-%E5%92%8C%E5%85%89%E5%A0%82%E3%81%AE%E3%81%8A%E3%82%84%E3%81%A4%E3%81%99%E3%81%BE%E3%81%84%E3%82%8B%E3%81%BD%E3%81%91%E3%81%A3%E3%81%A8-%E3%81%A9%E3%81%86%E3%81%B6%E3%81%A4%E3%83%93%E3%82%B9%E3%82%B1%E3%83%83%E3%83%88-25g%C3%972%E8%A2%8B/dp/B0', '', 'https://detail.tmall.hk/hk/item.htm?spm=a1z10.3-b-s.w4011-14870182976.159.NG5T4g&id=38783569497&rn=c30497101b21f68cd92e8a9f960e70c1&abbucket=8', NULL),
(0000000347, 034, 'チーズスティック', '高钙芝士条饼干', 0, 2, 00100, 181, 281, 0, 2, 'https://www.amazon.co.jp/%E5%92%8C%E5%85%89%E5%A0%82-T16-%E5%92%8C%E5%85%89%E5%A0%82%E3%81%AE%E3%81%8A%E3%82%84%E3%81%A4%E3%81%99%E3%81%BE%E3%81%84%E3%82%8B%E3%81%BD%E3%81%91%E3%81%A3%E3%81%A8-%E3%83%81%E3%83%BC%E3%82%BA%E3%82%B9%E3%83%86%E3%82%A3%E3%83%83%E3%82%AF-3%E6%9C%AC%C3%977%E5%8C%85/dp/B006', '', 'https://detail.tmall.hk/hk/item.htm?spm=a1z10.3-b-s.w4011-14870182976.164.NG5T4g&id=38794160455&rn=c30497101b21f68cd92e8a9f960e70c1&abbucket=8', NULL),
(0000000348, 034, 'たまごボーロ', '牛奶波波饼干', 0, 2, 00100, 180, 262, 0, 1, 'http://www.yodobashi.com/%E5%92%8C%E5%85%89%E5%A0%82-WAKODO-%E3%81%99%E3%81%BE%E3%81%84%E3%82%8B%E3%81%BD%E3%81%91%E3%81%A3%E3%81%A8-%E3%81%9F%E3%81%BE%E3%81%94%E3%83%9C%E3%83%BC%E3%83%AD-25g%C3%972%E8%A2%8B-%E5%AF%BE%E8%B1%A1%E6%9C%88%E9%BD%A2%EF%BC%9A7%E3%83%B6%E6%9C%88%E9%A0%83%EF%BD%9E/pd/100000', '', 'https://detail.tmall.hk/hk/item.htm?spm=a1z10.3-b-s.w4011-14870182976.184.NG5T4g&id=38794356923&rn=c30497101b21f68cd92e8a9f960e70c1&abbucket=8', NULL),
(0000000349, 034, '鉄とカルシウムのしらすとわかめの赤ちゃんおせんべい', '蔬菜米饼', 0, 2, 00100, 180, 262, 0, 1, 'http://www.yodobashi.com/%E5%92%8C%E5%85%89%E5%A0%82-WAKODO-%E3%81%99%E3%81%BE%E3%81%84%E3%82%8B%E3%81%BD%E3%81%91%E3%81%A3%E3%81%A8-%E9%89%84%E3%81%A8%E3%82%AB%E3%83%AB%E3%82%B7%E3%82%A6%E3%83%A0%E3%81%AE%E3%81%97%E3%82%89%E3%81%99%E3%81%A8%E3%82%8F%E3%81%8B%E3%82%81%E3%81%AE%E8%B5%A4%E3%81%A1%E3%8', '', 'https://detail.tmall.hk/hk/item.htm?spm=a1z10.3-b-s.w4011-14870182976.186.NG5T4g&id=38767226566&rn=c30497101b21f68cd92e8a9f960e70c1&abbucket=8', NULL),
(0000000350, 034, '鉄とカルシウムのチーズクラッカー', '交通饼干', 0, 2, 00100, 180, 262, 0, 1, 'http://www.yodobashi.com/%E5%92%8C%E5%85%89%E5%A0%82-WAKODO-%E3%81%99%E3%81%BE%E3%81%84%E3%82%8B%E3%81%BD%E3%81%91%E3%81%A3%E3%81%A8-%E9%89%84%E3%81%A8%E3%82%AB%E3%83%AB%E3%82%B7%E3%82%A6%E3%83%A0%E3%81%AE%E3%83%81%E3%83%BC%E3%82%BA%E3%82%AF%E3%83%A9%E3%83%83%E3%82%AB%E3%83%BC-25g%C3%972%E8%A2%8B-%E', '', 'https://detail.tmall.hk/hk/item.htm?spm=a1z10.3-b-s.w4011-14870182976.171.NG5T4g&id=38782713989&rn=c30497101b21f68cd92e8a9f960e70c1&abbucket=8', NULL),
(0000000351, 001, 'メリーズ テープ L 54枚 ', '尿不湿  L 54枚 ', 0, 5, 01800, 1240, 1780, 0, 3, 'https://www.the-seiyu.com/front/commodity/00000000/994901301230881/?utm_source=google&utm_medium=shopping&aff_id=syfegg0002&utm_campaign=994901301230881&gclid=Cj0KEQjwx96-BRDyzY3GqcqZgcgBEiQANHd-ngrOcFq-ykthf51sfUf7-AmwfPyyLQDv8B-HpeG1TYUaAnaI8P8HAQ', '@@', '', NULL),
(0000000352, 037, 'SM-KB48-AW', '保温杯 SM-KB48-AW', 0, 2, 00400, 2454, 2854, 0, 12, 'http://store.shopping.yahoo.co.jp/soukai/4974305206367.html', '', 'https://detail.tmall.com/item.htm?spm=a1z10.3-b-s.w4011-14532019258.84.JE5EhB&id=20777027791&rn=5bfa7f623bd3f4f797f16bbca2c7701f&abbucket=8', NULL),
(0000000353, 037, 'SM-KB48-VJ', '保温杯 SM-KB48-VJ', 0, 2, 00400, 2755, 3155, 0, 12, 'http://store.shopping.yahoo.co.jp/soukai/4974305206367.html', '', 'https://detail.tmall.com/item.htm?spm=a1z10.3-b-s.w4011-14532019258.84.JE5EhB&id=20777027791&rn=5bfa7f623bd3f4f797f16bbca2c7701f&abbucket=8', NULL),
(0000000354, 037, 'SM-SA48-NM', '保温杯 SM-SA48-NM', 0, 2, 00400, 2800, 3200, 0, 2, 'https://www.amazon.co.jp/dp/B00HYOGTU0/ref=twister_B018K3B84U?_encoding=UTF8', '', 'https://detail.tmall.com/item.htm?spm=a1z10.3-b-s.w4011-14532019258.112.JE5EhB&id=39170729130&rn=5bfa7f623bd3f4f797f16bbca2c7701f&abbucket=8', NULL),
(0000000355, 037, 'SM-SA36-BA', '保温杯 SM-SA36-BA', 0, 2, 00400, 2035, 2435, 0, 12, 'http://store.shopping.yahoo.co.jp/plusmart/4974305208132.html', '', 'https://detail.tmall.com/item.htm?spm=a1z10.3-b-s.w4011-14532019258.179.JE5EhB&id=39595709570&rn=5bfa7f623bd3f4f797f16bbca2c7701f&abbucket=8', NULL),
(0000000356, 037, 'SM-SA36-RW', '保温杯 SM-SA36-RW', 0, 2, 00400, 2900, 3300, 0, 12, 'http://store.shopping.yahoo.co.jp/allone/sm-sa36-rw.html', '', 'https://detail.tmall.com/item.htm?spm=a1z10.3-b-s.w4011-14532019258.179.JE5EhB&id=39595709570&rn=5bfa7f623bd3f4f797f16bbca2c7701f&abbucket=8', NULL),
(0000000357, 037, 'SM-SA60-RW', '保温杯 SM-SA60-RW', 0, 2, 00400, 2680, 3080, 0, 12, 'http://store.shopping.yahoo.co.jp/yamakishi/4974305208187.html', '', 'https://detail.tmall.hk/hk/item.htm?spm=a220m.1000858.1000725.6.gbuHQa&id=41211049705&skuId=69460779418&areaId=210321&cat_id=2&rn=0061871248bfa686c32df235742316e5&user_id=2224899691&is_b=1', NULL),
(0000000358, 037, 'SM-JD36-NL', '保温杯 SM-JD36-NL', 0, 2, 00400, 1582, 1982, 0, 2, 'https://www.amazon.co.jp/%E7%9B%B4%E9%A3%B2%E3%81%BF-%E3%82%B9%E3%83%86%E3%83%B3%E3%83%AC%E3%82%B9%E3%83%9E%E3%82%B0-360ml-%E3%82%B7%E3%83%8A%E3%83%A2%E3%83%B3%E3%82%B4%E3%83%BC%E3%83%AB%E3%83%89-SM-JD36-NL/dp/B00MAXTFCY/ref=sr_1_1_m?ie=UTF8&qid=1473840472&sr=8-1&keywords=SM-JD36', '', 'https://detail.tmall.hk/hk/item.htm?spm=a1z10.3-b-s.w4011-15029467069.100.xMjBzg&id=536688525026&rn=aa529a4f09fedd7679cb0e35f1d573ca&abbucket=8', NULL),
(0000000359, 037, 'SM-JD36-PA', '保温杯 SM-JD36-PA', 0, 2, 00400, 1582, 1982, 0, 2, 'https://www.amazon.co.jp/%E7%9B%B4%E9%A3%B2%E3%81%BF-%E3%82%B9%E3%83%86%E3%83%B3%E3%83%AC%E3%82%B9%E3%83%9E%E3%82%B0-360ml-%E3%82%B7%E3%83%8A%E3%83%A2%E3%83%B3%E3%82%B4%E3%83%BC%E3%83%AB%E3%83%89-SM-JD36-NL/dp/B00MAXVPFY/ref=sr_1_1_m?ie=UTF8&qid=1473840472&sr=8-1&keywords=SM-JD36', '', 'https://detail.tmall.hk/hk/item.htm?spm=a1z10.3-b-s.w4011-15029467069.100.xMjBzg&id=536688525026&rn=aa529a4f09fedd7679cb0e35f1d573ca&abbucket=8', NULL),
(0000000360, 037, 'SM-JD48-NL', '保温杯 SM-JD48-NL', 0, 2, 00400, 1900, 2300, 0, 2, 'https://www.amazon.co.jp/%E7%9B%B4%E9%A3%B2%E3%81%BF-%E3%82%B9%E3%83%86%E3%83%B3%E3%83%AC%E3%82%B9%E3%83%9E%E3%82%B0-480ml-%E3%83%96%E3%83%A9%E3%83%83%E3%82%AF-SM-JD48-BA/dp/B00MAY0XNS/ref=sr_1_1?ie=UTF8&qid=1473841225&sr=8-1&keywords=SM-JD48', '', 'https://detail.tmall.hk/hk/item.htm?spm=a1z10.3-b-s.w4011-15029467069.95.xMjBzg&id=536690209563&rn=aa529a4f09fedd7679cb0e35f1d573ca&abbucket=8', NULL),
(0000000361, 037, 'SM-XB48', '保温杯 SM-XB48', 0, 2, 00400, 1936, 2336, 0, 2, 'https://www.amazon.co.jp/%E3%82%B9%E3%83%86%E3%83%B3%E3%83%AC%E3%82%B9%E3%83%9E%E3%82%B0-480ml-%E3%83%80%E3%83%BC%E3%82%AF%E3%82%B3%E3%82%B3%E3%82%A2%E3%82%AF%E3%82%A4%E3%83%83%E3%82%AF%E3%82%AA%E3%83%BC%E3%83%97%E3%83%B3-%E3%82%A4%E3%83%BC%E3%82%B8%E3%83%BC%E3%83%AD%E3%83%83%E3%82%AF-SM-XB48-TD/dp/', '', 'https://detail.tmall.com/item.htm?spm=a1z10.3-b.w4011-10311852670.49.YMnaRa&id=43985419701&rn=8fec329d9a65994cffa817ffef55ce8c&abbucket=8', NULL),
(0000000362, 037, 'SM-SC36', '保温杯 SM-SC36', 0, 2, 00400, 2409, 2809, 0, 2, 'https://www.amazon.co.jp/%E7%9B%B4%E9%A3%B2%E3%81%BF-%E8%BB%BD%E9%87%8F%E3%82%B9%E3%83%86%E3%83%B3%E3%83%AC%E3%82%B9%E3%83%9E%E3%82%B0-360ml-%E3%82%BF%E3%83%BC%E3%82%B3%E3%82%A4%E3%82%BA%E3%83%96%E3%83%AB%E3%83%BC-SM-SC36-AV/dp/B01BTWJLXO/ref=sr_1_1_m?ie=UTF8&qid=1473905503&sr=8-1&keywords=SM-SC36', '', 'https://detail.tmall.com/item.htm?spm=a1z10.5-b-s.w4011-14532019266.146.vgU0Ko&id=530522924148&rn=f924df0ff67be61d60d330e2f058d711&abbucket=8', NULL),
(0000000363, 037, 'SM-SC48', '保温杯 SM-SC48', 0, 2, 00400, 2598, 2998, 0, 2, 'https://www.amazon.co.jp/%E7%9B%B4%E9%A3%B2%E3%81%BF-%E8%BB%BD%E9%87%8F%E3%82%B9%E3%83%86%E3%83%B3%E3%83%AC%E3%82%B9%E3%83%9E%E3%82%B0-480ml-%E3%82%BF%E3%83%BC%E3%82%B3%E3%82%A4%E3%82%BA%E3%83%96%E3%83%AB%E3%83%BC-SM-SC48-AV/dp/B01BTWQSKS/ref=sr_1_1?ie=UTF8&qid=1473907630&sr=8-1&keywords=SM-SC48', '', 'https://detail.tmall.com/item.htm?spm=a1z10.5-b-s.w4011-14532019266.144.vgU0Ko&id=530480438597&rn=f924df0ff67be61d60d330e2f058d711&abbucket=8', NULL),
(0000000364, 037, 'SM-SC60', '保温杯 SM-SC60', 0, 2, 00400, 2830, 3230, 0, 2, 'https://www.amazon.co.jp/%E7%9B%B4%E9%A3%B2%E3%81%BF-%E8%BB%BD%E9%87%8F%E3%82%B9%E3%83%86%E3%83%B3%E3%83%AC%E3%82%B9%E3%83%9E%E3%82%B0-600ml-%E3%82%B9%E3%83%AC%E3%83%BC%E3%83%88%E3%82%B0%E3%83%AC%E3%83%BC-SM-SC60-HM/dp/B01BTX5006/ref=sr_1_1_m?ie=UTF8&qid=1473908033&sr=8-1&keywords=SM-SC60', '', 'https://detail.tmall.com/item.htm?spm=a1z10.5-b-s.w4011-14532019266.139.vgU0Ko&id=530499465593&rn=f924df0ff67be61d60d330e2f058d711&abbucket=8', NULL),
(0000000365, 037, 'SM-KC36', '保温杯 SM-KC36', 0, 2, 00400, 2182, 2582, 0, 2, 'https://www.amazon.co.jp/%E7%9B%B4%E9%A3%B2%E3%81%BF-%E3%82%B9%E3%83%86%E3%83%B3%E3%83%AC%E3%82%B9%E3%83%9E%E3%82%B0-360ml-%E3%83%9C%E3%83%AB%E3%83%89%E3%83%BC-SM-KC36-VD/dp/B01BTWSJRS/ref=sr_1_1_m?ie=UTF8&qid=1473908586&sr=8-1&keywords=SM-KC36', '', 'https://detail.tmall.com/item.htm?spm=a1z10.5-b-s.w4011-14532019266.134.vgU0Ko&id=530502485653&rn=f924df0ff67be61d60d330e2f058d711&abbucket=8', NULL),
(0000000366, 037, 'SM-KC48', '保温杯 SM-KC48', 0, 2, 00400, 2382, 2782, 0, 2, 'https://www.amazon.co.jp/%E7%9B%B4%E9%A3%B2%E3%81%BF-%E3%82%B9%E3%83%86%E3%83%B3%E3%83%AC%E3%82%B9%E3%83%9E%E3%82%B0-480ml-%E3%83%AD%E3%83%BC%E3%82%BA%E3%82%B4%E3%83%BC%E3%83%AB%E3%83%89-SM-KC48-NM/dp/B01BTX7P5O/ref=sr_1_1_m?ie=UTF8&qid=1473908996&sr=8-1&keywords=SM-KC48', '', 'https://detail.tmall.com/item.htm?spm=a1z10.5-b-s.w4011-14532019266.129.vgU0Ko&id=530503285305&rn=f924df0ff67be61d60d330e2f058d711&abbucket=8', NULL),
(0000000367, 037, 'SC-ZT45', '保温杯 SC-ZT45', 0, 2, 00400, 3680, 4080, 0, 12, 'http://ord.yahoo.co.jp/o/shopping/_ylt=A7dPIYMTLtpXf00AZxOkKdhE;_ylu=X3oDMTBiNzloa3JsBHZ0aWQDanBjMDAx/SIG=18el8ambk/EXP=1474002835/**http%3a//rdsig.yahoo.co.jp/search/direct/promodd/evt=114150/RV=1/RE=1474002836/RH=cmRzaWcueWFob28uY28uanA-/RB=/RU=aHR0cDovL3N0b3JlLnNob3BwaW5nLnlhaG9vLmNvLmpwL25haXRva', '', 'https://detail.tmall.com/item.htm?spm=a1z10.5-b-s.w4011-14532019266.77.hr8Rri&id=534814196048&rn=698b1b4ddeaa8958b50800799a750bc8&abbucket=8', NULL),
(0000000368, 037, 'SC-MC60', '保温杯 SC-MC60', 0, 2, 00500, 2518, 3018, 0, 2, 'https://www.amazon.co.jp/%E3%82%B3%E3%83%83%E3%83%97%E3%81%A4%E3%81%8D-%E3%82%B9%E3%83%86%E3%83%B3%E3%83%AC%E3%82%B9%E3%83%9C%E3%83%88%E3%83%AB-600ml-%E3%83%94%E3%83%B3%E3%82%AF-SC-MC60-PA/dp/B01BTWWFD2/ref=sr_1_1?ie=UTF8&qid=1473917073&sr=8-1&keywords=SC-MC60', '', 'https://detail.tmall.com/item.htm?spm=a1z10.5-b-s.w4011-14532019266.92.hr8Rri&id=534812872222&rn=698b1b4ddeaa8958b50800799a750bc8&abbucket=8', NULL),
(0000000369, 037, 'SF-CC13', '保温杯 SF-CC13', 0, 2, 01000, 2772, 3772, 0, 2, 'https://www.amazon.co.jp/%E8%B1%A1%E5%8D%B0-%E3%82%B9%E3%83%86%E3%83%B3%E3%83%AC%E3%82%B9%E3%83%9C%E3%83%88%E3%83%AB-1-3L-SF-CC13-XA-%E3%82%B9%E3%83%86%E3%83%B3%E3%83%AC%E3%82%B9/dp/B0012SIMKO/ref=sr_1_1?ie=UTF8&qid=1473917776&sr=8-1&keywords=SF-CC13', '', 'https://detail.tmall.com/item.htm?spm=a1z10.5-b-s.w4011-14532019266.99.iteZsl&id=18579931961&rn=04ccf7188f48ea9946557b6a1480816a&abbucket=8&skuId=73203685390', NULL),
(0000000370, 037, 'SF-CC15', '保温杯 SF-CC15', 0, 2, 01000, 2847, 3847, 0, 2, 'https://www.amazon.co.jp/%E8%B1%A1%E5%8D%B0-%E3%82%B9%E3%83%86%E3%83%B3%E3%83%AC%E3%82%B9%E3%83%9C%E3%83%88%E3%83%AB-1-5L-%E3%82%B9%E3%83%86%E3%83%B3%E3%83%AC%E3%82%B9-SF-CC15-XA/dp/B0012SNTCU/ref=sr_1_2?ie=UTF8&qid=1473917776&sr=8-2&keywords=SF-CC13', '', 'https://detail.tmall.com/item.htm?spm=a1z10.5-b-s.w4011-14532019266.69.iteZsl&id=21131128839&rn=04ccf7188f48ea9946557b6a1480816a&abbucket=8', NULL),
(0000000371, 037, 'SF-CC20', '保温杯 SF-CC20', 0, 2, 01200, 3681, 4881, 0, 2, 'https://www.amazon.co.jp/%E8%B1%A1%E5%8D%B0-%E3%82%B9%E3%83%86%E3%83%B3%E3%83%AC%E3%82%B9%E3%83%9C%E3%83%88%E3%83%AB-2-0L-%E3%82%B9%E3%83%86%E3%83%B3%E3%83%AC%E3%82%B9-SF-CC20-XA/dp/B0012SIML8/ref=sr_1_1?ie=UTF8&qid=1473919010&sr=8-1&keywords=SF-CC20', '', 'https://detail.tmall.com/item.htm?spm=a1z10.5-b-s.w4011-14532019266.74.lnNFnX&id=16980185337&rn=eab2ebe9516ff17ca9a4ccb3ef273398&abbucket=8', NULL),
(0000000372, 035, 'FFR-1004WF', '儿童保温保冷两用杯 FFR-1004WF', 0, 2, 00800, 2897, 3697, 0, 2, 'https://www.amazon.co.jp/gp/product/B00PPVIR54/ref=oh_aui_detailpage_o05_s00?ie=UTF8&psc=1', '', '', NULL);
INSERT INTO `item` (`id`, `brand`, `japanese_name`, `chinese_name`, `on_sale`, `ship`, `weight`, `buying_price`, `cost`, `selling_price`, `shop`, `link`, `descripe`, `sample`, `kind`) VALUES
(0000000373, 023, 'アンパンマン うちの子天才 マラカス', '面包超人(9)音乐沙锤', 0, 2, 00100, 561, 661, 80, 2, 'https://www.amazon.co.jp/%E3%82%A2%E3%82%AC%E3%83%84%E3%83%9E-20150199-%E3%82%A2%E3%83%B3%E3%83%91%E3%83%B3%E3%83%9E%E3%83%B3-%E3%81%86%E3%81%A1%E3%81%AE%E5%AD%90%E5%A4%A9%E6%89%8D-%E3%83%9E%E3%83%A9%E3%82%AB%E3%82%B9/dp/B00PVBUVFW/ref=sr_1_fkmr0_2?ie=UTF8&qid=1474842923&sr=8-2-fkmr0&keywords=%E3%82', '', 'https://world.taobao.com/item/531507338884.htm?fromSite=main&ali_refid=a3_430620_1006:1110655515:N:%E9%9D%A2%E5%8C%85%E8%B6%85%E4%BA%BA:819a6aa2e30ade3e501a9177', NULL),
(0000000374, 023, 'アンパンマン うちのこ天才 ホイッスル', '面包超人(1)可爱口哨', 0, 2, 00100, 437, 537, 80, 2, 'https://www.amazon.co.jp/%E3%82%A2%E3%82%AC%E3%83%84%E3%83%9E-20150199-%E3%82%A2%E3%83%B3%E3%83%91%E3%83%B3%E3%83%9E%E3%83%B3-%E3%81%86%E3%81%A1%E3%81%AE%E3%81%93%E5%A4%A9%E6%89%8D-%E3%83%9B%E3%82%A4%E3%83%83%E3%82%B9%E3%83%AB/dp/B00PVBUVFM/ref=sr_1_21?ie=UTF8&qid=1474853832&sr=8-21&keywords=%E3%82%', '', 'https://world.taobao.com/item/531507338884.htm?fromSite=main&ali_refid=a3_430620_1006:1110655515:N:%E9%9D%A2%E5%8C%85%E8%B6%85%E4%BA%BA:819a6aa2e30ade3e501a9177', NULL),
(0000000375, 044, '235-01861', '千趣会235-01861婴儿男女棉质连体衣50-60CM', 0, 2, 00100, 1944, 2044, 150, 13, 'http://www.bellemaison.jp/ep/srvlt/EPFB00/EPFB0005/dProdDtlShow?BELN_SHOP_KBN=100&KAT_BTGO=B96765_312_2016_C&SHNCRTTKKRO_KBN=04&CHMN_NO=23501861', '', '', NULL),
(0000000376, 044, '235-03354', '千趣会235-03354婴儿男女棉质连体衣50-60CM', 0, 2, 00100, 2149, 2249, 150, 13, 'http://www.bellemaison.jp/ep/srvlt/EPFB00/EPFB0005/dProdDtlShow?BELN_SHOP_KBN=100&KAT_BTGO=B96774_312_2016_C&SHNCRTTKKRO_KBN=CT', '', '', NULL),
(0000000377, 044, '046-84758', '千趣会046-84758婴儿男女棉质连体衣50-60CM', 0, 2, 00100, 1598, 1698, 150, 13, 'http://www.bellemaison.jp/ep/srvlt/EPFB00/EPFB0005/dProdDtlShow?BELN_SHOP_KBN=100&KAT_BTGO=B54694_585_2016_SP&SHNCRTTKKRO_KBN=0H', '', '', NULL),
(0000000378, 044, '235-03350', '千趣会235-03350婴儿男女棉质连体衣50-60CM', 0, 2, 00100, 2149, 2249, 150, 13, 'http://www.bellemaison.jp/ep/srvlt/EPFB00/EPFB0005/dProdDtlShow?BELN_SHOP_KBN=100&KAT_BTGO=B96771_312_2016_C&SHNCRTTKKRO_KBN=0H', '', '', NULL),
(0000000379, 044, '235-02381', '千趣会235-02381婴儿男女棉质连体衣50-60CM', 0, 2, 00100, 2149, 2249, 150, 13, 'http://www.bellemaison.jp/ep/srvlt/EPFB00/EPFB0005/dProdDtlShow?BELN_SHOP_KBN=100&KAT_BTGO=B96935_312_2016_C&SHNCRTTKKRO_KBN=0H', '', '', NULL),
(0000000380, 044, '235-01979', '千趣会235-01979婴儿男女棉质连体衣50-60CM', 0, 2, 00100, 2160, 2260, 150, 13, 'http://www.bellemaison.jp/ep/srvlt/EPFB00/EPFB0005/dProdDtlShow?BELN_SHOP_KBN=100&KAT_BTGO=B96874_312_2016_C&SHNCRTTKKRO_KBN=0H', '', '', NULL),
(0000000381, 044, '235-02383', '千趣会235-02383婴儿男女棉质连体衣50-60CM', 0, 2, 00100, 2149, 2249, 150, 13, 'http://www.bellemaison.jp/ep/srvlt/EPFB00/EPFB0005/dProdDtlShow?BELN_SHOP_KBN=100&KAT_BTGO=B96936_312_2016_C&SHNCRTTKKRO_KBN=0H', '', '', NULL),
(0000000382, 044, '235-37807', '千趣会235-37807婴儿男女棉质连体衣50-60CM', 0, 2, 00100, 2160, 2260, 150, 13, 'http://www.bellemaison.jp/ep/srvlt/EPFB00/EPFB0005/dProdDtlShow?BELN_SHOP_KBN=100&KAT_BTGO=B96948_311_2016_C&SHNCRTTKKRO_KBN=0H', '', '', NULL),
(0000000383, 044, '042-50203', '千趣会042-50203婴儿男女棉质连体衣50-60CM', 0, 2, 00100, 2160, 2260, 150, 13, 'http://www.bellemaison.jp/ep/srvlt/EPFB00/EPFB0005/dProdDtlShow?BELN_SHOP_KBN=100&KAT_BTGO=187759_402_2012_01&SHNCRTTKKRO_KBN=0H', '', '', NULL),
(0000000384, 044, 'メチャカル ハンディ オート4キャス エッグショック HF', 'Combi康贝轻巧美格婴儿手推车高景观轻便可坐可躺', 0, 5, 07000, 37762, 39862, 150, 12, 'http://store.shopping.yahoo.co.jp/netbaby/a11930xxx.html', '', 'https://detail.tmall.com/item.htm?spm=a1z10.5-b-s.w4011-14964111771.110.tXIwtg&id=527748590682&rn=2e96036136aa2149f21406feb7e2a061&abbucket=18', NULL),
(0000000385, 044, 'メチャカル ハンディ オート4キャス エッグショック HG', 'combi康贝2016新款HG 美格升级版 轻便四轮万向婴儿车', 0, 5, 07000, 45220, 47320, 150, 12, 'http://store.shopping.yahoo.co.jp/orange-baby/49729901644.html', '', 'https://item.taobao.com/item.htm?spm=a230r.1.14.44.QtMeeo&id=536388065936&ns=1&abbucket=19#detail', NULL),
(0000000386, 044, 'イオニオンLX', '怡奥恩IONION LX电子口罩便携式负离子随身空气净化器防雾霾', 0, 2, 00100, 10000, 10100, 150, 2, '', '', 'https://item.taobao.com/item.htm?spm=a230r.1.14.3.qfzIUl&id=535643281365&ns=1&abbucket=19', NULL),
(0000000387, 023, 'サンテFXネオ 12mL', '日本直邮参天Sante FX V+维他命滋养眼药水12mL缓解眼部疲劳充血', 0, 2, 00100, 469, 569, 70, 2, '', '', 'https://detail.tmall.hk/hk/item.htm?spm=a220o.1000855.w4004-13539613668.22.wMk9jg&abtest=_AB-LR129-PR129&pvid=08d31ef0-cd69-44b2-986f-0d4382240b11&pos=11&abbucket=_AB-M129_B9&acm=03130.1003.1.701602&id=539560455015&scm=1007.12929.25829.100200300000000', NULL),
(0000000388, 023, '--', '日本直邮生酵素222种植物水果谷物发酵浓缩精华胶囊60粒', 0, 2, 00100, 469, 569, 70, 2, '', '', 'https://detail.tmall.hk/hk/item.htm?spm=a1z10.3-b.w4011-11001254976.105.0dCXmD&id=21252743851&rn=138696bd52b9db0f178c9b2c07e13630&abbucket=18', NULL),
(0000000389, 042, '完全名器 #07 波多野結衣', '知名AV女优 波多野結衣 真人阴臀倒模 日本产', 0, 2, 01000, 4233, 5233, 500, 2, 'https://www.amazon.co.jp/s/ref=search_black_curtain_yes?_encoding=UTF8&field-keywords=%E5%AE%8C%E5%8https://www.amazon.co.jp/s/ref=nb_sb_noss_2?__mk_ja_JP=%E3%82%AB%E3%82%BF%E3%82%AB%E3%83%8A&url=sear', '「波多野結衣」私密处的真实再现，全長15.5cm×最大幅8cm / 重量 約480(g) ， 赠送100ml润滑液和完全防水「波多野結衣」海报', '', NULL),
(0000000390, 042, '完全名器 ＃08みづなれい', '知名AV女优 みづなれい 真人阴臀倒模 日本产', 0, 2, 01000, 4233, 5233, 500, 2, 'https://www.amazon.co.jp/s/ref=search_black_curtain_yes?_encoding=UTF8&field-keywords=%E5%AE%8C%E5%8https://www.amazon.co.jp/s/ref=nb_sb_noss_2?__mk_ja_JP=%E3%82%AB%E3%82%BF%E3%82%AB%E3%83%8A&url=sear', '「みづなれい」私密处的真实大小再现，全長15.5cm×粗8cm / 重量 約480(g) ， 赠送100ml润滑液和完全防水「みづなれい」海报\r\n', '', NULL),
(0000000391, 042, '完全名器 ＃09さとう遥希', '知名AV女优 佐藤遥希 真人阴臀倒模 日本产', 0, 2, 01000, 4233, 5233, 500, 2, 'https://www.amazon.co.jp/s/ref=search_black_curtain_yes?_encoding=UTF8&field-keywords=%E5%AE%8C%E5%8https://www.amazon.co.jp/s/ref=nb_sb_noss_2?__mk_ja_JP=%E3%82%AB%E3%82%BF%E3%82%AB%E3%83%8A&url=sear', '「佐藤遥希」私密处的真实再现，全長160mm×粗95mm / 重量 約485(g) ， 赠送100ml润滑液和完全防水「佐藤遥希」海报\r\n', '', NULL),
(0000000392, 042, '完全名器 ＃10_桜井あゆ', '知名AV女优 桜井あゆ 真人阴臀倒模 日本产', 0, 2, 01000, 4233, 5233, 500, 2, 'https://www.amazon.co.jp/s/ref=search_black_curtain_yes?_encoding=UTF8&field-keywords=%E5%AE%8C%E5%8https://www.amazon.co.jp/s/ref=nb_sb_noss_2?__mk_ja_JP=%E3%82%AB%E3%82%BF%E3%82%AB%E3%83%8A&url=sear', '「桜井あゆ」私密处的真实再现，全長155mm×粗85mm / 重量 約493(g) ， 赠送100ml润滑液和完全防水「桜井あゆ」海报\r\n', '', NULL),
(0000000393, 042, 'ENJOY TOYS 極選愛器 あやみ旬果', '彩美旬果仿真名器倒模飞机杯男用自慰器', 0, 2, 02000, 9900, 11900, 500, 2, 'https://www.amazon.co.jp/gp/product/B01G6BDU12/ref=ox_sc_act_title_1?ie=UTF8&psc=1&redirect=true&smid=A3B38VAUS9WH6L', '彩美旬果私密处的真实再现，全長250mm×粗160mm / 重量 約2000(g) ， 赠送15ml润滑液和完全防水的海报\r\n', '', NULL),
(0000000394, 042, 'アンパンマン よくばりボックスミニ', '面包超人 六面体每个方向不同玩法 有挂绳方便悬挂', 0, 2, 00300, 1030, 1330, 500, 2, '', '携带玩具盒 尺寸：W120×H80×D110，5种手指玩法，迷你尺寸可按照婴儿车上和外带，锻炼婴儿指尖能力\r\n', '', NULL),
(0000000395, 042, 'べビラボ アンパンマン 2wayおでかけメリー', '面包超人挂铃 推车 婴儿床 安全座椅都可以', 0, 2, 00200, 1090, 1290, 500, 2, '', '携带玩具盒 尺寸：W120×H80×D110，5种手指玩法，迷你尺寸可按照婴儿车上和外带，锻炼婴儿指尖能力\r\n', '', NULL),
(0000000396, 042, 'サガミオリジナル 0.01', '面包超人挂铃 推车 婴儿床 安全座椅都可以', 0, 2, 00100, 1080, 1180, 500, 2, '', '\r\n', '', NULL),
(0000000397, 042, 'ムースネトワイアントA/C', 'CPB/CDP/肌肤之钥洁面乳 洗面奶', 0, 2, 00200, 5400, 5600, 500, 2, '', '', '', NULL),
(0000000398, 042, 'ゴマージュネトワイアン', 'CPB2016新款深层去角质黑头洁面膏 75g', 0, 2, 00200, 5400, 5600, 500, 2, '', '', '', NULL),
(0000000399, 042, 'SP-HB06', 'SP-HB06', 0, 2, 00700, 2845, 3545, 500, 2, '', '', '', NULL),
(0000000400, 042, 'SP-HB08', 'SP-HB08', 0, 2, 00700, 2909, 3609, 500, 2, '', '', '', NULL),
(0000000401, 042, 'SP-HB10', 'SP-HB10', 0, 2, 00800, 3220, 4020, 500, 2, '', '', '', NULL);

-- --------------------------------------------------------

--
-- テーブルの構造 `kind`
--

CREATE TABLE `kind` (
  `id` tinyint(3) UNSIGNED ZEROFILL NOT NULL,
  `name` varchar(20) NOT NULL,
  `create_time` datetime NOT NULL,
  `update_time` datetime NOT NULL
) ENGINE=InnoDB DEFAULT CHARSET=utf8;

-- --------------------------------------------------------

--
-- テーブルの構造 `platform`
--

CREATE TABLE `platform` (
  `id` tinyint(3) NOT NULL,
  `name` varchar(10) NOT NULL
) ENGINE=InnoDB DEFAULT CHARSET=utf8;

-- --------------------------------------------------------

--
-- テーブルの構造 `profile`
--

CREATE TABLE `profile` (
  `id` int(11) NOT NULL,
  `order_id` char(16) NOT NULL,
  `order_date` date DEFAULT NULL,
  `in_price` int(11) DEFAULT NULL,
  `ship_price` int(11) DEFAULT NULL,
  `out_price` int(11) DEFAULT NULL,
  `rate` float DEFAULT '0.95'
) ENGINE=InnoDB DEFAULT CHARSET=utf8;

--
-- テーブルのデータのダンプ `profile`
--

INSERT INTO `profile` (`id`, `order_id`, `order_date`, `in_price`, `ship_price`, `out_price`, `rate`) VALUES
(1, '119238448', '2016-12-16', 9300, 3100, 960, 0.95),
(2, '119237367', '2016-12-16', 11886, 4000, 1340, 1),
(3, '119235077', '2016-12-16', 6304, 1180, 600, 0.95),
(4, '119266075', '2016-12-18', 4400, 1920, 490, 0.95),
(5, '119236478', '2016-12-16', 17440, 4800, 1785, 1),
(6, '119242158', '2016-12-17', 544, 630, 149, 0.95),
(7, '119231673', '2016-12-16', 1642, 630, 200, 1),
(8, '119212341', '2016-12-15', 3888, 880, 385, 0.95),
(9, '119152572', '2016-12-13', 2155, 730, 315, 0.95),
(10, '119154508', '2016-12-13', 9690, 3400, 1045, 0.95),
(11, '119183397', '2016-12-14', 1772, 980, 230, 0.95),
(12, '119196848', '2016-12-15', 1642, 630, 200, 1),
(13, '119092335', '2016-12-11', 1695, 630, 308, 1),
(14, '119336741', '2016-12-20', 2495, 1700, 320, 0.95),
(15, '119327042', '2016-12-20', 2399, 680, 468, 0.95),
(16, '119303004', '2016-12-19', 1718, 880, 219, 1),
(17, '119291189', '2016-12-18', 3672, 780, 360, 0.95),
(18, '119324930', '2016-12-20', 2160, 980, 225, 0.95),
(19, '119256861', '2016-12-17', 5176, 4850, 825, 0.95),
(20, '119205862', '2016-12-15', 2343, 780, 295, 0.95),
(21, '119349552', '2016-12-21', 2343, 780, 295, 0.95),
(22, '119358342', '2016-12-21', 4115, 1400, 552, 0.95),
(25, '119371741', '2016-12-21', 8900, 4000, 950, 1),
(26, '119377376', '2016-12-22', 2400, 630, 323, 0.95),
(27, '119388658', '2016-12-22', 5378, 630, 588, 0.95),
(28, '119365408', '2016-12-21', 3359, 680, 393, 0.95),
(29, '119431817', '2016-12-24', 756, 630, 199, 0.95),
(30, '119437380', '2016-12-24', 7041, 1180, 640, 0.95),
(31, '119462410', '2016-12-25', 3024, 730, 310, 0.95),
(32, '119449831', '2016-12-24', 12280, 4300, 1280, 1),
(33, '119503825', '2016-12-26', 2568, 980, 325, 0.95),
(34, '119502579', '2016-12-26', 3976, 1920, 503, 0.95),
(35, '119489609', '2016-12-25', 756, 630, 159, 0.95),
(36, '119509830', '2016-12-26', 3888, 880, 430, 0.95),
(37, '119509881', '2016-12-26', 2559, 780, 295, 0.95),
(38, '119510767', '2016-12-26', 1516, 630, 318, 0.95),
(39, '119516287', '2016-12-26', 756, 630, 159, 0.95),
(40, '119518142', '2016-12-26', 4560, 3700, 635, 0.95),
(41, '119530098', '2016-12-27', 1570, 880, 195, 0.95),
(42, '119538659', '2016-12-27', 3359, 680, 393, 0.95),
(43, '119538892', '2016-12-27', 940, 630, 118, 0.95),
(44, '119541194', '2016-12-27', 5378, 630, 573, 0.95),
(45, '119545828', '2016-12-27', 2368, 1380, 305, 0.95),
(46, '119561853', '2016-12-27', 5740, 2800, 595, 0.95),
(47, '119562511', '2016-12-28', 5378, 1400, 623, 0.95),
(48, '119537321', '2016-12-27', 3000, 0, 350, 0.95),
(49, '119548513', '2016-12-27', 5378, 730, 589, 0.95),
(50, '119589843', '2016-12-29', 10070, 0, 930, 0.95),
(51, '119594009', '2016-12-29', 8750, 2800, 800, 1),
(52, '119608053', '2016-12-29', 3903, 0, 532, 0.95),
(53, '2442854177352427', '2016-12-28', 8720, 3100, 920, 1),
(54, '119636226', '2016-12-31', 2091, 0, 220, 0.95),
(55, '119632081', '2016-12-30', 6708, 0, 615, 0.95),
(56, '119630318', '2016-12-30', 3380, 0, 310, 1),
(57, '119623252', '2016-12-30', 6804, 0, 600, 1),
(58, '119620657', '2016-12-30', 4566, 0, 359, 1),
(59, '119615404', '2016-12-30', 1520, 0, 310, 0.95),
(60, '119726122', '2017-01-03', 0, 0, 585, 1),
(61, '119657334', '2016-12-31', 0, 0, 245, 0.95),
(62, '119665371', '2017-01-01', 0, 0, 730, 0.95),
(63, '119688381', '2017-01-02', 0, 0, 199, 0.95),
(64, '119693995', '2017-01-02', 0, 0, 249, 0.95),
(65, '119719072', '2017-01-03', 0, 0, 328, 0.95),
(66, '119721636', '2017-01-03', 0, 0, 149, 0.95),
(67, '230109005', '2017-01-04', 0, 0, 2237, 1),
(68, '119751150', '2017-01-04', 0, 0, 1065, 0.95),
(69, '119759277', '2017-01-04', 0, 0, 1740, 0.95),
(70, '119759525', '2017-01-04', 0, 0, 480, 0.95),
(71, '119762388', '2017-01-05', 0, 0, 159, 0.95),
(72, '230169649', '2017-01-05', 0, 0, 2660, 1),
(73, '119774699', '2017-01-05', 0, 0, 250, 1),
(74, '119776798', '2017-01-05', 0, 0, 328, 0.95),
(75, '119784937', '2017-01-06', 0, 0, 398, 0.95),
(76, '119793065', '2017-01-06', 0, 0, 605, 0.95),
(77, '119797755', '2017-01-06', 0, 0, 490, 0.95),
(78, '119801060', '2017-01-06', 0, 0, 285, 1),
(79, '230266075', '2017-01-07', 0, 0, 785, 1),
(80, '119824661', '2017-01-07', 0, 0, 583, 0.95),
(81, '119834308', '2017-01-08', 0, 0, 179, 1),
(82, '119834491', '2017-01-08', 0, 0, 265, 0.95),
(83, '119836851', '2017-01-08', 0, 0, 1090, 0.95),
(84, '119842595', '2017-01-08', 0, 0, 398, 0.95),
(85, '119850211', '2017-01-08', 0, 0, 594, 0.95),
(86, '119852328', '2017-01-09', 0, 0, 648, 0.95),
(87, ' 230324921', '2017-01-09', 0, 0, 889, 0.95),
(88, ' 119855668', '2017-01-09', 0, 0, 314, 0.95),
(89, '119872704', '2017-01-10', 0, 0, 314, 0.95),
(90, '230367662', '2017-01-10', 0, 0, 810, 0.95),
(91, '119884711', '2017-01-10', 0, 0, 379, 0.95),
(92, '119887083', '2017-01-10', 0, 0, 215, 0.95),
(94, '119890575', '2017-01-11', 0, 0, 1089, 1),
(95, '119895209', '2017-01-11', 0, 0, 1134, 0.95),
(96, '119895449', '2017-01-11', 0, 0, 299, 0.95),
(97, '119896369', '2017-01-11', 0, 0, 304, 0.95),
(98, '119897059', '2017-01-11', 0, 0, 350, 0.95),
(99, '119898911', '2017-01-11', 0, 0, 399, 0.95),
(100, '119899472', '2017-01-11', 0, 0, 285, 0.95),
(101, '119910845', '2017-01-12', 0, 0, 434, 0.95);

-- --------------------------------------------------------

--
-- テーブルの構造 `sale`
--

CREATE TABLE `sale` (
  `id` int(11) NOT NULL,
  `time` date NOT NULL,
  `branch` tinyint(3) NOT NULL DEFAULT '1',
  `branch_number` int(11) NOT NULL,
  `money` int(11) NOT NULL,
  `ship_detail` int(11) NOT NULL
) ENGINE=InnoDB DEFAULT CHARSET=utf8;

-- --------------------------------------------------------

--
-- テーブルの構造 `sale_detail`
--

CREATE TABLE `sale_detail` (
  `id` int(11) NOT NULL,
  `sale` int(11) NOT NULL,
  `item` int(11) NOT NULL,
  `price` int(8) NOT NULL,
  `number` tinyint(3) NOT NULL DEFAULT '1'
) ENGINE=InnoDB DEFAULT CHARSET=utf8;

-- --------------------------------------------------------

--
-- テーブルの構造 `ship`
--

CREATE TABLE `ship` (
  `id` tinyint(1) NOT NULL,
  `name` varchar(20) NOT NULL,
  `discount` decimal(3,2) NOT NULL DEFAULT '1.00'
) ENGINE=InnoDB DEFAULT CHARSET=utf8;

--
-- テーブルのデータのダンプ `ship`
--

INSERT INTO `ship` (`id`, `name`, `discount`) VALUES
(1, 'EMS', '1.00'),
(2, 'E-PACK', '1.00'),
(3, 'AIR', '1.00'),
(4, 'SAL', '1.00'),
(5, 'SHIP', '1.00');

-- --------------------------------------------------------

--
-- テーブルの構造 `shipping`
--

CREATE TABLE `shipping` (
  `id` int(11) NOT NULL,
  `ship` tinyint(4) NOT NULL DEFAULT '5',
  `number` varchar(15) NOT NULL,
  `state` varchar(10) NOT NULL,
  `send_time` date NOT NULL,
  `receive_time` date DEFAULT NULL,
  `valid` tinyint(1) DEFAULT '1'
) ENGINE=InnoDB DEFAULT CHARSET=utf8;

--
-- テーブルのデータのダンプ `shipping`
--

INSERT INTO `shipping` (`id`, `ship`, `number`, `state`, `send_time`, `receive_time`, `valid`) VALUES
(755, 5, 'CI020047280JP', '河北省', '2016-06-13', '2016-07-08', 1),
(756, 5, 'CI020069311JP', '湖北省', '2016-06-12', '2016-07-03', 1),
(757, 2, 'RR900436458JP', '辽宁省', '2016-06-12', '2016-06-20', 1),
(758, 2, 'RR900511613JP', '江苏省', '2016-06-12', '2016-07-01', 1),
(759, 2, 'RR900716461JP', '浙江省', '2016-06-12', '2016-06-21', 1),
(760, 2, 'RR900827224JP', '辽宁省', '2016-06-12', '2016-06-19', 1),
(761, 5, 'CI020055365JP', '浙江省', '2016-06-12', '2016-07-01', 1),
(762, 2, 'RR900767494JP', '云南省', '2016-06-12', '2016-07-10', 0),
(763, 2, 'RR900763767JP', '浙江省', '2016-06-12', '2016-06-20', 1),
(764, 5, 'CI020033881JP', '青海省', '2016-06-09', '2016-07-08', 1),
(765, 2, 'RR900418644JP', '广西省', '2016-06-08', '2016-06-23', 1),
(766, 2, 'RR900574349JP', '福建省', '2016-06-08', '2016-06-18', 1),
(767, 2, 'RR900513614JP', '上海市', '2016-06-07', '2016-06-13', 1),
(768, 2, 'RR900564845JP', '云南省', '2016-06-09', '2016-06-23', 1),
(769, 1, 'EL000147791JP', '四川省', '2016-06-06', NULL, 1),
(770, 2, 'RR924685185JP', '山西省', '2016-06-06', '2016-06-12', 1),
(771, 5, 'CI021576867JP', '山西省', '2016-06-05', '2016-06-29', 1),
(772, 2, 'RR924631536JP', '江苏省', '2016-06-05', '2016-06-11', 1),
(773, 2, 'RR924575304JP', '湖南省', '2016-06-08', '2016-06-20', 1),
(774, 2, 'RR924949752JP', '上海市', '2016-06-04', '2016-06-08', 1),
(775, 5, 'CI021578528JP', '辽宁省', '2016-06-04', '2016-06-27', 1),
(776, 2, 'RR924789327JP', '江苏省', '2016-06-03', '2016-06-09', 1),
(777, 2, 'RR924843456JP', '浙江省', '2016-06-04', '2016-06-11', 1),
(778, 2, 'RR924513446JP', '北京市', '2016-06-09', '2016-06-15', 1),
(779, 5, 'CI021574526JP', '江西省', '2016-06-03', '2016-06-25', 1),
(780, 1, 'EL039108096JP', '浙江省', '2016-06-02', NULL, 1),
(781, 2, 'RR924783531JP', '北京市', '2016-06-02', '2016-06-08', 1),
(782, 2, 'RR924840698JP', '黑龙江省', '2016-06-02', '2016-06-06', 1),
(783, 2, 'RR924891845JP', '上海市', '2016-06-01', '2016-06-05', 1),
(784, 2, 'RR924947014JP', '辽宁省', '2016-06-01', '2016-06-08', 1),
(785, 5, 'CI021555527JP', '吉林省', '2016-06-02', '2016-06-26', 1),
(786, 2, 'RR924560959JP', '上海市', '2016-06-01', '2016-06-05', 1),
(787, 2, 'RR924608152JP', '上海市', '2016-06-01', '2016-06-05', 1),
(788, 2, 'RR924889886JP', '重庆市', '2016-05-31', '2016-06-09', 1),
(789, 2, 'RR924835242JP', '上海市', '2016-05-31', '2016-06-04', 1),
(790, 1, 'EL040167352JP', '广东省', '2016-05-31', NULL, 1),
(791, 2, 'RR924994195JP', '陕西省', '2016-05-31', '2016-06-09', 1),
(792, 2, 'RR924990732JP', '广东省', '2016-05-31', '2016-06-10', 1),
(793, 5, 'CI021536681JP', '湖南省', '2016-05-30', '2016-06-22', 1),
(794, 2, 'RR924936440JP', '湖北省', '2016-05-30', '2016-06-07', 1),
(795, 5, 'CI021556099JP', '上海市', '2016-05-30', '2016-06-01', 1),
(796, 2, 'RR924989218JP', '江苏省', '2016-05-30', '2016-06-06', 1),
(797, 1, 'EL032657120JP', '湖北省', '2016-05-27', NULL, 1),
(798, 2, 'RR924492335JP', '上海市', '2016-05-27', '2016-05-31', 1),
(799, 2, 'RR924654072JP', '上海市', '2016-05-27', '2016-05-31', 1),
(800, 5, 'CI021541559JP', '上海市', '2016-05-25', '2016-06-18', 1),
(801, 2, 'RR924539063JP', '深圳市', '2016-05-25', '2016-06-01', 1),
(802, 2, 'RR924811921JP', '广东省', '2016-05-24', '2016-05-31', 1),
(803, 2, 'RR924649421JP', '北京市', '2016-05-24', '2016-06-02', 1),
(804, 1, 'EL040016984JP', '江苏省', '2016-05-24', NULL, 1),
(805, 2, 'RR924806665JP', '上海市', '2016-05-23', '2016-05-27', 1),
(806, 2, 'RR924535092JP', '北京市', '2016-05-23', '2016-05-29', 1),
(807, 2, 'RR924809432JP', '四川省', '2016-05-23', '2016-06-07', 1),
(808, 1, 'EL040767475JP', '重庆市', '2016-05-23', NULL, 1),
(809, 1, 'EL039073627JP', '江苏省', '2016-05-21', NULL, 1),
(810, 2, 'RR924917009JP', '上海市', '2016-05-21', '2016-05-25', 1),
(811, 2, 'RR924638018JP', '北京市', '2016-05-21', '2016-05-27', 1),
(812, 2, 'RR924803514JP', '上海市', '2016-05-20', '2016-05-24', 1),
(813, 2, 'RR924857407JP', '北京市', '2016-05-20', '2016-05-26', 1),
(814, 5, 'CI021632158JP', '浙江省', '2016-05-20', '2016-06-09', 1),
(815, 1, 'EL040818566JP', '上海市', '2016-05-17', NULL, 1),
(816, 5, 'CI021520695JP', '山东省', '2016-05-13', '2016-06-02', 1),
(817, 1, 'EL039893865JP', '辽宁省', '2016-05-11', NULL, 1),
(818, 5, 'CI021601195JP', '吉林省', '2016-05-11', '2016-06-04', 1),
(819, 5, 'CI021645908JP', '广东省', '2016-05-08', '2016-06-01', 1),
(820, 5, 'CI021641336JP', '江西省', '2016-05-05', '2016-05-24', 1),
(821, 5, 'CI021644862JP', '吉林省', '2016-05-05', '2016-05-29', 1),
(822, 2, 'RR923179179JP', '北京市', '2016-05-01', '2016-05-11', 1),
(823, 1, 'EL035680860JP', '江苏省', '2016-05-01', NULL, 1),
(824, 5, 'CI021642844JP', '江苏省', '2016-05-02', '2016-06-04', 1),
(826, 5, 'CI021634511JP', '辽宁省', '2016-05-01', '2016-05-30', 1),
(827, 1, 'EL035623451JP', '云南省', '2016-04-27', NULL, 1),
(828, 1, 'EL041694752JP', '浙江省', '2016-04-25', NULL, 1),
(829, 1, 'EL035120587JP', '北京市', '2016-04-25', NULL, 1),
(830, 1, 'EL039388039JP', '北京市', '2016-04-25', NULL, 1),
(831, 1, 'EL035584801JP', '北京市', '2016-04-23', NULL, 1),
(832, 1, 'EL036025106JP', '云南省', '2016-04-23', NULL, 1),
(833, 1, 'EL037467745JP', '北京市', '2016-04-23', NULL, 1),
(834, 1, 'EL037981805JP', '河北省', '2016-04-22', NULL, 1),
(835, 5, 'CI021593410JP', '浙江省', '2016-04-22', '2016-05-19', 1),
(836, 5, 'CI021631118JP', '江苏省', '2016-04-20', '2016-05-10', 1),
(837, 1, 'EL037356002JP', '广东省', '2016-04-20', NULL, 1),
(838, 1, 'EL038819302JP', '上海市', '2016-04-27', '2016-04-29', 1),
(839, 5, 'CI021590577JP', '上海市', '2016-04-21', '2016-05-12', 1),
(840, 1, 'EL040625870JP', '内蒙古', '2016-04-20', NULL, 1),
(841, 5, 'CI021687616JP', '内蒙古', '2016-04-20', '2016-05-24', 1),
(842, 5, 'CI021367395JP', '江苏省', '2016-04-20', '2016-05-30', 1),
(843, 1, 'EL039274116JP', '上海市', '2016-04-21', '2016-04-23', 1),
(844, 5, 'CI021629644JP', '江西省', '2016-04-20', '2016-05-11', 1),
(845, 1, 'EL038573839JP', '上海市', '2016-04-20', '2016-04-23', 1),
(846, 1, 'EL040744846JP', '上海市', '2016-04-17', NULL, 1),
(847, 5, 'CI021692562JP', '北京市', '2016-04-17', '2016-06-29', 0),
(848, 5, 'CI021625086JP', '上海市', '2016-04-15', '2016-05-07', 1),
(849, 5, 'CI021298341JP', '辽宁省', '2016-04-15', '2016-05-13', 1),
(850, 1, 'EL038988181JP', '四川省', '2016-04-15', NULL, 1),
(851, 1, 'EL037375885JP', '上海市', '2016-04-14', '2016-04-17', 1),
(852, 1, 'EL038773469JP', '山东省', '2016-04-14', NULL, 1),
(853, 1, 'EL038630920JP', '湖北省', '2016-04-14', NULL, 1),
(854, 1, 'EL036092074JP', '上海市', '2016-04-15', '2016-04-18', 1),
(855, 1, 'EL038870995JP', '江苏省', '2016-04-14', NULL, 1),
(856, 1, 'EL035250278JP', '北京市', '2016-04-14', NULL, 1),
(857, 1, 'EL037536976JP', '江苏省', '2016-04-14', NULL, 1),
(858, 1, 'EL038791799JP', '内蒙古', '2016-04-12', NULL, 1),
(859, 1, 'EL032318427JP', '江苏省', '2016-04-12', NULL, 1),
(860, 5, 'CI021681335JP', '山东省', '2016-04-12', '2016-05-10', 1),
(861, 1, 'EL035900591JP', '上海市', '2016-04-17', '2016-04-20', 1),
(862, 5, 'CI021696555JP', '辽宁省', '2016-04-12', '2016-05-10', 1),
(863, 1, 'EL035652872JP', '黑龙江省', '2016-04-12', NULL, 1),
(864, 1, 'EL038724732JP', '上海市', '2016-04-12', NULL, 1),
(865, 1, 'EL035480979JP', '四川省', '2016-04-12', NULL, 1),
(866, 5, 'CI021700710JP', '辽宁省', '2016-04-11', '2016-05-05', 1),
(867, 5, 'CI021688497JP', '上海市', '2016-04-11', '2016-05-04', 1),
(868, 5, 'CI021688015JP', '河北省', '2016-04-11', '2016-05-05', 1),
(869, 1, 'EL040526126JP', '内蒙古', '2016-04-11', NULL, 1),
(870, 1, 'EL035971125JP', '福建省', '2016-04-11', NULL, 1),
(871, 1, 'EL035949586JP', '山东省', '2016-04-11', NULL, 1),
(872, 5, 'CI021682707JP', '云南省', '2016-04-12', '2016-05-09', 1),
(873, 1, 'EL037518986JP', '湖南省', '2016-04-11', NULL, 1),
(874, 1, 'EL038882027JP', '湖南省', '2016-04-09', NULL, 1),
(875, 1, 'EL038844783JP', '北京市', '2016-04-09', NULL, 1),
(876, 1, 'EL035780015JP', '上海市', '2016-04-11', '2016-04-15', 1),
(877, 1, 'EL038857226JP', '广西省', '2016-04-09', NULL, 1),
(878, 1, 'EL035479295JP', '广东省', '2016-04-09', NULL, 1),
(879, 1, 'EL040731025JP', '北京市', '2016-04-09', NULL, 1),
(880, 1, 'EL035937035JP', '贵州省', '2016-04-09', NULL, 1),
(881, 1, 'EL037554626JP', '陕西省', '2016-04-09', NULL, 1),
(882, 5, 'CI021698242JP', '上海市', '2016-04-09', '2016-05-10', 1),
(883, 1, 'EL035536655JP', '黑龙江省', '2016-04-09', NULL, 1),
(884, 1, 'EL040743125JP', '浙江省', '2016-04-08', NULL, 1),
(885, 1, 'EL037643935JP', '北京市', '2016-04-08', NULL, 1),
(886, 5, 'CI021668515JP', '湖南省', '2016-04-08', '2016-05-10', 1),
(887, 1, 'EL037727318JP', '贵州省', '2016-04-08', NULL, 1),
(888, 5, 'CI021673268JP', '贵州省', '2016-04-08', '2016-05-11', 1),
(889, 1, 'EL040675329JP', '河北省', '2016-04-08', NULL, 1),
(890, 1, 'EL036151016JP', '广东省', '2016-04-07', NULL, 1),
(891, 1, 'EL035952262JP', '上海市', '2016-04-07', '2016-04-10', 1),
(892, 1, 'EL035821015JP', '安徽省', '2016-04-07', NULL, 1),
(893, 1, 'EL035828937JP', '北京市', '2016-04-05', NULL, 1),
(894, 1, 'EL040744355JP', '北京市', '2016-04-05', NULL, 1),
(895, 5, 'CI021665641JP', '黑龙江省', '2016-04-06', '2016-04-27', 1),
(896, 5, 'CI021369860JP', '江苏省', '2016-04-06', '2016-05-04', 1),
(897, 1, 'EL035573035JP', '四川省', '2016-04-05', NULL, 1),
(898, 5, 'CI021395476JP', '四川省', '2016-04-09', '2016-05-07', 1),
(899, 1, 'EL033195171JP', '上海市', '2016-04-09', '2016-04-12', 1),
(900, 1, 'EL035939062JP', '河南省', '2016-04-04', '2016-04-09', 1),
(901, 1, 'EL036201287JP', '内蒙古', '2016-04-04', NULL, 1),
(902, 1, 'EL038504935JP', '江苏省', '2016-04-04', NULL, 1),
(903, 5, 'CI021665981JP', '内蒙古', '2016-04-07', '2016-05-08', 1),
(904, 5, 'CI021402375JP', '湖北省', '2016-04-04', '2016-04-27', 1),
(905, 5, 'CI021327096JP', '陕西省', '2016-04-02', '2016-05-06', 1),
(906, 1, 'EL035229598JP', '贵州省', '2016-04-02', NULL, 1),
(907, 1, 'EL040729565JP', '山西省', '2016-04-01', NULL, 1),
(908, 1, 'EL035547137JP', '广东省', '2016-04-01', NULL, 1),
(909, 5, 'CI021664677JP', '上海市', '2016-04-01', '2016-04-24', 1),
(910, 5, 'CI021673912JP', '山东省', '2016-04-04', '2016-06-24', 0),
(911, 1, 'EL035522869JP', '浙江省', '2016-04-01', NULL, 1),
(912, 1, 'EL038825002JP', '广东省', '2016-04-01', NULL, 1),
(913, 1, 'EL040761359JP', '广东省', '2016-04-01', NULL, 1),
(914, 1, 'EL037348774JP', '上海市', '2016-03-31', NULL, 1),
(915, 1, 'EL036613827JP', '江苏省', '2016-03-31', NULL, 1),
(916, 1, 'EL035574217JP', '上海市', '2016-03-31', NULL, 1),
(917, 1, 'EL037055078JP', '江苏省', '2016-03-31', NULL, 1),
(918, 1, 'EL037626257JP', '四川省', '2016-03-31', NULL, 1),
(919, 1, 'EL035208831JP', '北京市', '2016-03-31', NULL, 1),
(920, 1, 'EL037947591JP', '北京市', '2016-03-31', NULL, 1),
(921, 1, 'EL038608422JP', '河南省', '2016-03-31', '2016-04-05', 1),
(922, 1, 'EL038943962JP', '北京市', '2016-03-30', NULL, 1),
(923, 5, 'CI021623893JP', '河南省', '2016-03-31', '2016-04-29', 1),
(924, 1, 'EL035036473JP', '上海市', '2016-03-30', NULL, 1),
(925, 1, 'EL036078727JP', '江苏省', '2016-03-30', NULL, 1),
(926, 1, 'EL036129738JP', '北京市', '2016-03-30', NULL, 1),
(927, 1, 'EL037630340JP', '安徽省', '2016-03-30', NULL, 1),
(928, 1, 'EL035852485JP', '上海市', '2016-03-30', NULL, 1),
(929, 1, 'EL035346869JP', '河北省', '2016-03-29', NULL, 1),
(930, 5, 'CI021368572JP', '北京市', '2016-03-30', '2016-04-25', 1),
(931, 5, 'CI021662089JP', '河北省', '2016-03-30', '2016-04-30', 1),
(932, 5, 'CI021299758JP', '浙江省', '2016-03-30', '2016-04-23', 1),
(933, 1, 'EL037249459JP', '安徽省', '2016-03-29', NULL, 1),
(934, 1, 'EL037518601JP', '浙江省', '2016-03-29', NULL, 1),
(935, 1, 'EL031329105JP', '山东省', '2016-03-29', NULL, 1),
(936, 1, 'EL035929564JP', '云南省', '2016-03-29', NULL, 1),
(937, 1, 'EL036342700JP', '甘肃省', '2016-03-29', NULL, 1),
(938, 1, 'EL035153846JP', '湖南省', '2016-03-29', NULL, 1),
(939, 5, 'CI021396057JP', '内蒙古', '2016-03-27', '2016-04-24', 1),
(940, 5, 'CI021367078JP', '浙江省', '2016-03-27', '2016-04-19', 1),
(941, 1, 'EL036353543JP', '江苏省', '2016-03-27', NULL, 1),
(942, 1, 'EL035945880JP', '天津市', '2016-03-27', NULL, 1),
(943, 1, 'EL035854469JP', '上海市', '2016-03-27', '2016-03-31', 1),
(944, 1, 'EL036093344JP', '江苏省', '2016-03-27', NULL, 1),
(945, 1, 'EL035254178JP', '内蒙古', '2016-03-27', NULL, 1),
(946, 1, 'EL035269875JP', '上海市', '2016-03-27', '2016-03-31', 1),
(947, 1, 'EL035679668JP', '广东省', '2016-03-27', NULL, 1),
(948, 1, 'EL037515049JP', '山东省', '2016-03-27', NULL, 1),
(949, 1, 'EL036136124JP', '湖北省', '2016-03-27', NULL, 1),
(950, 1, 'EL036239906JP', '北京市', '2016-03-27', NULL, 1),
(951, 1, 'EL036508789JP', '江苏省', '2016-03-25', NULL, 1),
(952, 5, 'CI021402217JP', '江西省', '2016-03-25', '2016-04-17', 1),
(953, 5, 'CI021369445JP', '上海市', '2016-03-25', '2016-04-15', 1),
(954, 1, 'EL034997599JP', '上海市', '2016-03-25', NULL, 1),
(955, 1, 'EL036308990JP', '北京市', '2016-03-25', NULL, 1),
(956, 1, 'EL035057748JP', '海南省', '2016-03-25', NULL, 1),
(957, 1, 'EL036759835JP', '北京市', '2016-03-24', NULL, 1),
(958, 1, 'EL037155164JP', '上海市', '2016-03-24', NULL, 1),
(959, 5, 'CI021294000JP', '浙江省', '2016-03-25', '2016-04-27', 1),
(960, 1, 'EL037804981JP', '河南省', '2016-03-23', '2016-03-27', 1),
(961, 1, 'EL036241895JP', '重庆市', '2016-03-23', NULL, 1),
(962, 1, 'EL035405964JP', '江西省', '2016-03-23', NULL, 1),
(963, 1, 'EL037724965JP', '上海市', '2016-03-23', NULL, 1),
(964, 5, 'CI021329389JP', '北京市', '2016-03-23', '2016-04-30', 1),
(965, 5, 'CI021297805JP', '河北省', '2016-03-23', '2016-04-29', 1),
(966, 1, 'EL038069436JP', '上海市', '2016-03-23', NULL, 1),
(967, 1, 'EL036277524JP', '安徽省', '2016-03-23', NULL, 1),
(968, 1, 'EL036004401JP', '上海市', '2016-03-21', '2016-03-24', 1),
(969, 1, 'EL035985756JP', '湖北省', '2016-03-20', NULL, 1),
(970, 1, 'EL037786775JP', '江苏省', '2016-03-20', NULL, 1),
(971, 1, 'EL035824161JP', '四川省', '2016-03-20', NULL, 1),
(972, 1, 'EL032363386JP', '四川省', '2016-03-20', NULL, 1),
(973, 1, 'EL035623615JP', '上海市', '2016-03-21', '2016-03-24', 1),
(974, 1, 'EL038280512JP', '湖北省', '2016-03-20', NULL, 1),
(975, 1, 'EL036215935JP', '北京市', '2016-03-20', NULL, 1),
(976, 1, 'EL035660919JP', '黑龙江省', '2016-03-19', NULL, 1),
(977, 5, 'CI021363972JP', '四川省', '2016-03-19', '2016-04-21', 1),
(978, 5, 'CI021317142JP', '湖北省', '2016-03-19', '2016-04-25', 1),
(979, 5, 'CI021334707JP', '北京市', '2016-03-19', '2016-05-21', 1),
(980, 5, 'CI021296181JP', '云南省', '2016-03-19', '2016-04-14', 1),
(981, 1, 'EL035007993JP', '浙江省', '2016-03-19', NULL, 1),
(982, 1, 'EL036475860JP', '辽宁省', '2016-03-19', NULL, 1),
(983, 1, 'EL037732750JP', '河南省', '2016-03-19', '2016-03-24', 1),
(984, 1, 'EL038002920JP', '福建省', '2016-03-19', NULL, 1),
(985, 1, 'EL037880395JP', '广东省', '2016-03-19', NULL, 1),
(986, 1, 'EL035071546JP', '北京市', '2016-03-19', NULL, 1),
(987, 5, 'CI021332357JP', '四川省', '2016-03-19', '2016-05-01', 1),
(988, 1, 'EL036127198JP', '重庆市', '2016-03-16', NULL, 1),
(989, 1, 'EL035378036JP', '北京市', '2016-03-16', NULL, 1),
(990, 1, 'EL035092974JP', '浙江省', '2016-03-16', NULL, 1),
(991, 1, 'EL036437606JP', '重庆市', '2016-03-16', NULL, 1),
(992, 5, 'CI021397463JP', '浙江省', '2016-03-17', '2016-04-09', 1),
(993, 1, 'EL035011777JP', '江苏省', '2016-03-14', NULL, 1),
(994, 1, 'EL036481692JP', '北京市', '2016-03-14', NULL, 1),
(995, 1, 'EL035145646JP', '浙江省', '2016-03-14', NULL, 1),
(996, 1, 'EL035305630JP', '浙江省', '2016-03-14', NULL, 1),
(997, 1, 'EL036250994JP', '四川省', '2016-03-14', NULL, 1),
(998, 1, 'EL031365227JP', '上海市', '2016-03-16', '2016-03-19', 1),
(999, 1, 'EL036144134JP', '陕西省', '2016-03-14', NULL, 1),
(1000, 1, 'EL038230785JP', '湖北省', '2016-03-14', NULL, 1),
(1001, 1, 'EL034542235JP', '江苏省', '2016-03-12', NULL, 1),
(1002, 1, 'EL036001793JP', '上海市', '2016-03-13', '2016-03-15', 1),
(1003, 1, 'EL034858345JP', '云南省', '2016-03-12', NULL, 1),
(1004, 1, 'EL038060595JP', '贵州省', '2016-03-11', NULL, 1),
(1005, 1, 'EL035365721JP', '上海市', '2016-03-11', NULL, 1),
(1006, 1, 'EL036126422JP', '云南省', '2016-03-11', NULL, 1),
(1007, 5, 'CI021328600JP', '云南省', '2016-03-12', '2016-04-12', 1),
(1008, 5, 'CI021391854JP', '山东省', '2016-03-12', '2016-05-12', 0),
(1009, 5, 'CI021361075JP', '山西省', '2016-03-11', '2016-04-12', 1),
(1010, 5, 'CI021394246JP', '上海市', '2016-03-10', '2016-04-07', 1),
(1011, 1, 'EL034605451JP', '江苏省', '2016-03-10', NULL, 1),
(1012, 1, 'EL036296554JP', '上海市', '2016-03-10', NULL, 1),
(1013, 1, 'EL036181741JP', '重庆市', '2016-03-10', NULL, 1),
(1014, 1, 'EL037290840JP', '上海市', '2016-03-09', NULL, 1),
(1015, 1, 'EL035257792JP', '广东省', '2016-03-08', NULL, 1),
(1016, 1, 'EL031619893JP', '天津市', '2016-03-08', NULL, 1),
(1017, 1, 'EL037954408JP', '北京市', '2016-03-08', NULL, 1),
(1018, 1, 'EL036949401JP', '四川省', '2016-03-08', NULL, 1),
(1019, 1, 'EL036239089JP', '上海市', '2016-03-08', NULL, 1),
(1020, 1, 'EL033820856JP', '北京市', '2016-03-08', NULL, 1),
(1021, 1, 'EL035055968JP', '内蒙古', '2016-03-08', NULL, 1),
(1022, 1, 'EL037340413JP', '北京市', '2016-03-08', NULL, 1),
(1023, 1, 'EL033850420JP', '上海市', '2016-03-08', '2016-03-11', 1),
(1024, 1, 'EL038224705JP', '福建省', '2016-03-07', NULL, 1),
(1025, 1, 'EL035393400JP', '北京市', '2016-03-07', NULL, 1),
(1026, 1, 'EL037410511JP', '吉林省', '2016-03-07', NULL, 1),
(1027, 1, 'EL034905924JP', '广东省', '2016-03-07', NULL, 1),
(1028, 5, 'CI021321133JP', '河北省', '2016-03-07', '2016-04-07', 1),
(1029, 1, 'EL035463437JP', '江苏省', '2016-03-06', NULL, 1),
(1030, 1, 'EL037931680JP', '上海市', '2016-03-06', NULL, 1),
(1031, 1, 'EL033083475JP', '四川省', '2016-03-07', '2016-03-13', 1),
(1032, 5, 'CI021359730JP', '上海市', '2016-03-05', '2016-03-26', 1),
(1033, 1, 'EL035245366JP', '上海市', '2016-03-05', '2016-03-07', 1),
(1034, 1, 'EL038066369JP', '江苏省', '2016-03-05', NULL, 1),
(1035, 1, 'EL036122377JP', '北京市', '2016-03-05', NULL, 1),
(1036, 1, 'EL035229315JP', '四川省', '2016-03-05', NULL, 1),
(1037, 1, 'EL036813050JP', '浙江省', '2016-03-05', NULL, 1),
(1038, 5, 'CI021282050JP', '辽宁省', '2016-03-05', '2016-03-31', 1),
(1039, 1, 'EL034516102JP', '广东省', '2016-03-05', NULL, 1),
(1040, 1, 'EL036257710JP', '四川省', '2016-03-05', NULL, 1),
(1041, 1, 'EL037289991JP', '浙江省', '2016-03-04', NULL, 1),
(1042, 5, 'CI021321867JP', '内蒙古', '2016-03-09', '2016-04-10', 1),
(1043, 1, 'EL038239563JP', '北京市', '2016-03-04', NULL, 1),
(1044, 1, 'EL035013129JP', '河北省', '2016-03-04', NULL, 1),
(1045, 1, 'EL036067168JP', '浙江省', '2016-03-04', NULL, 1),
(1046, 1, 'EL035444265JP', '四川省', '2016-03-03', NULL, 1),
(1047, 1, 'EL036634787JP', '辽宁省', '2016-03-03', NULL, 1),
(1048, 1, 'EL037904565JP', '广东省', '2016-03-03', NULL, 1),
(1049, 5, 'CI021325047JP', '上海市', '2016-03-03', '2016-03-25', 1),
(1050, 1, 'EL038211636JP', '湖北省', '2016-03-03', NULL, 1),
(1051, 1, 'EL035455461JP', '广西省', '2016-03-03', NULL, 1),
(1052, 1, 'EL037997964JP', '浙江省', '2016-03-03', NULL, 1),
(1053, 1, 'EL036296259JP', '上海市', '2016-03-02', '2016-03-07', 1),
(1054, 1, 'EL038329578JP', '上海市', '2016-03-02', '2016-03-05', 1),
(1055, 5, 'CI021312627JP', '上海市', '2016-03-02', '2016-03-24', 1),
(1056, 5, 'CI021355199JP', '广东省', '2016-03-02', '2016-03-25', 1),
(1057, 5, 'CI021279798JP', '安徽省', '2016-03-02', '2016-03-29', 1),
(1058, 1, 'EL036824857JP', '河南省', '2016-03-02', '2016-03-10', 1),
(1059, 1, 'EL037338542JP', '江苏省', '2016-03-02', NULL, 1),
(1060, 1, 'EL034213132JP', '江苏省', '2016-03-01', NULL, 1),
(1061, 1, 'EL037342723JP', '广东省', '2016-03-01', NULL, 1),
(1062, 1, 'EL036763526JP', '山东省', '2016-03-01', NULL, 1),
(1063, 1, 'EL037141182JP', '浙江省', '2016-03-01', NULL, 1),
(1064, 1, 'EL036347208JP', '北京市', '2016-03-01', NULL, 1),
(1065, 1, 'EL035283695JP', '广东省', '2016-03-01', NULL, 1),
(1066, 1, 'EL031390133JP', '广东省', '2016-03-01', NULL, 1),
(1067, 5, 'CI021481118JP', '山东省', '2016-03-01', '2016-04-07', 1),
(1068, 1, 'EL035337195JP', '江苏省', '2016-03-01', NULL, 1),
(1069, 1, 'EL036110294JP', '广东省', '2016-03-01', NULL, 1),
(1070, 1, 'EL037079750JP', '江苏省', '2016-03-01', NULL, 1),
(1071, 1, 'EL037180739JP', '上海市', '2016-03-01', '2016-03-04', 1),
(1072, 1, 'EL035121049JP', '广东省', '2016-02-29', NULL, 1),
(1073, 5, 'CI021309305JP', '上海市', '2016-03-01', '2016-03-25', 1),
(1074, 5, 'CI021281301JP', '上海市', '2016-02-28', '2016-03-25', 1),
(1075, 1, 'EL038161016JP', '上海市', '2016-02-28', '2016-03-02', 1),
(1076, 1, 'EL037928080JP', '上海市', '2016-02-28', '2016-03-02', 1),
(1077, 1, 'EL033313315JP', '内蒙古', '2016-02-28', NULL, 1),
(1078, 1, 'EL037890384JP', '江苏省', '2016-02-28', NULL, 1),
(1079, 1, 'EL037379564JP', '江苏省', '2016-02-28', NULL, 1),
(1080, 1, 'EL035051816JP', '江苏省', '2016-02-28', NULL, 1),
(1081, 1, 'EL037219531JP', '北京市', '2016-02-27', NULL, 1),
(1082, 5, 'CI021456419JP', '安徽省', '2016-02-27', '2016-03-23', 1),
(1083, 1, 'EL036056165JP', '北京市', '2016-02-27', NULL, 1),
(1084, 1, 'EL035495987JP', '湖北省', '2016-02-27', NULL, 1),
(1085, 1, 'EL035392293JP', '四川省', '2016-02-27', NULL, 1),
(1086, 1, 'EL036168762JP', '北京市', '2016-02-27', NULL, 1),
(1087, 5, 'CI021387347JP', '江苏省', '2016-02-26', '2016-03-19', 1),
(1088, 1, 'EL037458633JP', '天津市', '2016-02-26', NULL, 1),
(1089, 1, 'EL037057581JP', '浙江省', '2016-02-26', NULL, 1),
(1090, 1, 'EL035056671JP', '重庆市', '2016-02-26', NULL, 1),
(1091, 1, 'EL036002003JP', '江苏省', '2016-02-26', NULL, 1),
(1092, 1, 'EL037957877JP', '北京市', '2016-02-26', NULL, 1),
(1093, 5, 'CI021351245JP', '新疆省', '2016-02-26', '2016-04-01', 1),
(1094, 5, 'CI021351308JP', '吉林省', '2016-02-26', '2016-03-25', 1),
(1096, 1, 'EL032532495JP', '江苏省', '2016-02-25', NULL, 1),
(1097, 1, 'EL037469565JP', '福建省', '2016-02-25', NULL, 1),
(1098, 1, 'EL036652525JP', '云南省', '2016-02-25', NULL, 1),
(1099, 1, 'EL038061724JP', '广东省', '2016-02-25', NULL, 1),
(1100, 1, 'EL034931460JP', '北京市', '2016-02-25', NULL, 1),
(1101, 1, 'EL029161313JP', '江苏省', '2016-02-25', NULL, 1),
(1102, 5, 'CI021383994JP', '浙江省', '2016-02-26', '2016-03-18', 1),
(1103, 1, 'EL037308846JP', '重庆市', '2016-02-24', NULL, 1),
(1104, 1, 'EL036575973JP', '北京市', '2016-02-23', NULL, 1),
(1105, 5, 'CI021312675JP', '北京市', '2016-02-24', '2016-03-29', 1),
(1106, 1, 'EL034923619JP', '广西省', '2016-02-23', NULL, 1),
(1107, 1, 'EL036887619JP', '黑龙江省', '2016-02-23', NULL, 1),
(1108, 1, 'EL037031054JP', '上海市', '2016-02-23', NULL, 1),
(1109, 1, 'EL037926407JP', '上海市', '2016-02-23', NULL, 1),
(1110, 1, 'EL034866823JP', '陕西省', '2016-02-23', NULL, 1),
(1111, 1, 'EL036454723JP', '上海市', '2016-02-23', NULL, 1),
(1112, 1, 'EL034960188JP', '上海市', '2016-02-23', NULL, 1),
(1113, 1, 'EL037081682JP', '四川省', '2016-02-23', NULL, 1),
(1114, 1, 'EL036763225JP', '辽宁省', '2016-02-23', NULL, 1),
(1115, 1, 'EL034251498JP', '内蒙古', '2016-02-23', NULL, 1),
(1116, 1, 'EL037959396JP', '湖北省', '2016-02-23', NULL, 1),
(1117, 5, 'CI021316218JP', '江苏省', '2016-02-23', '2016-03-18', 1),
(1118, 5, 'CI021348745JP', '河南省', '2016-02-22', '2016-04-02', 1),
(1119, 1, 'EL034985746JP', '上海市', '2016-02-22', NULL, 1),
(1120, 1, 'EL037884429JP', '北京市', '2016-02-22', NULL, 1),
(1121, 1, 'EL032300029JP', '重庆市', '2016-02-22', NULL, 1),
(1122, 1, 'EL036631644JP', '云南省', '2016-02-22', NULL, 1),
(1123, 1, 'EL037186949JP', '辽宁省', '2016-02-22', NULL, 1),
(1124, 1, 'EL032655693JP', '辽宁省', '2016-02-21', NULL, 1),
(1125, 1, 'EL035439781JP', '贵州省', '2016-02-21', NULL, 1),
(1126, 1, 'EL037498310JP', '陕西省', '2016-02-21', NULL, 1),
(1127, 1, 'EL037015578JP', '新疆省', '2016-02-21', NULL, 1),
(1128, 1, 'EL037332624JP', '辽宁省', '2016-02-21', NULL, 1),
(1129, 5, 'CI021278143JP', '广东省', '2016-02-21', '2016-03-16', 1),
(1130, 1, 'EL034847360JP', '江苏省', '2016-02-20', NULL, 1),
(1131, 5, 'CI021274172JP', '陕西省', '2016-02-21', '2016-03-23', 1),
(1132, 1, 'EL034058631JP', '浙江省', '2016-02-20', NULL, 1),
(1133, 1, 'EL034853144JP', '江苏省', '2016-02-20', NULL, 1),
(1134, 5, 'CI021271128JP', '北京市', '2016-02-22', '2016-04-02', 1),
(1135, 1, 'EL037328766JP', '北京市', '2016-02-20', NULL, 1),
(1136, 1, 'EL034613705JP', '江苏省', '2016-02-20', NULL, 1),
(1137, 1, 'EL038075309JP', '湖北省', '2016-02-20', NULL, 1),
(1138, 5, 'CI021341787JP', '上海市', '2016-02-20', '2016-03-24', 1),
(1139, 1, 'EL036580837JP', '北京市', '2016-02-19', NULL, 1),
(1140, 5, 'CI021271922JP', '湖北省', '2016-02-19', '2016-03-18', 1),
(1141, 1, 'EL036923112JP', '浙江省', '2016-02-19', NULL, 1),
(1142, 5, 'CI021383521JP', '江苏省', '2016-02-19', '2016-03-11', 1),
(1143, 5, 'CI021378606JP', '甘肃省', '2016-02-23', '2016-03-30', 1),
(1144, 1, 'EL036477313JP', '湖南省', '2016-02-19', NULL, 1),
(1145, 1, 'EL038260739JP', '上海市', '2016-02-18', NULL, 1),
(1146, 1, 'EL032533315JP', '广西省', '2016-02-18', NULL, 1),
(1147, 1, 'EL034961546JP', '上海市', '2016-02-18', NULL, 1),
(1148, 1, 'EL031335980JP', '江苏省', '2016-02-18', NULL, 1),
(1149, 1, 'EL036570605JP', '浙江省', '2016-02-18', NULL, 1),
(1150, 1, 'EL037911455JP', '内蒙古', '2016-02-17', NULL, 1),
(1151, 1, 'EL036959655JP', '浙江省', '2016-02-17', NULL, 1),
(1152, 1, 'EL036744663JP', '贵州省', '2016-02-17', NULL, 1),
(1153, 1, 'EL033290495JP', '福建省', '2016-02-17', NULL, 1),
(1154, 1, 'EL033528245JP', '浙江省', '2016-02-17', NULL, 1),
(1155, 1, 'EL034951623JP', '江苏省', '2016-02-17', NULL, 1),
(1156, 1, 'EL038254132JP', '上海市', '2016-02-17', NULL, 1),
(1157, 1, 'EL038260597JP', '北京市', '2016-02-17', NULL, 1),
(1158, 5, 'CI021340336JP', '江苏省', '2016-02-21', '2016-03-11', 1),
(1159, 1, 'EL037931906JP', '上海市', '2016-02-16', NULL, 1),
(1160, 1, 'EL037975439JP', '陕西省', '2016-02-16', NULL, 1),
(1161, 1, 'EL036643157JP', '北京市', '2016-02-16', NULL, 1),
(1162, 1, 'EL038043045JP', '北京市', '2016-02-16', NULL, 1),
(1163, 1, 'EL038298031JP', '北京市', '2016-02-16', NULL, 1),
(1164, 1, 'EL037966525JP', '北京市', '2016-02-16', NULL, 1),
(1165, 1, 'EL036804319JP', '安徽省', '2016-02-16', NULL, 1),
(1166, 1, 'EL038209782JP', '江苏省', '2016-02-16', NULL, 1),
(1167, 1, 'EL034658304JP', '江苏省', '2016-02-16', NULL, 1),
(1168, 1, 'EL036419050JP', '江苏省', '2016-02-16', NULL, 1),
(1169, 1, 'EL036509648JP', '北京市', '2016-02-16', NULL, 1),
(1170, 1, 'EL038032294JP', '云南省', '2016-02-16', NULL, 1),
(1171, 1, 'EL032801317JP', '河南省', '2016-02-15', '2016-02-20', 1),
(1172, 1, 'EL037193940JP', '上海市', '2016-02-15', NULL, 1),
(1173, 5, 'CI021344655JP', '湖北省', '2016-02-18', '2016-03-23', 1),
(1174, 5, 'CI021345245JP', '北京市', '2016-02-21', '2016-03-25', 1),
(1175, 1, 'EL034672270JP', '上海市', '2016-02-14', NULL, 1),
(1176, 1, 'EL037372376JP', '江苏省', '2016-02-14', NULL, 1),
(1177, 1, 'EL030391177JP', '广东省', '2016-02-14', NULL, 1),
(1178, 1, 'EL036621647JP', '上海市', '2016-02-14', NULL, 1),
(1179, 1, 'EL037313280JP', '江苏省', '2016-02-14', NULL, 1),
(1180, 1, 'EL037963360JP', '北京市', '2016-02-13', NULL, 1),
(1181, 1, 'EL036553213JP', '山东省', '2016-02-13', NULL, 1),
(1182, 1, 'EL038350814JP', '辽宁省', '2016-02-13', NULL, 1),
(1183, 1, 'EL038351647JP', '河北省', '2016-02-13', NULL, 1),
(1184, 5, 'CI021377472JP', '河北省', '2016-02-15', '2016-03-18', 1),
(1185, 5, 'CI021473108JP', '天津市', '2016-02-15', '2016-03-17', 1),
(1186, 1, 'EL038053405JP', '天津市', '2016-02-13', NULL, 1),
(1187, 1, 'EL034896887JP', '上海市', '2016-02-13', NULL, 1),
(1188, 5, 'CI021463817JP', '湖南省', '2016-02-13', '2016-04-06', 1),
(1189, 1, 'EL036731660JP', '上海市', '2016-02-13', NULL, 1),
(1190, 1, 'EL037257353JP', '湖北省', '2016-02-13', NULL, 1),
(1191, 1, 'EL038083883JP', '四川省', '2016-02-13', NULL, 1),
(1192, 1, 'EL034059535JP', '浙江省', '2016-02-12', NULL, 1),
(1193, 1, 'EL034430755JP', '广东省', '2016-02-12', NULL, 1),
(1194, 1, 'EL037908831JP', '江苏省', '2016-02-12', NULL, 1),
(1195, 1, 'EL036806779JP', '上海市', '2016-02-12', NULL, 1),
(1196, 1, 'EL033831964JP', '浙江省', '2016-02-12', NULL, 1),
(1197, 1, 'EL037002852JP', '安徽省', '2016-02-11', NULL, 1),
(1198, 1, 'EL034200920JP', '广东省', '2016-02-11', NULL, 1),
(1199, 1, 'EL036565463JP', '江苏省', '2016-02-11', NULL, 1),
(1200, 1, 'EL032547994JP', '上海市', '2016-02-10', NULL, 1),
(1201, 1, 'EL036713799JP', '江苏省', '2016-02-10', NULL, 1),
(1202, 1, 'EL034096158JP', '上海市', '2016-02-10', NULL, 1),
(1203, 1, 'EL037322105JP', '浙江省', '2016-02-10', NULL, 1),
(1204, 1, 'EL038198665JP', '黑龙江省', '2016-02-08', NULL, 1),
(1205, 1, 'EL031710654JP', '河南省', '2016-02-08', '2016-02-14', 1),
(1206, 1, 'EL036424094JP', '重庆市', '2016-02-08', NULL, 1),
(1207, 5, 'CI021306357JP', '湖南省', '2016-02-08', '2016-03-09', 1),
(1208, 1, 'EL036454992JP', '广东省', '2016-02-06', NULL, 1),
(1209, 1, 'EL034078392JP', '江苏省', '2016-02-06', NULL, 1),
(1210, 5, 'CI021461215JP', '浙江省', '2016-02-06', '2016-03-02', 1),
(1211, 1, 'EL031414002JP', '河南省', '2016-02-06', '2016-02-14', 1),
(1212, 1, 'EL036817391JP', '上海市', '2016-02-06', NULL, 1),
(1213, 1, 'EL034201545JP', '重庆市', '2016-02-05', NULL, 1),
(1214, 1, 'EL036859683JP', '江苏省', '2016-02-05', NULL, 1),
(1215, 1, 'EL036564114JP', '江西省', '2016-02-05', NULL, 1),
(1216, 1, 'EL036965877JP', '上海市', '2016-02-05', NULL, 1),
(1217, 1, 'EL038002275JP', '陕西省', '2016-02-05', NULL, 1),
(1218, 1, 'EL031393585JP', '北京市', '2016-02-04', NULL, 1),
(1219, 1, 'EL032523454JP', '北京市', '2016-02-04', NULL, 1),
(1220, 1, 'EL028332665JP', '天津市', '2016-02-02', NULL, 1),
(1221, 1, 'EL034379211JP', '上海市', '2016-02-02', NULL, 1),
(1222, 1, 'EL036463535JP', '浙江省', '2016-02-02', NULL, 1),
(1223, 1, 'EL034454650JP', '上海市', '2016-02-02', NULL, 1),
(1224, 1, 'EL032547787JP', '上海市', '2016-02-02', NULL, 1),
(1225, 1, 'EL032880782JP', '上海市', '2016-02-02', NULL, 1),
(1226, 1, 'EL034687597JP', '北京市', '2016-02-02', NULL, 1),
(1227, 1, 'EL037213896JP', '江苏省', '2016-01-30', NULL, 1),
(1228, 1, 'EL036841705JP', '江苏省', '2016-01-30', NULL, 1),
(1229, 1, 'EL036661685JP', '上海市', '2016-01-29', NULL, 1),
(1230, 1, 'EL033261732JP', '广东省', '2016-01-29', NULL, 1),
(1231, 1, 'EL036737150JP', '海南省', '2016-01-28', NULL, 1),
(1232, 1, 'EL032820157JP', '北京市', '2016-01-28', NULL, 1),
(1233, 1, 'EL033825969JP', '山西省', '2016-01-28', NULL, 1),
(1234, 1, 'EL031956697JP', '上海市', '2016-01-28', NULL, 1),
(1235, 1, 'EL034176885JP', '福建省', '2016-01-28', NULL, 1),
(1236, 1, 'EL034605624JP', '天津市', '2016-01-28', NULL, 1),
(1237, 1, 'EL036504138JP', '内蒙古', '2016-01-28', NULL, 1),
(1238, 1, 'EL032877165JP', '北京市', '2016-01-27', NULL, 1),
(1239, 1, 'EL034326545JP', '广东省', '2016-01-27', NULL, 1),
(1240, 1, 'EL032872239JP', '上海市', '2016-01-24', NULL, 1),
(1241, 1, 'EL033325441JP', '陕西省', '2016-01-24', NULL, 1),
(1242, 5, 'CI021475877JP', '广东省', '2016-01-25', '2016-02-26', 1),
(1243, 1, 'EL032653445JP', '上海市', '2016-01-22', NULL, 1),
(1244, 1, 'EL032969547JP', '上海市', '2016-01-22', NULL, 1),
(1245, 1, 'EL033586226JP', '浙江省', '2016-01-21', NULL, 1),
(1246, 1, 'EL034323186JP', '广东省', '2016-01-20', NULL, 1),
(1247, 1, 'EL033156120JP', '江苏省', '2016-01-20', NULL, 1),
(1248, 1, 'EL034471009JP', '河北省', '2016-01-20', NULL, 1),
(1249, 5, 'CI021466549JP', '辽宁省', '2016-01-23', '2016-02-23', 1),
(1250, 1, 'EL031392559JP', '上海市', '2016-01-20', NULL, 1),
(1251, 1, 'EL034398459JP', '山西省', '2016-01-20', NULL, 1),
(1252, 1, 'EL031346894JP', '江苏省', '2016-01-18', NULL, 1),
(1253, 1, 'EL034251087JP', '北京市', '2016-01-18', NULL, 1),
(1254, 1, 'EL034197315JP', '上海市', '2016-01-18', NULL, 1),
(1255, 1, 'EL034610385JP', '江苏省', '2016-01-17', NULL, 1),
(1256, 1, 'EL032646475JP', '江苏省', '2016-01-17', NULL, 1),
(1257, 1, 'EL034094165JP', '福建省', '2016-01-17', NULL, 1),
(1258, 5, 'CI021427196JP', '浙江省', '2016-01-17', '2016-03-05', 1),
(1259, 1, 'EL031397525JP', '福建省', '2016-01-17', NULL, 1),
(1260, 1, 'EL033996932JP', '浙江省', '2016-01-17', NULL, 1),
(1261, 1, 'EL032128140JP', '江西省', '2016-01-17', NULL, 1),
(1262, 1, 'EL037091265JP', '福建省', '2016-01-14', NULL, 1),
(1263, 2, 'RR919831923JP', '贵州省', '2016-01-14', '2016-01-27', 1),
(1264, 2, 'RR919771782JP', '辽宁省', '2016-01-14', '2016-01-20', 1),
(1265, 2, 'RR919883086JP', '上海市', '2016-01-14', '2016-01-18', 1),
(1266, 2, 'RR919835602JP', '山东省', '2016-01-14', '2016-01-31', 1),
(1267, 1, 'EL034392062JP', '江苏省', '2016-01-14', NULL, 1),
(1268, 1, 'EL031447120JP', '广东省', '2016-01-13', NULL, 1),
(1269, 2, 'RR919716256JP', '湖北省', '2016-01-14', '2016-01-27', 1),
(1270, 5, 'CI021430031JP', '河北省', '2016-01-19', '2016-02-14', 1),
(1271, 5, 'CI021419521JP', '湖北省', '2016-01-15', '2016-02-20', 1),
(1272, 5, 'CI021426859JP', '江西省', '2016-01-15', '2016-02-06', 1),
(1273, 1, 'EL032749682JP', '辽宁省', '2016-01-13', NULL, 1),
(1274, 5, 'CI021430544JP', '上海市', '2016-01-12', '2016-02-06', 1),
(1275, 1, 'EL034352766JP', '吉林省', '2016-01-12', NULL, 1),
(1276, 2, 'RR919811946JP', '江苏省', '2016-01-14', '2016-01-21', 1),
(1277, 1, 'EL032313067JP', '浙江省', '2016-01-12', NULL, 1),
(1278, 2, 'RR919708878JP', '陕西省', '2016-01-14', '2016-01-26', 1),
(1279, 1, 'EL034199206JP', '广东省', '2016-01-12', NULL, 1),
(1280, 2, 'RR919870105JP', '上海市', '2016-01-14', '2016-01-18', 1),
(1281, 5, 'CI021415051JP', '陕西省', '2016-01-15', '2016-02-25', 1),
(1282, 2, 'RR919477825JP', '北京市', '2016-01-14', '2016-01-25', 1),
(1283, 1, 'EL031344519JP', '广东省', '2016-01-12', NULL, 1),
(1284, 2, 'RR919766408JP', '四川省', '2016-01-14', '2016-01-31', 1),
(1285, 2, 'RR919707869JP', '四川省', '2016-01-12', '2016-02-23', 0),
(1286, 1, 'EL032580522JP', '上海市', '2016-01-14', '2016-01-20', 1),
(1287, 2, 'RR919479676JP', '湖北省', '2016-01-14', '2016-01-26', 1),
(1288, 1, 'EL034602999JP', '安徽省', '2016-01-11', NULL, 1),
(1289, 5, 'CI021373776JP', '北京市', '2016-01-12', '2016-02-13', 1),
(1290, 2, 'RR919526288JP', '上海市', '2016-01-11', '2016-01-15', 1),
(1291, 2, 'RR919579215JP', '重庆市', '2016-01-14', '2016-01-29', 1),
(1292, 2, 'RR919582829JP', '上海市', '2016-01-11', '2016-01-15', 1),
(1293, 5, 'CI021420119JP', '上海市', '2016-01-12', '2016-02-02', 1),
(1294, 5, 'CI021490260JP', '辽宁省', '2016-01-11', '2016-02-05', 1),
(1295, 5, 'CI021497210JP', '辽宁省', '2016-01-11', '2016-02-04', 1),
(1296, 2, 'RR919571123JP', '北京市', '2016-01-10', '2016-01-17', 1),
(1297, 2, 'RR919509302JP', '湖南省', '2016-01-11', '2016-01-25', 1),
(1298, 2, 'RR919512037JP', '天津市', '2016-01-11', '2016-01-22', 1),
(1299, 1, 'EL033307828JP', '黑龙江省', '2016-01-10', NULL, 1),
(1300, 1, 'EL032895402JP', '黑龙江省', '2016-01-09', NULL, 1),
(1301, 1, 'EL032940061JP', '湖北省', '2016-01-09', NULL, 1),
(1302, 1, 'EL033233691JP', '江苏省', '2016-01-09', NULL, 1),
(1303, 2, 'RR919517122JP', '四川省', '2016-01-09', '2016-01-24', 1),
(1304, 5, 'CI021419402JP', '江苏省', '2016-01-10', '2016-02-01', 1),
(1305, 2, 'RR919626136JP', '陕西省', '2016-01-09', '2016-01-19', 1),
(1306, 1, 'EL033134393JP', '贵州省', '2016-01-08', NULL, 1),
(1307, 1, 'EL033148826JP', '江苏省', '2016-01-08', NULL, 1),
(1308, 1, 'EL034333798JP', '北京市', '2016-01-08', NULL, 1),
(1309, 1, 'EL034241252JP', '北京市', '2016-01-08', NULL, 1),
(1310, 2, 'RR919455900JP', '四川省', '2016-01-08', '2016-01-21', 1),
(1311, 2, 'RR919563039JP', '北京市', '2016-01-08', '2016-01-14', 1),
(1312, 2, 'RR919617222JP', '湖南省', '2016-01-08', '2016-01-18', 1),
(1313, 2, 'RR919506694JP', '上海市', '2016-01-08', '2016-01-12', 1),
(1314, 2, 'RR919599943JP', '吉林省', '2016-01-08', '2016-01-15', 1),
(1315, 5, 'CI021495956JP', '北京市', '2016-01-08', '2016-02-01', 1),
(1316, 2, 'RR919604127JP', '上海市', '2016-01-08', '2016-01-12', 1),
(1317, 2, 'RR919596187JP', '江苏省', '2016-01-09', '2016-01-17', 1),
(1318, 2, 'RR919500630JP', '湖北省', '2016-01-09', '2016-01-19', 1),
(1319, 2, 'RR919665072JP', '北京市', '2016-01-09', '2016-01-15', 1),
(1320, 2, 'RR919607534JP', '江苏省', '2016-01-09', '2016-01-18', 1),
(1321, 2, 'RR919498573JP', '北京市', '2016-01-08', '2016-01-16', 1),
(1322, 2, 'RR919665660JP', '天津市', '2016-01-09', '2016-01-19', 1),
(1323, 2, 'RR919373879JP', '福建省', '2016-01-08', '2016-01-14', 1),
(1324, 2, 'RR919650095JP', '湖北省', '2016-01-08', '2016-01-18', 1),
(1325, 2, 'RR919308376JP', '浙江省', '2016-01-08', '2016-01-14', 1),
(1326, 2, 'RR919315933JP', '北京市', '2016-01-08', '2016-01-14', 1),
(1327, 2, 'RR919317761JP', '重庆市', '2016-01-09', '2016-01-22', 1),
(1328, 2, 'RR919315575JP', '四川省', '2016-01-08', '2016-01-21', 1),
(1329, 2, 'RR919265517JP', '上海市', '2016-01-09', '2016-01-13', 1),
(1330, 2, 'RR919301695JP', '江西省', '2016-01-08', '2016-01-15', 1),
(1331, 2, 'RR919304989JP', '山西省', '2016-01-03', '2016-01-12', 1),
(1332, 2, 'RR919448682JP', '北京市', '2016-01-03', '2016-01-08', 1),
(1333, 2, 'RR919405316JP', '浙江省', '2016-01-03', '2016-01-08', 1),
(1334, 2, 'RR919406625JP', '上海市', '2016-01-09', '2016-01-13', 1),
(1335, 1, 'EL034673955JP', '天津市', '2016-01-03', NULL, 1),
(1336, 2, 'RR919248289JP', '上海市', '2016-01-08', '2016-01-12', 1),
(1337, 2, 'RR919297554JP', '上海市', '2016-01-03', '2016-01-07', 1),
(1338, 1, 'EL033127375JP', '河北省', '2016-01-02', NULL, 1),
(1339, 2, 'RR919450068JP', '四川省', '2016-01-09', '2016-01-22', 1),
(1340, 2, 'RR919297214JP', '北京市', '2016-01-03', '2016-01-08', 1),
(1341, 2, 'RR919291287JP', '北京市', '2016-01-08', '2016-01-14', 1),
(1342, 2, 'RR919240311JP', '北京市', '2016-01-03', '2016-01-09', 1),
(1343, 2, 'RR919403791JP', '辽宁省', '2016-01-08', '2016-01-13', 1),
(1344, 2, 'RR919443606JP', '湖北省', '2016-01-03', '2016-01-09', 1),
(1345, 5, 'CI021301505JP', '辽宁省', '2015-12-31', '2016-01-20', 1),
(1346, 2, 'RR919291239JP', '北京市', '2015-12-31', '2016-01-06', 1),
(1347, 2, 'RR919449419JP', '湖北省', '2015-12-31', '2016-01-08', 1),
(1348, 2, 'RR919341479JP', '浙江省', '2015-12-31', '2016-01-07', 1),
(1349, 1, 'EL027718152JP', '江苏省', '2015-12-31', NULL, 1),
(1350, 1, 'EL032475524JP', '湖北省', '2015-12-31', NULL, 1),
(1351, 2, 'RR919393958JP', '重庆市', '2015-12-31', '2016-01-08', 1),
(1352, 2, 'RR919383947JP', '江苏省', '2015-12-31', '2016-01-09', 1),
(1353, 2, 'RR919395300JP', '广东省', '2015-12-31', '2016-03-01', 0),
(1354, 5, 'CI021373073JP', '四川省', '2016-01-02', '2016-01-22', 1),
(1355, 2, 'RR919285613JP', '湖北省', '2015-12-31', '2016-01-08', 1),
(1356, 2, 'RR919341831JP', '北京市', '2015-12-31', '2016-01-06', 1),
(1357, 1, 'EL033355766JP', '上海市', '2015-12-31', '2016-01-03', 1),
(1358, 2, 'RR919336377JP', '云南省', '2015-12-31', '2016-01-13', 1),
(1359, 2, 'RR919340725JP', '山东省', '2015-12-31', '2016-01-13', 1),
(1360, 1, 'EL033167683JP', '河北省', '2015-12-30', NULL, 1),
(1361, 2, 'RR919444650JP', '山东省', '2015-12-31', '2016-01-13', 1),
(1362, 2, 'RR919388808JP', '北京市', '2015-12-31', '2016-01-06', 1),
(1363, 5, 'CI021491821JP', '上海市', '2015-12-29', '2016-01-23', 1),
(1364, 2, 'RR919379620JP', '浙江省', '2015-12-29', '2016-01-11', 0),
(1365, 2, 'RR919154224JP', '北京市', '2015-12-29', '2016-01-05', 1),
(1366, 2, 'RR919271818JP', '上海市', '2015-12-29', '2016-01-02', 1),
(1367, 2, 'RR919154017JP', '上海市', '2015-12-29', '2016-01-02', 1),
(1368, 2, 'RR919433498JP', '四川省', '2015-12-29', '2016-01-08', 1),
(1369, 2, 'RR919156432JP', '湖南省', '2015-12-29', '2016-01-06', 1),
(1370, 5, 'CI021302085JP', '北京市', '2015-12-29', '2016-01-21', 1),
(1371, 2, 'RR919154839JP', '上海市', '2015-12-29', '2016-01-02', 1),
(1372, 2, 'RR919276639JP', '上海市', '2015-12-31', '2016-01-04', 1),
(1373, 2, 'RR919323339JP', '江苏省', '2015-12-29', '2016-01-05', 1),
(1374, 2, 'RR919324966JP', '上海市', '2015-12-29', '2016-01-04', 1),
(1375, 2, 'RR919432838JP', '四川省', '2015-12-29', '2016-01-09', 1),
(1376, 5, 'CI021051382JP', '江西省', '2016-01-02', '2016-01-21', 1),
(1377, 5, 'CI021022015JP', '江西省', '2016-01-02', '2016-01-24', 1),
(1378, 5, 'CI021338791JP', '江西省', '2016-01-04', '2016-01-20', 1),
(1379, 2, 'RR919198640JP', '上海市', '2015-12-27', '2016-01-04', 1),
(1380, 2, 'RR919086405JP', '湖南省', '2015-12-27', '2016-01-06', 1),
(1381, 2, 'RR919029031JP', '四川省', '2015-12-27', '2016-01-09', 1),
(1382, 5, 'CI021337014JP', '福建省', '2016-01-03', '2016-02-16', 0),
(1383, 2, 'RR919038855JP', '上海市', '2015-12-27', '2015-12-31', 1),
(1384, 2, 'RR919232607JP', '上海市', '2015-12-27', '2015-12-31', 1),
(1385, 2, 'RR919143116JP', '重庆市', '2015-12-27', '2016-01-07', 1),
(1386, 2, 'RR919143875JP', '广东省', '2015-12-27', '2016-01-05', 1),
(1387, 2, 'RR919035425JP', '湖南省', '2015-12-27', '2016-01-06', 1),
(1388, 2, 'RR919089857JP', '北京市', '2015-12-27', '2016-01-03', 1),
(1389, 2, 'RR919041837JP', '辽宁省', '2015-12-31', '2016-01-11', 1),
(1390, 2, 'RR919088281JP', '四川省', '2015-12-27', '2016-01-10', 1),
(1391, 2, 'RR919090930JP', '湖北省', '2015-12-27', '2016-01-04', 1),
(1392, 2, 'RR919146996JP', '上海市', '2015-12-31', '2016-01-05', 1),
(1393, 2, 'RR919203336JP', '四川省', '2015-12-27', '2016-01-13', 1),
(1394, 2, 'RR919188072JP', '湖北省', '2015-12-27', '2016-01-03', 1),
(1395, 2, 'RR919035142JP', '上海市', '2015-12-27', '2015-12-31', 1),
(1396, 2, 'RR919089517JP', '湖北省', '2015-12-27', '2016-01-03', 1),
(1397, 5, 'CI021304299JP', '辽宁省', '2015-12-27', '2016-01-26', 1),
(1398, 2, 'RR919036001JP', '浙江省', '2015-12-31', '2016-01-08', 1),
(1399, 5, 'CI021498609JP', '江苏省', '2015-12-28', '2016-01-25', 1),
(1400, 2, 'RR919082955JP', '四川省', '2015-12-26', '2016-01-06', 1),
(1401, 2, 'RR919138204JP', '江苏省', '2015-12-26', '2016-01-05', 1),
(1402, 2, 'RR919071082JP', '上海市', '2015-12-27', '2015-12-31', 1),
(1403, 2, 'RR919195201JP', '江苏省', '2015-12-26', '2016-01-06', 1),
(1404, 2, 'RR919035006JP', '江苏省', '2015-12-26', '2015-12-31', 1),
(1405, 1, 'EL033354536JP', '辽宁省', '2015-12-26', NULL, 1),
(1406, 1, 'EL033197699JP', '上海市', '2015-12-29', '2016-01-05', 1),
(1407, 2, 'RR919022166JP', '重庆市', '2015-12-26', '2016-01-07', 1),
(1408, 2, 'RR919073874JP', '四川省', '2015-12-26', '2016-01-06', 1),
(1409, 2, 'RR919135653JP', '上海市', '2015-12-25', '2015-12-30', 1),
(1410, 2, 'RR919171562JP', '江苏省', '2015-12-29', '2016-01-03', 1),
(1411, 2, 'RR919135565JP', '上海市', '2015-12-26', '2015-12-30', 1),
(1412, 2, 'RR919024493JP', '湖北省', '2015-12-26', '2016-01-03', 1),
(1413, 2, 'RR919080481JP', '陕西省', '2015-12-26', '2016-01-05', 1),
(1414, 2, 'RR919071666JP', '江苏省', '2015-12-26', '2016-01-02', 1),
(1415, 2, 'RR919020182JP', '四川省', '2015-12-26', '2016-01-06', 1),
(1416, 2, 'RR919067587JP', '河北省', '2015-12-23', '2015-12-29', 1),
(1417, 2, 'RR919177477JP', '上海市', '2015-12-23', '2015-12-28', 1),
(1418, 2, 'RR919066374JP', '北京市', '2015-12-26', '2015-12-31', 1),
(1419, 2, 'RR919175272JP', '上海市', '2015-12-23', '2015-12-28', 1),
(1420, 2, 'RR919234599JP', '江苏省', '2015-12-23', '2016-01-01', 1),
(1421, 2, 'RR919175697JP', '上海市', '2015-12-23', '2015-12-28', 1),
(1422, 2, 'RR919060725JP', '湖北省', '2015-12-23', '2015-12-31', 1),
(1423, 2, 'RR919226102JP', '上海市', '2015-12-26', '2015-12-30', 1),
(1424, 1, 'EL033199567JP', '四川省', '2015-12-22', NULL, 1),
(1425, 2, 'RR919061363JP', '广东省', '2015-12-22', '2016-01-01', 1),
(1426, 2, 'RR919118006JP', '辽宁省', '2015-12-22', '2015-12-30', 1),
(1427, 2, 'RR919109931JP', '上海市', '2015-12-26', '2015-12-30', 1),
(1428, 2, 'RR919052517JP', '上海市', '2015-12-23', '2015-12-28', 1),
(1429, 2, 'RR919223123JP', '上海市', '2015-12-23', '2015-12-28', 1),
(1430, 2, 'RR919164972JP', '江苏省', '2015-12-26', '2016-01-02', 1),
(1431, 2, 'RR919222370JP', '吉林省', '2015-12-21', '2015-12-31', 1),
(1432, 2, 'RR919166032JP', '江西省', '2015-12-21', '2015-12-28', 1),
(1433, 2, 'RR919053804JP', '新疆省', '2015-12-21', '2016-01-01', 1),
(1434, 2, 'RR919105268JP', '湖北省', '2015-12-21', '2015-12-30', 1),
(1435, 2, 'RR919215189JP', '新疆省', '2015-12-21', '2016-01-01', 1),
(1436, 2, 'RR918921208JP', '江苏省', '2015-12-22', '2015-12-29', 1),
(1437, 2, 'RR919213483JP', '湖南省', '2015-12-22', '2016-01-05', 1),
(1438, 2, 'RR918939084JP', '山东省', '2015-12-26', '2016-01-08', 1),
(1439, 2, 'RR918985883JP', '广西省', '2015-12-23', '2016-01-02', 1),
(1440, 5, 'CI021113705JP', '广东省', '2015-12-23', '2016-01-19', 1),
(1441, 2, 'RR918831286JP', '福建省', '2015-12-21', '2015-12-28', 1),
(1442, 2, 'RR918927378JP', '云南省', '2015-12-19', '2015-12-30', 1),
(1443, 2, 'RR918970420JP', '河北省', '2015-12-19', '2015-12-26', 1),
(1444, 2, 'RR918826096JP', '江苏省', '2015-12-19', '2015-12-25', 1),
(1445, 1, 'EL033446507JP', '陕西省', '2015-12-19', NULL, 1),
(1446, 1, 'EL032965369JP', '安徽省', '2015-12-19', NULL, 1),
(1447, 2, 'RR918873706JP', '北京市', '2015-12-19', '2015-12-31', 1),
(1448, 2, 'RR918864576JP', '江苏省', '2015-12-17', '2015-12-29', 1),
(1449, 2, 'RR918968810JP', '山东省', '2015-12-19', '2016-01-04', 1),
(1450, 2, 'RR918863893JP', '江苏省', '2015-12-17', '2015-12-24', 1),
(1451, 2, 'RR918866245JP', '安徽省', '2015-12-17', '2015-12-24', 1),
(1452, 2, 'RR918718485JP', '湖北省', '2015-12-19', '2015-12-29', 1),
(1453, 2, 'RR918964058JP', '江苏省', '2015-12-17', '2015-12-24', 1),
(1454, 2, 'RR918900622JP', '湖北省', '2015-12-19', '2015-12-27', 1),
(1455, 2, 'RR918847989JP', '江西省', '2015-12-19', '2015-12-24', 1),
(1456, 2, 'RR918908484JP', '上海市', '2015-12-17', '2015-12-22', 1),
(1457, 2, 'RR918857694JP', '北京市', '2015-12-19', '2015-12-25', 1),
(1458, 2, 'RR918906758JP', '湖北省', '2015-12-17', '2015-12-25', 1),
(1459, 2, 'RR918907855JP', '湖北省', '2015-12-17', '2015-12-27', 1),
(1460, 2, 'RR918890939JP', '江苏省', '2015-12-15', '2015-12-22', 1),
(1461, 2, 'RR918845223JP', '上海市', '2015-12-15', '2015-12-19', 1),
(1462, 2, 'RR918843942JP', '安徽省', '2015-12-15', '2015-12-25', 1),
(1463, 2, 'RR918901319JP', '陕西省', '2015-12-17', '2015-12-29', 1),
(1464, 2, 'RR918844276JP', '陕西省', '2015-12-15', '2015-12-29', 1),
(1465, 2, 'RR918952117JP', '福建省', '2015-12-15', '2016-01-14', 0),
(1466, 2, 'RR918842567JP', '四川省', '2015-12-15', '2015-12-28', 1),
(1467, 2, 'RR918942698JP', '北京市', '2015-12-15', '2015-12-22', 1),
(1468, 2, 'RR918946434JP', '重庆市', '2015-12-15', '2015-12-28', 1),
(1469, 5, 'CI021044228JP', '辽宁省', '2015-12-14', '2016-01-13', 1),
(1470, 2, 'RR918599173JP', '天津市', '2015-12-13', '2015-12-21', 1),
(1471, 2, 'RR918655887JP', '江苏省', '2015-12-13', '2015-12-22', 1),
(1472, 2, 'RR918696952JP', '河北省', '2015-12-13', '2015-12-24', 1),
(1473, 2, 'RR918652673JP', '浙江省', '2015-12-13', '2015-12-25', 1),
(1474, 2, 'RR918760531JP', '江苏省', '2015-12-13', '2015-12-21', 1),
(1475, 2, 'RR918652554JP', '天津市', '2015-12-13', '2015-12-22', 1),
(1476, 2, 'RR918708050JP', '陕西省', '2015-12-17', '2015-12-29', 1),
(1477, 2, 'RR918707522JP', '上海市', '2015-12-13', '2015-12-18', 1),
(1478, 2, 'RR918754575JP', '陕西省', '2015-12-13', '2015-12-29', 1),
(1479, 2, 'RR918635817JP', '吉林省', '2015-12-13', '2015-12-20', 1),
(1480, 2, 'RR918730937JP', '上海市', '2015-12-13', '2015-12-17', 1),
(1481, 2, 'RR918683432JP', '上海市', '2015-12-13', '2015-12-18', 1),
(1482, 2, 'RR928602243JP', '黑龙江省', '2017-01-18', NULL, 1),
(1483, 2, 'RR928711668JP', '北京市', '2017-01-18', NULL, 1),
(1484, 1, 'EL007632038JP', '湖北省', '2017-01-18', NULL, 1),
(1485, 2, 'RR928930155JP', '上海市', '2017-01-18', NULL, 1),
(1486, 2, 'RR903890314JP', '海南省', '2017-01-17', NULL, 1),
(1487, 5, 'CI021826295JP', '浙江省', '2017-01-17', NULL, 1),
(1488, 1, 'EL040964498JP', '山东省', '2017-01-16', NULL, 1),
(1489, 2, 'RR929039665JP', '上海市', '2017-01-16', NULL, 1),
(1490, 2, 'RR929039078JP', '上海市', '2017-01-16', NULL, 1),
(1491, 2, 'RR903923595JP', '广东省', '2017-01-16', NULL, 1),
(1492, 2, 'RR903941890JP', '四川省', '2017-01-16', NULL, 1),
(1493, 2, 'RR903944658JP', '上海市', '2017-01-16', NULL, 1),
(1494, 2, 'RR904013905JP', '江苏省', '2017-01-16', NULL, 1),
(1495, 2, 'RR903943153JP', '北京市', '2017-01-15', NULL, 1),
(1496, 2, 'RR903890725JP', '上海市', '2017-01-15', NULL, 1),
(1497, 2, 'RR928978860JP', '北京市', '2017-01-15', NULL, 1),
(1498, 2, 'RR903980244JP', '江苏省', '2017-01-15', NULL, 1),
(1499, 2, 'RR903881330JP', '重庆市', '2017-01-14', NULL, 1),
(1500, 2, 'RR903981593JP', '四川省', '2017-01-14', NULL, 1),
(1501, 5, 'CI021724755JP', '上海市', '2017-01-14', NULL, 1),
(1502, 2, 'RR928978842JP', '四川省', '2017-01-13', NULL, 1),
(1503, 2, 'RR903929409JP', '陕西省', '2017-01-13', NULL, 1),
(1504, 2, 'RR928758886JP', '山西省', '2017-01-13', NULL, 1),
(1505, 2, 'RR903876269JP', '江苏省', '2017-01-12', NULL, 1),
(1506, 2, 'RR928423851JP', '江西省', '2017-01-12', NULL, 1),
(1507, 2, 'RR903974915JP', '重庆市', '2017-01-12', NULL, 1),
(1508, 2, 'RR903917175JP', '上海市', '2017-01-12', NULL, 1),
(1509, 2, 'RR928309335JP', '重庆市', '2017-01-12', NULL, 1),
(1510, 2, 'RR903865717JP', '上海市', '2017-01-12', NULL, 1),
(1511, 2, 'RR903871346JP', '上海市', '2017-01-12', NULL, 1),
(1512, 2, 'RR903921833JP', '浙江省', '2017-01-12', NULL, 1),
(1513, 2, 'RR903905257JP', '天津市', '2017-01-12', NULL, 1),
(1514, 2, 'RR903868418JP', '湖南省', '2017-01-12', NULL, 1),
(1515, 2, 'RR903974685JP', '江苏省', '2017-01-12', NULL, 1),
(1516, 2, 'RR928923146JP', '上海市', '2017-01-11', NULL, 1),
(1517, 2, 'RR928864139JP', '山西省', '2017-01-11', NULL, 1),
(1518, 2, 'RR929026834JP', '天津市', '2017-01-11', NULL, 1),
(1519, 5, 'CI021827168JP', '上海市', '2017-01-10', NULL, 1),
(1520, 2, 'RR928918217JP', '上海市', '2017-01-10', NULL, 1),
(1521, 5, 'CI021794527JP', '四川省', '2017-01-10', NULL, 1),
(1522, 2, 'RR928199317JP', '上海市', '2017-01-10', NULL, 1),
(1523, 2, 'RR928472146JP', '江苏省', '2017-01-10', NULL, 1),
(1524, 2, 'RR928918755JP', '北京市', '2017-01-10', NULL, 1),
(1525, 2, 'RR928252508JP', '山东省', '2017-01-10', NULL, 1),
(1526, 2, 'RR928692221JP', '北京市', '2017-01-08', NULL, 1),
(1527, 2, 'RR903892862JP', '广东省', '2017-01-08', NULL, 1),
(1528, 5, 'CI021822642JP', '北京市', '2017-01-08', NULL, 1),
(1529, 5, 'CI021722715JP', '安徽省', '2017-01-07', NULL, 1),
(1530, 5, 'CI021716309JP', '安徽省', '2017-01-07', NULL, 1),
(1531, 2, 'RR928746675JP', '山东省', '2017-01-07', NULL, 1),
(1532, 2, 'RR928304117JP', '上海市', '2017-01-07', NULL, 1),
(1533, 2, 'RR928470998JP', '湖南省', '2017-01-07', NULL, 1),
(1534, 2, 'RR903706295JP', '宁夏', '2017-01-07', NULL, 1),
(1535, 5, 'CI020247269JP', '上海市', '2017-01-06', NULL, 1),
(1536, 2, 'RR903828232JP', '新疆省', '2017-01-06', NULL, 1),
(1537, 2, 'RR903831571JP', '贵州省', '2017-01-06', NULL, 1),
(1538, 2, 'RR903832149JP', '内蒙古', '2017-01-06', NULL, 1),
(1539, 2, 'RR928466928JP', '浙江省', '2017-01-06', NULL, 1),
(1540, 2, 'RR928966570JP', '广东省', '2017-01-06', NULL, 1),
(1541, 2, 'RR903826965JP', '云南省', '2017-01-05', NULL, 1),
(1542, 1, 'EL007791136JP', '上海市', '2017-01-05', NULL, 1),
(1543, 2, 'RR928908395JP', '广东省', '2017-01-05', NULL, 1),
(1544, 2, 'RR928798718JP', '河北省', '2017-01-05', NULL, 1),
(1545, 2, 'RR928189411JP', '山东省', '2017-01-05', NULL, 1),
(1546, 2, 'RR903754628JP', '江苏省', '2017-01-03', NULL, 1),
(1547, 5, 'CI021721428JP', '上海市', '2017-01-03', NULL, 1),
(1548, 2, 'RR903818601JP', '陕西省', '2017-01-03', NULL, 1),
(1549, 2, 'RR903764687JP', '江苏省', '2016-12-31', NULL, 1),
(1550, 2, 'RR928791649JP', '广东省', '2016-12-31', NULL, 1),
(1551, 2, 'RR903856595JP', '江苏省', '2016-12-31', NULL, 1),
(1552, 2, 'RR903809661JP', '山东省', '2016-12-31', '2017-01-15', 1),
(1553, 2, 'RR903862812JP', '上海市', '2016-12-31', NULL, 1),
(1554, 2, 'RR928183498JP', '四川省', '2016-12-31', NULL, 1),
(1555, 2, 'RR903756632JP', '北京市', '2016-12-31', NULL, 1),
(1556, 2, 'RR903856953JP', '北京市', '2016-12-30', NULL, 1),
(1557, 5, 'CI021758215JP', '上海市', '2016-12-30', NULL, 1),
(1558, 2, 'RR903754486JP', '天津市', '2016-12-30', NULL, 1),
(1559, 1, 'EL007495310JP', '陕西省', '2016-12-29', NULL, 1),
(1560, 2, 'RR928293710JP', '河南省', '2016-12-29', NULL, 1),
(1561, 2, 'RR928181982JP', '安徽省', '2016-12-29', NULL, 1),
(1562, 5, 'CI021787795JP', '北京市', '2016-12-29', NULL, 1),
(1563, 5, 'CI020246087JP', '湖南省', '2016-12-29', NULL, 1),
(1564, 2, 'RR928844046JP', '江苏省', '2016-12-29', NULL, 1),
(1565, 2, 'RR928736695JP', '广东省', '2016-12-28', NULL, 1),
(1566, 5, 'CI020213248JP', '山东省', '2016-12-28', NULL, 1),
(1567, 2, 'RR929006741JP', '重庆市', '2016-12-28', NULL, 1),
(1568, 2, 'RR928290381JP', '江苏省', '2016-12-28', NULL, 1),
(1569, 2, 'RR928345085JP', '河北省', '2016-12-28', NULL, 1),
(1570, 2, 'RR928235147JP', '北京市', '2016-12-28', NULL, 1),
(1571, 2, 'RR903851973JP', '湖南省', '2016-12-28', NULL, 1),
(1572, 2, 'RR928452708JP', '重庆市', '2016-12-27', NULL, 1),
(1573, 2, 'RR928506278JP', '上海市', '2016-12-27', NULL, 1),
(1574, 2, 'RR903838861JP', '河南省', '2016-12-27', NULL, 1),
(1575, 2, 'RR928567569JP', '河南省', '2016-12-27', '2016-12-31', 1),
(1576, 2, 'RR903841242JP', '四川省', '2016-12-25', NULL, 1),
(1577, 2, 'RR903836928JP', '广东省', '2016-12-25', NULL, 1),
(1578, 5, 'CI021716153JP', '内蒙古', '2016-12-25', NULL, 1),
(1579, 2, 'RR928616772JP', '湖南省', '2016-12-24', NULL, 1),
(1580, 2, 'RR903555922JP', '上海市', '2016-12-24', NULL, 1),
(1581, 2, 'RR903523023JP', '广东省', '2016-12-24', NULL, 1),
(1582, 2, 'RR903660404JP', '重庆市', '2016-12-24', NULL, 1),
(1583, 2, 'RR903570200JP', '新疆省', '2016-12-24', NULL, 1),
(1584, 2, 'RR903579875JP', '辽宁省', '2016-12-24', NULL, 1),
(1585, 5, 'CI021815765JP', '内蒙古', '2016-12-22', NULL, 1),
(1586, 2, 'RR903568268JP', '河南省', '2016-12-22', '2016-12-29', 1),
(1587, 1, 'EL008475585JP', '陕西省', '2016-12-22', NULL, 1),
(1588, 2, 'RR903644344JP', '上海市', '2016-12-21', NULL, 1),
(1589, 2, 'RR927005332JP', '江苏省', '2016-12-20', NULL, 1),
(1590, 5, 'CI021782838JP', '海南省', '2016-12-20', NULL, 1),
(1591, 2, 'RR927005522JP', '广东省', '2016-12-20', NULL, 1),
(1592, 5, 'CI021751053JP', '广西省', '2016-12-19', NULL, 1),
(1593, 5, 'CI020213265JP', '北京市', '2016-12-18', NULL, 1),
(1594, 2, 'RR927331371JP', '广东省', '2016-12-18', NULL, 1),
(1595, 2, 'RR903547824JP', '广东省', '2016-12-18', NULL, 1),
(1596, 5, 'CI021712911JP', '广东省', '2016-12-17', NULL, 1),
(1597, 2, 'RR926941822JP', '湖南省', '2016-12-17', NULL, 1);
INSERT INTO `shipping` (`id`, `ship`, `number`, `state`, `send_time`, `receive_time`, `valid`) VALUES
(1598, 2, 'RR927055299JP', '吉林省', '2016-12-17', NULL, 1),
(1599, 2, 'RR927052505JP', '广东省', '2016-12-17', NULL, 1),
(1600, 2, 'RR926775419JP', '重庆市', '2016-12-16', NULL, 1),
(1601, 5, 'CI020210048JP', '广东省', '2016-12-15', NULL, 1),
(1602, 2, 'RR903539690JP', '上海市', '2016-12-15', NULL, 1),
(1603, 2, 'RR926831464JP', '江西省', '2016-12-15', NULL, 1),
(1604, 2, 'RR926692011JP', '江苏省', '2016-12-15', NULL, 1),
(1605, 5, 'CI020204161JP', '浙江省', '2016-12-14', NULL, 1),
(1606, 2, 'RR926824962JP', '上海市', '2016-12-14', NULL, 1),
(1607, 2, 'RR927375845JP', '陕西省', '2016-12-14', NULL, 1),
(1608, 2, 'RR927259204JP', '湖北省', '2016-12-12', NULL, 1),
(1609, 2, 'RR927145564JP', '甘肃省', '2016-12-10', '2016-12-22', 1),
(1610, 2, 'RR927145480JP', '甘肃省', '2016-12-10', '2016-12-22', 1),
(1611, 5, 'CI020213194JP', '福建省', '2016-12-09', NULL, 1),
(1612, 5, 'CI021774831JP', '江苏省', '2016-12-09', NULL, 1),
(1613, 5, 'CI021783731JP', '福建省', '2016-12-09', NULL, 1),
(1614, 2, 'RR927141531JP', '内蒙古', '2016-12-08', '2016-12-23', 1),
(1615, 2, 'RR926674199JP', '安徽省', '2016-12-08', NULL, 1),
(1616, 2, 'RR926860783JP', '上海市', '2016-12-07', NULL, 1),
(1617, 2, 'RR927302865JP', '河北省', '2016-12-07', NULL, 1),
(1618, 5, 'CI020187083JP', '山东省', '2016-12-07', NULL, 1),
(1619, 5, 'CI021778541JP', '四川省', '2016-12-05', NULL, 1),
(1620, 5, 'CI021706522JP', '上海市', '2016-12-05', NULL, 1),
(1621, 2, 'RR927239125JP', '北京市', '2016-12-05', NULL, 1),
(1622, 2, 'RR927290544JP', '广东省', '2016-12-03', NULL, 1),
(1623, 5, 'CI021743445JP', '上海市', '2016-12-03', NULL, 1),
(1624, 2, 'RR903288890JP', '甘肃省', '2016-12-02', '2016-12-11', 1),
(1625, 2, 'RR927289356JP', '天津市', '2016-12-02', NULL, 1),
(1626, 5, 'CI021900968JP', '安徽省', '2016-12-01', NULL, 1),
(1627, 2, 'RR903392274JP', '河北省', '2016-12-01', NULL, 1),
(1628, 2, 'RR927123113JP', '北京市', '2016-12-01', NULL, 1),
(1629, 1, 'EL007066908JP', '宁夏', '2016-11-29', NULL, 1),
(1630, 2, 'RR903226816JP', '云南省', '2016-11-29', NULL, 1),
(1631, 5, 'CI020173331JP', '广东省', '2016-11-28', NULL, 1),
(1632, 2, 'RR903329988JP', '浙江省', '2016-11-28', NULL, 1),
(1633, 2, 'RR926478985JP', '河南省', '2016-11-27', '2016-12-04', 1),
(1634, 2, 'RR926481750JP', '四川省', '2016-11-27', NULL, 1),
(1635, 2, 'RR903426605JP', '福建省', '2016-11-27', NULL, 1),
(1636, 5, 'CI020184688JP', '浙江省', '2016-11-26', NULL, 1),
(1637, 2, 'RR925849702JP', '江苏省', '2016-11-26', NULL, 1),
(1638, 2, 'RR903317185JP', '陕西省', '2016-11-25', NULL, 1),
(1639, 2, 'RR926588946JP', '福建省', '2016-11-25', NULL, 1),
(1640, 2, 'RR926203274JP', '上海市', '2016-11-25', NULL, 1),
(1641, 2, 'RR926149936JP', '上海市', '2016-11-25', NULL, 1),
(1642, 1, 'EL006734733JP', '辽宁省', '2016-11-22', NULL, 1),
(1643, 2, 'RR903304116JP', '北京市', '2016-11-22', NULL, 1),
(1644, 2, 'RR903188208JP', '辽宁省', '2016-11-22', NULL, 1),
(1645, 2, 'RR926027977JP', '上海市', '2016-11-22', NULL, 1),
(1646, 2, 'RR903308166JP', '吉林省', '2016-11-22', NULL, 1),
(1647, 2, 'RR925936724JP', '天津市', '2016-11-22', NULL, 1),
(1648, 2, 'RR903136228JP', '北京市', '2016-11-22', NULL, 1),
(1649, 2, 'RR903360308JP', '四川省', '2016-11-21', NULL, 1),
(1650, 5, 'CI020200672JP', '山东省', '2016-11-21', NULL, 1),
(1651, 2, 'RR903028360JP', '北京市', '2016-11-21', NULL, 1),
(1652, 2, 'RR903122983JP', '江苏省', '2016-11-21', NULL, 1),
(1653, 2, 'RR903027744JP', '江苏省', '2016-11-20', NULL, 1),
(1654, 2, 'RR926358276JP', '北京市', '2016-11-20', NULL, 1),
(1655, 2, 'RR903078746JP', '广东省', '2016-11-20', NULL, 1),
(1656, 2, 'RR926360955JP', '北京市', '2016-11-20', NULL, 1),
(1657, 5, 'CI021919142JP', '广东省', '2016-11-19', NULL, 1),
(1658, 2, 'RR903127521JP', '重庆市', '2016-11-19', NULL, 1),
(1659, 2, 'RR903017605JP', '江苏省', '2016-11-19', NULL, 1),
(1660, 2, 'RR903014811JP', '北京市', '2016-11-19', NULL, 1),
(1661, 2, 'RR903179736JP', '湖北省', '2016-11-19', NULL, 1),
(1662, 2, 'RR903179807JP', '天津市', '2016-11-19', NULL, 1),
(1663, 2, 'RR903056122JP', '北京市', '2016-11-19', NULL, 1),
(1664, 2, 'RR903118459JP', '天津市', '2016-11-19', NULL, 1),
(1665, 2, 'RR903122970JP', '湖北省', '2016-11-19', NULL, 1),
(1666, 2, 'RR903022954JP', '浙江省', '2016-11-19', NULL, 1),
(1667, 2, 'RR925935088JP', '辽宁省', '2016-11-18', NULL, 1),
(1668, 2, 'RR903017279JP', '云南省', '2016-11-18', NULL, 1),
(1669, 5, 'CI021900702JP', '北京市', '2016-11-18', NULL, 1),
(1670, 2, 'RR926242216JP', '四川省', '2016-11-15', NULL, 1),
(1671, 2, 'RR926188909JP', '湖北省', '2016-11-15', NULL, 1),
(1672, 2, 'RR926289258JP', '四川省', '2016-11-11', NULL, 1),
(1673, 2, 'RR925772518JP', '湖北省', '2016-11-11', NULL, 1),
(1674, 2, 'RR903154218JP', '河南省', '2016-11-11', '2016-11-18', 1),
(1675, 2, 'RR926399531JP', '北京市', '2016-11-10', NULL, 1),
(1676, 2, 'RR926291203JP', '辽宁省', '2016-11-10', NULL, 1),
(1677, 2, 'RR925769805JP', '山东省', '2016-11-09', NULL, 1),
(1678, 2, 'RR926232987JP', '江苏省', '2016-11-09', NULL, 1),
(1679, 2, 'RR926394295JP', '天津市', '2016-11-09', NULL, 1),
(1680, 5, 'CI021900870JP', '江苏省', '2016-11-07', NULL, 1),
(1681, 5, 'CI020173835JP', '海南省', '2016-11-07', NULL, 1),
(1682, 2, 'RR926447634JP', '上海市', '2016-11-07', NULL, 1),
(1683, 2, 'RR902699620JP', '江苏省', '2016-11-07', NULL, 1),
(1684, 2, 'RR925815814JP', '山东省', '2016-11-05', NULL, 1),
(1685, 2, 'RR925760585JP', '四川省', '2016-11-05', NULL, 1),
(1686, 2, 'RR902594213JP', '北京市', '2016-11-05', NULL, 1),
(1687, 2, 'RR926497499JP', '广东省', '2016-11-03', NULL, 1),
(1688, 2, 'RR926051477JP', '江苏省', '2016-11-02', NULL, 1),
(1689, 2, 'RR926274253JP', '天津市', '2016-11-02', NULL, 1),
(1690, 2, 'RR902621885JP', '北京市', '2016-11-02', NULL, 1),
(1691, 2, 'RR902651879JP', '上海市', '2016-11-02', NULL, 1),
(1692, 5, 'CI020162170JP', '江苏省', '2016-11-01', NULL, 1),
(1693, 2, 'RR926107216JP', '上海市', '2016-11-01', NULL, 1),
(1694, 2, 'RR926273575JP', '吉林省', '2016-11-01', NULL, 1),
(1695, 2, 'RR926440446JP', '湖北省', '2016-11-01', NULL, 1),
(1696, 2, 'RR926492457JP', '内蒙古', '2016-11-01', '2016-11-12', 1),
(1697, 2, 'RR926272677JP', '江苏省', '2016-11-01', NULL, 1),
(1698, 2, 'RR926437795JP', '湖北省', '2016-11-01', NULL, 1),
(1699, 2, 'RR925755982JP', '河南省', '2016-11-01', NULL, 1),
(1700, 2, 'RR926329535JP', '辽宁省', '2016-11-01', NULL, 1),
(1701, 2, 'RR926162929JP', '浙江省', '2016-11-01', NULL, 1),
(1702, 5, 'CI021910815JP', '天津市', '2016-11-01', NULL, 1),
(1703, 5, 'CI021864639JP', '辽宁省', '2016-11-01', NULL, 1),
(1704, 5, 'CI021909587JP', '上海市', '2016-11-01', NULL, 1),
(1705, 2, 'RR902786978JP', '北京市', '2016-10-27', NULL, 1),
(1706, 5, 'CI021876345JP', '四川省', '2016-10-27', NULL, 1),
(1707, 5, 'CI021881901JP', '黑龙江省', '2016-10-27', NULL, 1),
(1708, 2, 'RR925417826JP', '辽宁省', '2016-10-27', NULL, 1),
(1709, 2, 'RR925303165JP', '浙江省', '2016-10-27', NULL, 1),
(1710, 2, 'RR902605622JP', '吉林省', '2016-10-27', NULL, 1),
(1711, 5, 'CI020157838JP', '辽宁省', '2016-10-26', NULL, 1),
(1712, 5, 'CI021883385JP', '辽宁省', '2016-10-26', NULL, 1),
(1713, 2, 'RR925003753JP', '福建省', '2016-10-26', NULL, 1),
(1714, 5, 'CI021874605JP', '贵州省', '2016-10-26', NULL, 1),
(1715, 2, 'RR925684858JP', '广东省', '2016-10-25', NULL, 1),
(1716, 2, 'RR925054976JP', '重庆市', '2016-10-25', NULL, 1),
(1717, 2, 'RR902783035JP', '北京市', '2016-10-25', NULL, 1),
(1718, 2, 'RR902720821JP', '重庆市', '2016-10-25', NULL, 1),
(1719, 2, 'RR925576853JP', '江苏省', '2016-10-24', NULL, 1),
(1720, 2, 'RR902737549JP', '陕西省', '2016-10-24', NULL, 1),
(1721, 5, 'CI021869503JP', '上海市', '2016-10-24', NULL, 1),
(1722, 2, 'RR902740525JP', '北京市', '2016-10-24', NULL, 1),
(1723, 2, 'RR902745925JP', '吉林省', '2016-10-24', NULL, 1),
(1724, 2, 'RR902731665JP', '贵州省', '2016-10-24', NULL, 1),
(1725, 5, 'CI021875883JP', '辽宁省', '2016-10-24', NULL, 1),
(1726, 5, 'CI021865489JP', '内蒙古', '2016-10-24', NULL, 1),
(1727, 5, 'CI021871060JP', '山东省', '2016-10-22', NULL, 1),
(1728, 2, 'RR925143248JP', '上海市', '2016-10-22', NULL, 1),
(1729, 2, 'RR902708539JP', '河北省', '2016-10-22', NULL, 1),
(1730, 2, 'RR925352453JP', '四川省', '2016-10-22', NULL, 1),
(1731, 2, 'RR902729499JP', '湖北省', '2016-10-22', NULL, 1),
(1732, 2, 'RR902741398JP', '广东省', '2016-10-22', NULL, 1),
(1733, 2, 'RR925573962JP', '黑龙江省', '2016-10-22', '2016-10-31', 1),
(1734, 2, 'RR902671136JP', '北京市', '2016-10-22', NULL, 1),
(1735, 2, 'RR902910128JP', '湖南省', '2016-10-21', NULL, 1),
(1736, 1, 'EL005016943JP', '江苏省', '2016-10-21', NULL, 1),
(1737, 5, 'CI021873750JP', '新疆省', '2016-10-21', NULL, 1),
(1738, 2, 'RR925351550JP', '贵州省', '2016-10-21', NULL, 1),
(1739, 2, 'RR925680975JP', '江苏省', '2016-10-21', NULL, 1),
(1740, 2, 'RR902723540JP', '北京市', '2016-10-21', NULL, 1),
(1741, 2, 'RR902602745JP', '湖北省', '2016-10-21', NULL, 1),
(1742, 2, 'RR902713777JP', '上海市', '2016-10-21', NULL, 1),
(1743, 2, 'RR925675944JP', '北京市', '2016-10-19', NULL, 1),
(1744, 2, 'RR925129952JP', '河北省', '2016-10-19', NULL, 1),
(1745, 5, 'CI021848738JP', '广东省', '2016-10-19', NULL, 1),
(1746, 5, 'CI021857425JP', '广东省', '2016-10-17', NULL, 1),
(1747, 2, 'RR925449302JP', '湖北省', '2016-10-17', NULL, 1),
(1748, 2, 'RR902843499JP', '新疆省', '2016-10-17', '2016-10-28', 1),
(1749, 5, 'CI021772265JP', '江西省', '2016-10-16', NULL, 1),
(1750, 2, 'RR902812681JP', '天津市', '2016-10-16', NULL, 1),
(1751, 2, 'RR925075049JP', '天津市', '2016-10-16', NULL, 1),
(1752, 2, 'RR902880528JP', '上海市', '2016-10-16', NULL, 1),
(1753, 2, 'RR902810076JP', '上海市', '2016-10-16', NULL, 1),
(1754, 5, 'CI021851051JP', '北京市', '2016-10-16', NULL, 1),
(1755, 2, 'RR925287613JP', '上海市', '2016-10-15', NULL, 1),
(1756, 2, 'RR902847306JP', '辽宁省', '2016-10-15', NULL, 1),
(1757, 2, 'RR902878759JP', '浙江省', '2016-10-15', NULL, 1),
(1758, 2, 'RR925172451JP', '北京市', '2016-10-15', NULL, 1),
(1759, 2, 'RR902905729JP', '上海市', '2016-10-14', NULL, 1),
(1760, 2, 'RR925722539JP', '江苏省', '2016-10-13', NULL, 1),
(1761, 2, 'RR902870327JP', '辽宁省', '2016-10-13', NULL, 1),
(1762, 2, 'RR925719676JP', '上海市', '2016-10-13', NULL, 1),
(1763, 2, 'RR902801627JP', '辽宁省', '2016-10-12', NULL, 1),
(1764, 2, 'RR902871512JP', '北京市', '2016-10-12', NULL, 1),
(1765, 2, 'RR925216170JP', '陕西省', '2016-10-11', NULL, 1),
(1766, 5, 'CI020163396JP', '上海市', '2016-10-11', NULL, 1),
(1767, 2, 'RR902796079JP', '湖南省', '2016-10-11', NULL, 1),
(1768, 2, 'RR925066855JP', '上海市', '2016-10-10', NULL, 1),
(1769, 2, 'RR902829188JP', '上海市', '2016-10-10', NULL, 1),
(1770, 2, 'RR925658291JP', '四川省', '2016-10-10', NULL, 1),
(1771, 5, 'CI020152359JP', '北京市', '2016-10-10', NULL, 1),
(1772, 2, 'RR902795365JP', '新疆省', '2016-10-10', NULL, 1),
(1773, 2, 'RR902894221JP', '北京市', '2016-10-10', NULL, 1),
(1774, 5, 'CI021855610JP', '天津市', '2016-10-10', NULL, 1),
(1775, 5, 'CI021844603JP', '辽宁省', '2016-10-08', NULL, 1),
(1776, 2, 'RR902896426JP', '北京市', '2016-10-08', NULL, 1),
(1777, 1, 'EL004712240JP', '北京市', '2016-10-06', NULL, 1),
(1778, 2, 'RR925321822JP', '四川省', '2016-10-06', NULL, 1),
(1779, 2, 'RR902964761JP', '上海市', '2016-10-06', NULL, 1),
(1780, 2, 'RR925430270JP', '新疆省', '2016-10-06', '2016-10-19', 1),
(1781, 2, 'RR925019135JP', '吉林省', '2016-10-05', NULL, 1),
(1782, 2, 'RR925542700JP', '北京市', '2016-10-05', NULL, 1),
(1783, 5, 'CI021845294JP', '河南省', '2016-10-04', NULL, 1),
(1784, 2, 'RR925535686JP', '上海市', '2016-10-03', NULL, 1),
(1785, 2, 'RR902961513JP', '上海市', '2016-10-03', NULL, 1),
(1786, 2, 'RR925199511JP', '广东省', '2016-10-03', NULL, 1),
(1787, 2, 'RR902946581JP', '江苏省', '2016-10-02', NULL, 1),
(1788, 2, 'RR902947468JP', '四川省', '2016-10-02', NULL, 1),
(1789, 5, 'CI021950947JP', '江苏省', '2016-10-01', NULL, 1),
(1790, 0, 'EL005111017JP', '北京市', '2016-10-01', NULL, 1),
(1791, 2, 'RR925698503JP', '上海市', '2016-10-01', NULL, 1),
(1792, 2, 'RR902946119JP', '江苏省', '2016-10-01', NULL, 1),
(1793, 2, 'RR902940796JP', '陕西省', '2016-09-30', NULL, 1),
(1794, 2, 'RR902888901JP', '辽宁省', '2016-09-30', NULL, 1),
(1795, 2, 'RR902942046JP', '北京市', '2016-09-30', NULL, 1),
(1796, 5, 'CI021985645JP', '上海市', '2016-09-30', NULL, 1),
(1797, 5, 'CI021952735JP', '安徽省', '2016-09-29', NULL, 1),
(1798, 2, 'RR927557295JP', '北京市', '2016-09-29', NULL, 1),
(1799, 2, 'RR927447539JP', '江苏省', '2016-09-29', NULL, 1),
(1800, 2, 'RR927953504JP', '吉林省', '2016-09-29', NULL, 1),
(1801, 5, 'CI021739208JP', '北京市', '2016-09-27', NULL, 1),
(1802, 2, 'RR902549452JP', '贵州省', '2016-09-26', NULL, 1),
(1803, 2, 'RR902520476JP', '上海市', '2016-09-26', NULL, 1),
(1804, 2, 'RR902550155JP', '江苏省', '2016-09-26', NULL, 1),
(1805, 2, 'RR902507545JP', '上海市', '2016-09-26', NULL, 1),
(1806, 2, 'RR902553369JP', '上海市', '2016-09-26', NULL, 1),
(1807, 2, 'RR902549917JP', '广东省', '2016-09-25', NULL, 1),
(1808, 2, 'RR902523115JP', '河北省', '2016-09-25', NULL, 1),
(1809, 2, 'RR902511531JP', '江苏省', '2016-09-25', NULL, 1),
(1810, 5, 'CI020101079JP', '上海市', '2016-09-24', NULL, 1),
(1811, 2, 'RR902515564JP', '上海市', '2016-09-24', NULL, 1),
(1812, 2, 'RR927999320JP', '上海市', '2016-09-24', NULL, 1),
(1813, 2, 'RR927835618JP', '黑龙江省', '2016-09-24', '2016-09-30', 1),
(1814, 2, 'RR927578052JP', '四川省', '2016-09-24', NULL, 1),
(1815, 2, 'RR927889528JP', '广西省', '2016-09-24', '2016-10-11', 1),
(1816, 2, 'RR902164491JP', '湖北省', '2016-09-24', NULL, 1),
(1817, 2, 'RR902500278JP', '湖北省', '2016-09-23', NULL, 1),
(1818, 5, 'CI021980484JP', '广东省', '2016-09-23', NULL, 1),
(1819, 2, 'RR902270950JP', '山东省', '2016-09-22', NULL, 1),
(1820, 2, 'RR902235604JP', '上海市', '2016-09-22', NULL, 1),
(1821, 2, 'RR902267859JP', '广东省', '2016-09-22', NULL, 1),
(1822, 2, 'RR902269903JP', '广东省', '2016-09-22', NULL, 1),
(1823, 2, 'RR927830862JP', '湖北省', '2016-09-22', NULL, 1),
(1824, 5, 'CI021961216JP', '江苏省', '2016-09-22', NULL, 1),
(1825, 2, 'RR902162969JP', '浙江省', '2016-09-22', NULL, 1),
(1826, 2, 'RR902563176JP', '山东省', '2016-09-22', NULL, 1),
(1827, 5, 'CI020161713JP', '浙江省', '2016-09-22', NULL, 1),
(1828, 2, 'RR927573571JP', '辽宁省', '2016-09-21', NULL, 1),
(1829, 5, 'CI020127601JP', '上海市', '2016-09-21', NULL, 1),
(1830, 2, 'RR902223535JP', '广东省', '2016-09-21', NULL, 1),
(1831, 2, 'RR927937104JP', '上海市', '2016-09-21', NULL, 1),
(1832, 2, 'RR927545139JP', '吉林省', '2016-09-20', NULL, 1),
(1833, 2, 'RR927771104JP', '广东省', '2016-09-20', NULL, 1),
(1834, 2, 'RR927568996JP', '上海市', '2016-09-20', NULL, 1),
(1835, 5, 'CI021946386JP', '北京市', '2016-09-20', NULL, 1),
(1836, 2, 'RR902158187JP', '上海市', '2016-09-20', NULL, 1),
(1837, 5, 'CI021978653JP', '广西省', '2016-09-20', NULL, 1),
(1838, 2, 'RR927542659JP', '四川省', '2016-09-20', NULL, 1),
(1839, 2, 'RR902265950JP', '山西省', '2016-09-20', NULL, 1),
(1840, 2, 'RR902152958JP', '江苏省', '2016-09-20', NULL, 1),
(1841, 2, 'RR902258450JP', '安徽省', '2016-09-20', NULL, 1),
(1842, 2, 'RR902226899JP', '上海市', '2016-09-20', NULL, 1),
(1843, 5, 'CI021948855JP', '福建省', '2016-09-18', NULL, 1),
(1844, 5, 'CI021951284JP', '新疆省', '2016-09-18', NULL, 1),
(1845, 2, 'RR928099781JP', '北京市', '2016-09-18', NULL, 1),
(1846, 1, 'EL003111120JP', '河北省', '2016-09-17', NULL, 1),
(1847, 5, 'CI021998998JP', '天津市', '2016-09-17', NULL, 1),
(1848, 5, 'CI020167693JP', '河南省', '2016-09-17', NULL, 1),
(1849, 5, 'CI021923558JP', '内蒙古', '2016-09-17', NULL, 1),
(1850, 2, 'RR928150821JP', '新疆省', '2016-09-17', '2016-09-28', 1),
(1851, 2, 'RR902259720JP', '北京市', '2016-09-17', NULL, 1),
(1852, 2, 'RR902182858JP', '四川省', '2016-09-17', NULL, 1),
(1853, 2, 'RR902154450JP', '上海市', '2016-09-17', NULL, 1),
(1854, 2, 'RR902252117JP', '上海市', '2016-09-16', NULL, 1),
(1855, 2, 'RR927427361JP', '浙江省', '2016-09-16', NULL, 1),
(1856, 2, 'RR927565694JP', '河北省', '2016-09-16', NULL, 1),
(1857, 2, 'RR902247885JP', '上海市', '2016-09-16', NULL, 1),
(1858, 2, 'RR902212268JP', '安徽省', '2016-09-16', NULL, 1),
(1859, 5, 'CI020157268JP', '江苏省', '2016-09-16', NULL, 1),
(1860, 2, 'RR927876820JP', '江苏省', '2016-09-16', NULL, 1),
(1861, 5, 'CI020149686JP', '北京市', '2016-09-16', NULL, 1),
(1862, 2, 'RR927481756JP', '江苏省', '2016-09-16', NULL, 1),
(1863, 2, 'RR902249603JP', '上海市', '2016-09-13', NULL, 1),
(1864, 2, 'RR927563591JP', '湖南省', '2016-09-13', NULL, 1),
(1865, 2, 'RR927983948JP', '云南省', '2016-09-13', NULL, 1),
(1866, 2, 'RR927534198JP', '甘肃省', '2016-09-13', '2016-09-24', 1),
(1867, 5, 'CI021940499JP', '北京市', '2016-09-12', NULL, 1),
(1868, 2, 'RR927657753JP', '上海市', '2016-09-11', NULL, 1),
(1869, 2, 'RR902352061JP', '上海市', '2016-09-11', NULL, 1),
(1870, 2, 'RR927528263JP', '上海市', '2016-09-10', NULL, 1),
(1871, 2, 'RR902134530JP', '上海市', '2016-09-10', NULL, 1),
(1872, 5, 'CI021930015JP', '北京市', '2016-09-10', NULL, 1),
(1873, 2, 'RR902334845JP', '江苏省', '2016-09-10', NULL, 1),
(1874, 2, 'RR927698727JP', '四川省', '2016-09-08', NULL, 1),
(1875, 2, 'RR927523663JP', '天津市', '2016-09-08', NULL, 1),
(1876, 5, 'CI021993810JP', '四川省', '2016-09-08', NULL, 1),
(1877, 5, 'CI021974965JP', '江西省', '2016-09-07', NULL, 1),
(1878, 2, 'RR928025979JP', '宁夏', '2016-09-06', '2016-09-19', 1),
(1879, 2, 'RR927750285JP', '上海市', '2016-09-06', NULL, 1),
(1880, 2, 'RR927518748JP', '北京市', '2016-09-06', NULL, 1),
(1881, 2, 'RR902296798JP', '河南省', '2016-09-06', '2016-09-20', 1),
(1882, 2, 'RR927857658JP', '山东省', '2016-09-06', NULL, 1),
(1883, 2, 'RR927408359JP', '辽宁省', '2016-09-06', NULL, 1),
(1884, 2, 'RR927515675JP', '甘肃省', '2016-09-06', '2016-09-15', 1),
(1885, 2, 'RR927749931JP', '重庆市', '2016-09-06', NULL, 1),
(1886, 2, 'RR927645605JP', '上海市', '2016-09-05', NULL, 1),
(1887, 2, 'RR928077980JP', '北京市', '2016-09-04', NULL, 1),
(1888, 2, 'RR902288540JP', '北京市', '2016-09-04', NULL, 1),
(1889, 2, 'RR902303304JP', '浙江省', '2016-09-04', NULL, 1),
(1890, 5, 'CI021997754JP', '北京市', '2016-09-04', NULL, 1),
(1891, 2, 'RR927645830JP', '湖南省', '2016-09-03', NULL, 1),
(1892, 2, 'RR902170846JP', '江苏省', '2016-09-03', NULL, 1),
(1893, 5, 'CI021961366JP', '上海市', '2016-09-03', NULL, 1),
(1894, 2, 'RR927514216JP', '江苏省', '2016-09-03', NULL, 1),
(1895, 2, 'RR927740478JP', '上海市', '2016-09-03', NULL, 1),
(1896, 5, 'CI021928793JP', '北京市', '2016-09-03', NULL, 1),
(1897, 2, 'RR927590946JP', '广东省', '2016-09-02', NULL, 1),
(1898, 2, 'RR902273633JP', '河南省', '2016-09-02', '2016-09-10', 1),
(1899, 2, 'RR902452039JP', '上海市', '2016-09-01', NULL, 1),
(1900, 2, 'RR902478963JP', '辽宁省', '2016-09-01', NULL, 1),
(1901, 2, 'RR928071050JP', '湖北省', '2016-09-01', NULL, 1),
(1902, 5, 'CI021998953JP', '上海市', '2016-08-31', NULL, 1),
(1903, 2, 'RR927735107JP', '上海市', '2016-08-31', NULL, 1),
(1904, 2, 'RR927899065JP', '四川省', '2016-08-31', NULL, 1),
(1905, 2, 'RR927638312JP', '河南省', '2016-08-31', '2016-09-12', 1),
(1906, 5, 'CI021929808JP', '上海市', '2016-08-30', NULL, 1),
(1907, 2, 'RR924134298JP', '上海市', '2016-08-30', NULL, 1),
(1908, 2, 'RR923747100JP', '河南省', '2016-08-29', '2016-09-07', 1),
(1909, 2, 'RR902475777JP', '浙江省', '2016-08-29', NULL, 1),
(1910, 5, 'CI020138961JP', '上海市', '2016-08-29', NULL, 1),
(1911, 2, 'RR902413857JP', '广东省', '2016-08-29', NULL, 1),
(1912, 5, 'CI021930735JP', '四川省', '2016-08-29', NULL, 1),
(1913, 2, 'RR902476358JP', '上海市', '2016-08-29', NULL, 1),
(1914, 2, 'RR902409945JP', '上海市', '2016-08-29', NULL, 1),
(1915, 2, 'RR902411839JP', '北京市', '2016-08-29', NULL, 1),
(1916, 5, 'CI021958999JP', '广西省', '2016-08-28', NULL, 1),
(1917, 2, 'RR924462228JP', '上海市', '2016-08-28', NULL, 1),
(1918, 2, 'RR902410277JP', '江苏省', '2016-08-28', NULL, 1),
(1919, 2, 'RR902414438JP', '北京市', '2016-08-28', NULL, 1),
(1920, 2, 'RR923803345JP', '广东省', '2016-08-28', NULL, 1),
(1921, 2, 'RR923911631JP', '江苏省', '2016-08-27', NULL, 1),
(1922, 2, 'RR923747422JP', '北京市', '2016-08-27', NULL, 1),
(1923, 2, 'RR924074002JP', '北京市', '2016-08-26', NULL, 1),
(1924, 2, 'RR924459609JP', '湖南省', '2016-08-26', NULL, 1),
(1925, 5, 'CI021932064JP', '上海市', '2016-08-25', NULL, 1),
(1926, 5, 'CI020123162JP', '北京市', '2016-08-25', NULL, 1),
(1927, 2, 'RR902473983JP', '重庆市', '2016-08-25', NULL, 1),
(1928, 2, 'RR923850739JP', '山东省', '2016-08-25', '2016-09-12', 1),
(1929, 2, 'RR902473507JP', '四川省', '2016-08-25', NULL, 1),
(1930, 2, 'RR902365286JP', '贵州省', '2016-08-25', NULL, 1),
(1931, 2, 'RR902466090JP', '河北省', '2016-08-24', NULL, 1),
(1932, 2, 'RR924347125JP', '辽宁省', '2016-08-24', NULL, 1),
(1933, 5, 'CI021997961JP', '辽宁省', '2016-08-23', NULL, 1),
(1934, 2, 'RR902469581JP', '辽宁省', '2016-08-23', NULL, 1),
(1935, 2, 'RR924011957JP', '四川省', '2016-08-23', NULL, 1),
(1936, 2, 'RR923629995JP', '北京市', '2016-08-23', NULL, 1),
(1937, 5, 'CI021522461JP', '吉林省', '2016-08-23', NULL, 1),
(1938, 5, 'CI020147549JP', '内蒙古', '2016-08-23', NULL, 1),
(1939, 2, 'RR924012285JP', '四川省', '2016-08-21', NULL, 1),
(1940, 2, 'RR923734945JP', '江苏省', '2016-08-21', NULL, 1),
(1941, 5, 'CI020134148JP', '辽宁省', '2016-08-21', NULL, 1),
(1942, 2, 'RR902489643JP', '北京市', '2016-08-20', NULL, 1),
(1943, 2, 'RR924283513JP', '北京市', '2016-08-20', NULL, 1),
(1944, 2, 'RR902486752JP', '上海市', '2016-08-20', NULL, 1),
(1945, 5, 'CI020147331JP', '吉林省', '2016-08-20', NULL, 1),
(1946, 2, 'RR902497684JP', '北京市', '2016-08-20', NULL, 1),
(1947, 2, 'RR924009043JP', '北京市', '2016-08-19', NULL, 1),
(1948, 2, 'RR902497959JP', '北京市', '2016-08-19', NULL, 1),
(1949, 2, 'RR923954212JP', '湖北省', '2016-08-19', NULL, 1),
(1950, 2, 'RR902073521JP', '吉林省', '2016-08-19', NULL, 1),
(1951, 2, 'RR902498407JP', '浙江省', '2016-08-18', NULL, 1),
(1952, 5, 'CI021517736JP', '上海市', '2016-08-18', NULL, 1),
(1953, 1, 'EL002160172JP', '四川省', '2016-08-17', NULL, 1),
(1954, 2, 'RR923949036JP', '河北省', '2016-08-17', NULL, 1),
(1955, 2, 'RR924444799JP', '江苏省', '2016-08-17', NULL, 1),
(1956, 2, 'RR923839778JP', '四川省', '2016-08-17', NULL, 1),
(1957, 2, 'RR924333824JP', '河北省', '2016-08-17', NULL, 1),
(1958, 2, 'RR902387922JP', '上海市', '2016-08-17', NULL, 1),
(1959, 2, 'RR923950683JP', '江苏省', '2016-08-17', NULL, 1),
(1960, 2, 'RR923895973JP', '上海市', '2016-08-17', NULL, 1),
(1961, 5, 'CI021994165JP', '四川省', '2016-08-15', NULL, 1),
(1962, 2, 'RR902079263JP', '黑龙江省', '2016-08-15', '2016-08-25', 1),
(1963, 2, 'RR902009687JP', '北京市', '2016-08-15', NULL, 1),
(1964, 2, 'RR902058025JP', '北京市', '2016-08-15', NULL, 1),
(1965, 2, 'RR924274437JP', '江苏省', '2016-08-15', NULL, 1),
(1966, 2, 'RR902049690JP', '广东省', '2016-08-12', NULL, 1),
(1967, 5, 'CI020148093JP', '浙江省', '2016-08-12', NULL, 1),
(1968, 2, 'RR923943501JP', '北京市', '2016-08-12', NULL, 1),
(1969, 2, 'RR902046185JP', '广东省', '2016-08-12', NULL, 1),
(1970, 5, 'CI021988908JP', '北京市', '2016-08-12', NULL, 1),
(1971, 2, 'RR923721748JP', '四川省', '2016-08-11', NULL, 1),
(1972, 5, 'CI021954422JP', '河北省', '2016-08-11', NULL, 1),
(1973, 2, 'RR923723205JP', '云南省', '2016-08-11', NULL, 1),
(1974, 2, 'RR923722765JP', '上海市', '2016-08-11', NULL, 1),
(1975, 2, 'RR902063609JP', '山西省', '2016-08-11', NULL, 1),
(1976, 2, 'RR902016793JP', '江苏省', '2016-08-11', NULL, 1),
(1977, 2, 'RR923779005JP', '北京市', '2016-08-11', NULL, 1),
(1978, 2, 'RR924214597JP', '广东省', '2016-08-10', NULL, 1),
(1979, 2, 'RR924216788JP', '重庆市', '2016-08-10', NULL, 1),
(1980, 2, 'RR924271342JP', '北京市', '2016-08-10', NULL, 1),
(1981, 2, 'RR924215500JP', '江西省', '2016-08-10', NULL, 1),
(1982, 5, 'CI021503825JP', '四川省', '2016-08-10', NULL, 1),
(1983, 2, 'RR923885755JP', '四川省', '2016-08-09', NULL, 1),
(1984, 2, 'RR923938719JP', '广东省', '2016-08-09', NULL, 1),
(1985, 2, 'RR923994619JP', '江苏省', '2016-08-09', NULL, 1),
(1986, 2, 'RR923718837JP', '安徽省', '2016-08-09', NULL, 1),
(1987, 2, 'RR924433014JP', '河南省', '2016-08-09', '2016-08-13', 1),
(1988, 2, 'RR923940831JP', '北京市', '2016-08-09', NULL, 1),
(1989, 2, 'RR923882056JP', '广东省', '2016-08-07', NULL, 1),
(1990, 2, 'RR902102850JP', '重庆市', '2016-08-07', NULL, 1),
(1991, 5, 'CI020130945JP', '广东省', '2016-08-07', NULL, 1),
(1992, 5, 'CI021530785JP', '河北省', '2016-08-06', NULL, 1),
(1993, 2, 'RR923827338JP', '北京市', '2016-08-06', NULL, 1),
(1994, 2, 'RR923988967JP', '陕西省', '2016-08-05', NULL, 1),
(1995, 2, 'RR902125285JP', '江苏省', '2016-08-05', NULL, 1),
(1996, 5, 'CI021954524JP', '上海市', '2016-08-05', NULL, 1),
(1997, 2, 'RR923984435JP', '山东省', '2016-08-04', NULL, 1),
(1998, 2, 'RR923600563JP', '浙江省', '2016-08-04', NULL, 1),
(1999, 2, 'RR902096805JP', '山东省', '2016-08-04', NULL, 1),
(2000, 2, 'RR902094022JP', '天津市', '2016-08-04', NULL, 1),
(2001, 2, 'RR924261977JP', '上海市', '2016-08-04', NULL, 1),
(2002, 2, 'RR924096087JP', '上海市', '2016-08-03', NULL, 1),
(2003, 5, 'CI021510273JP', '湖北省', '2016-08-03', NULL, 1),
(2004, 5, 'CI020145199JP', '广东省', '2016-08-03', NULL, 1),
(2005, 2, 'RR924205272JP', '吉林省', '2016-08-03', NULL, 1),
(2006, 2, 'RR924205958JP', '广西省', '2016-08-03', '2016-08-20', 1),
(2007, 5, 'CI021526786JP', '内蒙古', '2016-07-31', NULL, 1),
(2008, 2, 'RR901933555JP', '四川省', '2016-07-31', NULL, 1),
(2009, 2, 'RR923982125JP', '重庆市', '2016-07-31', NULL, 1),
(2010, 2, 'RR924310580JP', '内蒙古', '2016-07-30', '2016-08-08', 1),
(2011, 2, 'RR924199974JP', '宁夏', '2016-07-30', '2016-08-15', 1),
(2012, 2, 'RR901995175JP', '重庆市', '2016-07-30', NULL, 1),
(2013, 2, 'RR901998653JP', '重庆市', '2016-07-30', NULL, 1),
(2014, 2, 'RR901943399JP', '北京市', '2016-07-30', NULL, 1),
(2015, 5, 'CI021511132JP', '北京市', '2016-07-30', NULL, 1),
(2016, 2, 'RR924139644JP', '江西省', '2016-07-30', NULL, 1),
(2017, 2, 'RR923978783JP', '湖南省', '2016-07-28', NULL, 1),
(2018, 2, 'RR901723906JP', '江苏省', '2016-07-28', NULL, 1),
(2019, 2, 'RR901955410JP', '天津市', '2016-07-28', NULL, 1),
(2020, 2, 'RR923975813JP', '辽宁省', '2016-07-26', NULL, 1),
(2021, 2, 'RR923698015JP', '北京市', '2016-07-26', NULL, 1),
(2022, 2, 'RR923975359JP', '河北省', '2016-07-26', NULL, 1),
(2023, 5, 'CI021510260JP', '江苏省', '2016-07-26', NULL, 1),
(2024, 5, 'CI021525825JP', '北京市', '2016-07-26', NULL, 1),
(2025, 2, 'RR924190286JP', '北京市', '2016-07-26', NULL, 1),
(2026, 2, 'RR901933745JP', '湖北省', '2016-07-26', NULL, 1),
(2027, 2, 'RR901931957JP', '北京市', '2016-07-26', NULL, 1),
(2028, 2, 'RR924412805JP', '重庆市', '2016-07-26', NULL, 1),
(2029, 2, 'RR901930228JP', '浙江省', '2016-07-26', NULL, 1),
(2030, 5, 'CI021559798JP', '河南省', '2016-07-24', NULL, 1),
(2031, 5, 'CI021503839JP', '河北省', '2016-07-24', NULL, 1),
(2032, 5, 'CI021579483JP', '内蒙古', '2016-07-24', NULL, 1),
(2033, 2, 'RR923859619JP', '北京市', '2016-07-24', NULL, 1),
(2034, 2, 'RR901949175JP', '广东省', '2016-07-24', NULL, 1),
(2035, 2, 'RR901837554JP', '河南省', '2016-07-23', '2016-07-28', 1),
(2036, 5, 'CI021575597JP', '河北省', '2016-07-23', NULL, 1),
(2037, 2, 'RR901962971JP', '云南省', '2016-07-23', NULL, 1),
(2038, 1, 'EL002343581JP', '四川省', '2016-07-22', NULL, 1),
(2039, 2, 'RR901953056JP', '天津市', '2016-07-22', NULL, 1),
(2040, 2, 'RR901824184JP', '北京市', '2016-07-22', NULL, 1),
(2041, 2, 'RR901728611JP', '北京市', '2016-07-22', NULL, 1),
(2042, 5, 'CI021506044JP', '四川省', '2016-07-22', NULL, 1),
(2043, 5, 'CI020109470JP', '上海市', '2016-07-22', NULL, 1),
(2044, 5, 'CI020122215JP', '河北省', '2016-07-22', NULL, 1),
(2045, 2, 'RR901950341JP', '上海市', '2016-07-21', NULL, 1),
(2046, 2, 'RR901877978JP', '北京市', '2016-07-21', NULL, 1),
(2047, 5, 'CI021500510JP', '上海市', '2016-07-21', NULL, 1),
(2048, 2, 'RR901775086JP', '云南省', '2016-07-20', NULL, 1),
(2049, 2, 'RR901823935JP', '广东省', '2016-07-20', NULL, 1),
(2050, 2, 'RR901873066JP', '上海市', '2016-07-20', NULL, 1),
(2051, 2, 'RR901716423JP', '广东省', '2016-07-20', NULL, 1),
(2052, 2, 'RR901822912JP', '浙江省', '2016-07-20', NULL, 1),
(2053, 5, 'CI021578925JP', '广东省', '2016-07-20', NULL, 1),
(2054, 2, 'RR901873517JP', '四川省', '2016-07-20', NULL, 1),
(2055, 2, 'RR901758321JP', '浙江省', '2016-07-18', NULL, 1),
(2056, 2, 'RR901811543JP', '浙江省', '2016-07-18', NULL, 1),
(2057, 2, 'RR901756161JP', '江苏省', '2016-07-18', NULL, 1),
(2058, 2, 'RR901755020JP', '北京市', '2016-07-18', NULL, 1),
(2059, 2, 'RR901702305JP', '广东省', '2016-07-18', NULL, 1),
(2060, 5, 'CI021500188JP', '陕西省', '2016-07-17', NULL, 1),
(2061, 2, 'RR901624038JP', '上海市', '2016-07-17', NULL, 1),
(2062, 2, 'RR901910237JP', '四川省', '2016-07-17', NULL, 1),
(2063, 2, 'RR901907578JP', '上海市', '2016-07-17', NULL, 1),
(2064, 2, 'RR901893057JP', '广东省', '2016-07-15', NULL, 1),
(2065, 2, 'RR901575456JP', '上海市', '2016-07-15', NULL, 1),
(2066, 5, 'CI021637040JP', '黑龙江省', '2016-07-13', NULL, 1),
(2067, 5, 'CI020080586JP', '浙江省', '2016-07-13', NULL, 1);

-- --------------------------------------------------------

--
-- テーブルの構造 `ship_detail`
--

CREATE TABLE `ship_detail` (
  `id` int(11) NOT NULL,
  `ship` tinyint(3) NOT NULL,
  `number` varchar(12) NOT NULL,
  `weight` int(11) NOT NULL
) ENGINE=InnoDB DEFAULT CHARSET=utf8;

-- --------------------------------------------------------

--
-- テーブルの構造 `ship_price`
--

CREATE TABLE `ship_price` (
  `id` smallint(6) NOT NULL,
  `method` tinyint(1) NOT NULL,
  `weight_min` smallint(6) NOT NULL,
  `weight_max` smallint(6) NOT NULL,
  `price` smallint(6) NOT NULL
) ENGINE=InnoDB DEFAULT CHARSET=utf8;

--
-- テーブルのデータのダンプ `ship_price`
--

INSERT INTO `ship_price` (`id`, `method`, `weight_min`, `weight_max`, `price`) VALUES
(42, 1, 1, 500, 1400),
(43, 1, 501, 600, 1540),
(44, 1, 601, 700, 1680),
(45, 1, 701, 800, 1820),
(46, 1, 801, 900, 1960),
(47, 1, 901, 1000, 2100),
(48, 1, 1001, 1250, 2400),
(49, 1, 1251, 1500, 2700),
(50, 1, 1501, 1750, 3000),
(51, 1, 1751, 2000, 3300),
(52, 1, 2001, 2500, 3800),
(53, 1, 2501, 3000, 4300),
(54, 1, 3001, 3500, 4800),
(55, 1, 3501, 4000, 5300),
(56, 1, 4001, 4500, 5800),
(57, 1, 4501, 5000, 6300),
(58, 1, 5001, 5500, 6800),
(59, 1, 5501, 6000, 7300),
(60, 1, 6001, 7000, 8100),
(61, 1, 7001, 8000, 8900),
(62, 1, 8001, 9000, 9700),
(63, 1, 9001, 10000, 10500),
(64, 1, 10001, 11000, 11300),
(65, 1, 11001, 12000, 12100),
(66, 1, 12001, 13000, 12900),
(67, 1, 13001, 14000, 13700),
(68, 1, 14001, 15000, 14500),
(69, 1, 15001, 16000, 15300),
(70, 1, 16001, 17000, 16100),
(71, 1, 17001, 18000, 16900),
(72, 1, 18001, 19000, 17700),
(73, 1, 19001, 20000, 18500),
(74, 1, 20001, 21000, 19300),
(75, 1, 21001, 22000, 20100),
(76, 1, 22001, 23000, 20900),
(77, 1, 23001, 24000, 21700),
(78, 1, 24001, 25000, 22500),
(79, 1, 25001, 26000, 23300),
(80, 1, 26001, 27000, 24100),
(81, 1, 27001, 28000, 24900),
(82, 1, 28001, 29000, 25700),
(83, 1, 29001, 30000, 26500),
(84, 2, 1, 50, 530),
(85, 2, 51, 100, 580),
(86, 2, 101, 150, 630),
(87, 2, 151, 200, 680),
(88, 2, 201, 250, 730),
(89, 2, 251, 300, 780),
(90, 2, 301, 400, 880),
(91, 2, 401, 500, 980),
(92, 2, 501, 600, 1080),
(93, 2, 601, 700, 1180),
(94, 2, 701, 800, 1280),
(95, 2, 801, 900, 1380),
(96, 2, 901, 1000, 1480),
(101, 2, 1001, 1250, 1700),
(102, 2, 1251, 1500, 1920),
(103, 2, 1501, 1750, 2140),
(104, 2, 1751, 2000, 2360),
(128, 3, 1, 500, 1700),
(129, 3, 501, 1000, 2050),
(130, 3, 1001, 1500, 2400),
(131, 3, 1501, 2000, 2750),
(132, 3, 2001, 2500, 3100),
(133, 3, 2501, 3000, 3450),
(134, 3, 3001, 3500, 3800),
(135, 3, 3501, 4000, 4150),
(136, 3, 4001, 4500, 4500),
(137, 3, 4501, 5000, 4850),
(138, 3, 5001, 5500, 5150),
(139, 3, 5501, 6000, 5450),
(140, 3, 6001, 6500, 5750),
(141, 3, 6501, 7000, 6050),
(142, 3, 7001, 7500, 6350),
(143, 3, 7501, 8000, 6650),
(144, 3, 8001, 8500, 6950),
(145, 3, 8501, 9000, 7250),
(146, 3, 9001, 9500, 7550),
(147, 3, 9501, 10000, 7850),
(148, 3, 10001, 11000, 8250),
(149, 3, 11001, 12000, 8650),
(150, 3, 12001, 13000, 9050),
(151, 3, 13001, 14000, 9450),
(152, 3, 14001, 15000, 9850),
(153, 3, 15001, 16000, 10250),
(154, 3, 16001, 17000, 10650),
(155, 3, 17001, 18000, 11050),
(156, 3, 18001, 19000, 11450),
(157, 3, 19001, 20000, 11850),
(158, 3, 20001, 21000, 12250),
(159, 3, 21001, 22000, 12650),
(160, 3, 22001, 23000, 13050),
(161, 3, 23001, 24000, 13450),
(162, 3, 24001, 25000, 13850),
(163, 3, 25001, 26000, 14250),
(164, 3, 26001, 27000, 14650),
(165, 3, 27001, 28000, 15050),
(166, 3, 28001, 29000, 15450),
(167, 3, 29001, 30000, 15850),
(168, 4, 1, 1000, 1800),
(169, 4, 1001, 2000, 2400),
(170, 4, 2001, 3000, 3000),
(171, 4, 3001, 4000, 3600),
(172, 4, 4001, 5000, 4200),
(173, 4, 5001, 6000, 4700),
(174, 4, 6001, 7000, 5200),
(175, 4, 7001, 8000, 5700),
(176, 4, 8001, 9000, 6200),
(177, 4, 9001, 10000, 6700),
(178, 4, 10001, 11000, 7000),
(179, 4, 11001, 12000, 7300),
(180, 4, 12001, 13000, 7600),
(181, 4, 13001, 14000, 7900),
(182, 4, 14001, 15000, 8200),
(183, 4, 15001, 16000, 8500),
(184, 4, 16001, 17000, 8800),
(185, 4, 17001, 18000, 9100),
(186, 4, 18001, 19000, 9400),
(187, 4, 19001, 20000, 9700),
(188, 4, 20001, 21000, 10000),
(189, 4, 21001, 22000, 10300),
(190, 4, 22001, 23000, 10600),
(191, 4, 23001, 24000, 10900),
(192, 4, 24001, 25000, 11200),
(193, 4, 25001, 26000, 11500),
(194, 4, 26001, 27000, 11800),
(195, 4, 27001, 28000, 12100),
(196, 4, 28001, 29000, 12400),
(197, 4, 29001, 30000, 12700),
(198, 5, 1, 1000, 1600),
(199, 5, 1001, 2000, 1900),
(200, 5, 2001, 3000, 2200),
(201, 5, 3001, 4000, 2500),
(202, 5, 4001, 5000, 2800),
(203, 5, 5001, 6000, 3100),
(204, 5, 6001, 7000, 3400),
(205, 5, 7001, 8000, 3700),
(206, 5, 8001, 9000, 4000),
(207, 5, 9001, 10000, 4300),
(208, 5, 10001, 11000, 4550),
(209, 5, 11001, 12000, 4800),
(210, 5, 12001, 13000, 5050),
(211, 5, 13001, 14000, 5300),
(212, 5, 14001, 15000, 5550),
(213, 5, 15001, 16000, 5800),
(214, 5, 16001, 17000, 6050),
(215, 5, 17001, 18000, 6300),
(216, 5, 18001, 19000, 6550),
(217, 5, 19001, 20000, 6800),
(218, 5, 20001, 21000, 7050),
(219, 5, 21001, 22000, 7300),
(220, 5, 22001, 23000, 7550),
(221, 5, 23001, 24000, 7800),
(222, 5, 24001, 25000, 8050),
(223, 5, 25001, 26000, 8300),
(224, 5, 26001, 27000, 8550),
(225, 5, 27001, 28000, 8800),
(226, 5, 28001, 29000, 9050),
(227, 5, 29001, 30000, 9300);

-- --------------------------------------------------------

--
-- テーブルの構造 `shop`
--

CREATE TABLE `shop` (
  `id` tinyint(3) NOT NULL,
  `name` varchar(20) NOT NULL,
  `link` varchar(50) NOT NULL,
  `account` varchar(20) DEFAULT NULL,
  `fare` float NOT NULL DEFAULT '1'
) ENGINE=InnoDB DEFAULT CHARSET=utf8;

--
-- テーブルのデータのダンプ `shop`
--

INSERT INTO `shop` (`id`, `name`, `link`, `account`, `fare`) VALUES
(1, 'ヨドバシ', 'http://www.yodobashi.com', 'yokouei@gmail.com', 0.9),
(2, 'AMAZON', 'http://www.amazon.co.jp', 'yokouei@gmail.com', 1),
(3, 'LOHACO', 'https://lohaco.jp', 'yokouei@gmail.com', 1),
(4, 'BETTA', 'http://www.betta.co.jp', 'yokouei@gmail.com', 1.08),
(5, '犬印', 'http://www.inujirushi-shop.jp', 'yokouei@gmail.com', 1),
(6, '松本清', 'http://store.shopping.yahoo.co.jp/matsumotokiyoshi', 'yokouei@gmail.com', 1),
(7, 'OK', ' ', NULL, 1.08),
(8, 'HABA', 'https://www.haba.co.jp', 'yokouei2015', 1),
(9, 'FANCL', 'http://www.fancl.co.jp', '3107280440', 0.95),
(10, 'mama&kids', 'https://shopping.natural-s.jp', 'yokouei@gmail.com', 0.9),
(11, 'ワコール', 'http://store.wacoal.jp/', NULL, 1),
(12, 'YAHOO', 'http://store.shopping.yahoo.co.jp/', NULL, 1),
(13, 'BELLE', 'http://www.bellemaison.jp/', 'hellodianzhu', 1);

-- --------------------------------------------------------

--
-- テーブルの構造 `state`
--

CREATE TABLE `state` (
  `id` tinyint(2) UNSIGNED ZEROFILL NOT NULL,
  `name` varchar(10) NOT NULL,
  `create_time` datetime NOT NULL,
  `update_time` datetime NOT NULL
) ENGINE=InnoDB DEFAULT CHARSET=utf8;

-- --------------------------------------------------------

--
-- テーブルの構造 `user`
--

CREATE TABLE `user` (
  `id` int(10) UNSIGNED ZEROFILL NOT NULL,
  `name` varchar(10) NOT NULL,
  `state` tinyint(2) UNSIGNED ZEROFILL NOT NULL,
  `address` varchar(40) NOT NULL,
  `tel` varchar(11) NOT NULL,
  `rank` tinyint(1) UNSIGNED ZEROFILL NOT NULL
) ENGINE=InnoDB DEFAULT CHARSET=utf8;

--
-- Indexes for dumped tables
--

--
-- Indexes for table `branch`
--
ALTER TABLE `branch`
  ADD PRIMARY KEY (`id`),
  ADD UNIQUE KEY `branch_id_uindex` (`id`);

--
-- Indexes for table `brand`
--
ALTER TABLE `brand`
  ADD PRIMARY KEY (`id`),
  ADD UNIQUE KEY `brand_japanese_name_uindex` (`japanese_name`);

--
-- Indexes for table `buy`
--
ALTER TABLE `buy`
  ADD PRIMARY KEY (`id`),
  ADD UNIQUE KEY `buy_id_uindex` (`id`);

--
-- Indexes for table `buy_detail`
--
ALTER TABLE `buy_detail`
  ADD PRIMARY KEY (`id`),
  ADD UNIQUE KEY `buy_detail_id_uindex` (`id`);

--
-- Indexes for table `item`
--
ALTER TABLE `item`
  ADD PRIMARY KEY (`id`),
  ADD KEY `item_brand__fk` (`brand`),
  ADD KEY `item_shop__fk` (`shop`),
  ADD KEY `item_ship_price__fk` (`ship`);

--
-- Indexes for table `kind`
--
ALTER TABLE `kind`
  ADD PRIMARY KEY (`id`);

--
-- Indexes for table `platform`
--
ALTER TABLE `platform`
  ADD PRIMARY KEY (`id`),
  ADD UNIQUE KEY `platform_id_uindex` (`id`);

--
-- Indexes for table `profile`
--
ALTER TABLE `profile`
  ADD PRIMARY KEY (`id`),
  ADD UNIQUE KEY `profile_id_uindex` (`id`),
  ADD UNIQUE KEY `profile_order_id_uindex` (`order_id`);

--
-- Indexes for table `sale`
--
ALTER TABLE `sale`
  ADD PRIMARY KEY (`id`),
  ADD UNIQUE KEY `sale_id_uindex` (`id`);

--
-- Indexes for table `sale_detail`
--
ALTER TABLE `sale_detail`
  ADD PRIMARY KEY (`id`),
  ADD UNIQUE KEY `sale_detail_id_uindex` (`id`);

--
-- Indexes for table `ship`
--
ALTER TABLE `ship`
  ADD PRIMARY KEY (`id`);

--
-- Indexes for table `shipping`
--
ALTER TABLE `shipping`
  ADD PRIMARY KEY (`id`),
  ADD UNIQUE KEY `shipping_id_uindex` (`id`),
  ADD UNIQUE KEY `shipping_number_uindex` (`number`);

--
-- Indexes for table `ship_detail`
--
ALTER TABLE `ship_detail`
  ADD PRIMARY KEY (`id`),
  ADD UNIQUE KEY `ship_detail_id_uindex` (`id`);

--
-- Indexes for table `ship_price`
--
ALTER TABLE `ship_price`
  ADD PRIMARY KEY (`id`),
  ADD KEY `ship_price_fk` (`method`);

--
-- Indexes for table `shop`
--
ALTER TABLE `shop`
  ADD PRIMARY KEY (`id`),
  ADD UNIQUE KEY `shop_id_uindex` (`id`),
  ADD UNIQUE KEY `shop_name_uindex` (`name`);

--
-- Indexes for table `state`
--
ALTER TABLE `state`
  ADD PRIMARY KEY (`id`);

--
-- Indexes for table `user`
--
ALTER TABLE `user`
  ADD PRIMARY KEY (`id`);

--
-- AUTO_INCREMENT for dumped tables
--

--
-- AUTO_INCREMENT for table `branch`
--
ALTER TABLE `branch`
  MODIFY `id` tinyint(3) NOT NULL AUTO_INCREMENT;
--
-- AUTO_INCREMENT for table `brand`
--
ALTER TABLE `brand`
  MODIFY `id` tinyint(3) UNSIGNED ZEROFILL NOT NULL AUTO_INCREMENT, AUTO_INCREMENT=49;
--
-- AUTO_INCREMENT for table `buy`
--
ALTER TABLE `buy`
  MODIFY `id` int(8) NOT NULL AUTO_INCREMENT;
--
-- AUTO_INCREMENT for table `buy_detail`
--
ALTER TABLE `buy_detail`
  MODIFY `id` int(11) NOT NULL AUTO_INCREMENT;
--
-- AUTO_INCREMENT for table `item`
--
ALTER TABLE `item`
  MODIFY `id` int(10) UNSIGNED ZEROFILL NOT NULL AUTO_INCREMENT, AUTO_INCREMENT=402;
--
-- AUTO_INCREMENT for table `kind`
--
ALTER TABLE `kind`
  MODIFY `id` tinyint(3) UNSIGNED ZEROFILL NOT NULL AUTO_INCREMENT;
--
-- AUTO_INCREMENT for table `platform`
--
ALTER TABLE `platform`
  MODIFY `id` tinyint(3) NOT NULL AUTO_INCREMENT;
--
-- AUTO_INCREMENT for table `profile`
--
ALTER TABLE `profile`
  MODIFY `id` int(11) NOT NULL AUTO_INCREMENT, AUTO_INCREMENT=102;
--
-- AUTO_INCREMENT for table `sale`
--
ALTER TABLE `sale`
  MODIFY `id` int(11) NOT NULL AUTO_INCREMENT;
--
-- AUTO_INCREMENT for table `sale_detail`
--
ALTER TABLE `sale_detail`
  MODIFY `id` int(11) NOT NULL AUTO_INCREMENT;
--
-- AUTO_INCREMENT for table `ship`
--
ALTER TABLE `ship`
  MODIFY `id` tinyint(1) NOT NULL AUTO_INCREMENT, AUTO_INCREMENT=6;
--
-- AUTO_INCREMENT for table `shipping`
--
ALTER TABLE `shipping`
  MODIFY `id` int(11) NOT NULL AUTO_INCREMENT, AUTO_INCREMENT=2068;
--
-- AUTO_INCREMENT for table `ship_detail`
--
ALTER TABLE `ship_detail`
  MODIFY `id` int(11) NOT NULL AUTO_INCREMENT;
--
-- AUTO_INCREMENT for table `ship_price`
--
ALTER TABLE `ship_price`
  MODIFY `id` smallint(6) NOT NULL AUTO_INCREMENT, AUTO_INCREMENT=228;
--
-- AUTO_INCREMENT for table `shop`
--
ALTER TABLE `shop`
  MODIFY `id` tinyint(3) NOT NULL AUTO_INCREMENT, AUTO_INCREMENT=14;
--
-- AUTO_INCREMENT for table `state`
--
ALTER TABLE `state`
  MODIFY `id` tinyint(2) UNSIGNED ZEROFILL NOT NULL AUTO_INCREMENT;
--
-- AUTO_INCREMENT for table `user`
--
ALTER TABLE `user`
  MODIFY `id` int(10) UNSIGNED ZEROFILL NOT NULL AUTO_INCREMENT;
--
-- ダンプしたテーブルの制約
--

--
-- テーブルの制約 `item`
--
ALTER TABLE `item`
  ADD CONSTRAINT `item_brand__fk` FOREIGN KEY (`brand`) REFERENCES `brand` (`id`),
  ADD CONSTRAINT `item_ship_fk` FOREIGN KEY (`ship`) REFERENCES `ship` (`id`),
  ADD CONSTRAINT `item_shop__fk` FOREIGN KEY (`shop`) REFERENCES `shop` (`id`);

--
-- テーブルの制約 `ship_price`
--
ALTER TABLE `ship_price`
  ADD CONSTRAINT `ship_price_fk` FOREIGN KEY (`method`) REFERENCES `ship` (`id`);

/*!40101 SET CHARACTER_SET_CLIENT=@OLD_CHARACTER_SET_CLIENT */;
/*!40101 SET CHARACTER_SET_RESULTS=@OLD_CHARACTER_SET_RESULTS */;
/*!40101 SET COLLATION_CONNECTION=@OLD_COLLATION_CONNECTION */;
